content_id,track,status,locale_master,title_ko,slug,category,series_id,chapter_no,source_project,interactive_component
12-houses-of-life-areas,magazine,published,ko,점성술 12하우스: 인생의 무대가 펼쳐지는 곳,12-houses-of-life-areas,Mysticism,,,blog-oiyo,
12-stages-of-life-energy-cycle,magazine,published,ko,십이운성(12 Stages): 인생 에너지의 생로병사,12-stages-of-life-energy-cycle,Mysticism,,,blog-oiyo,
2025-year-of-blue-snake-fortune,magazine,published,ko,"2025년 을사년(乙巳年), 푸른 뱀의 해 운세 전망",2025-year-of-blue-snake-fortune,Mysticism,,,blog-oiyo,
2025-year-of-blue-snake-outlook,magazine,published,ko,"2025년 을사년(乙巳年) 전망: 푸른 뱀의 해, 지혜와 변혁의 서사",2025-year-of-blue-snake-outlook,Mysticism,,,blog-oiyo,
2027-year-rooster-forecast,magazine,published,ko,2027년 정유년 미리보기: 닭띠 해 운세와 12띠별 전망,2027-year-rooster-forecast,Fortune & Spirituality,,,blog-oiyo,
4-insurance-complete-guide,academy,published,ko,4대보험 완전 가이드: 국민연금·건강보험·고용보험·산재보험 요율·계산·혜택 총정리,4-insurance-complete-guide,Tax,,,blog-oiyo,
8-cognitive-functions-deep-dive,magazine,published,ko,MBTI 8기능 탐구: 4글자 뒤에 숨겨진 진짜 마음의 도구들,8-cognitive-functions-deep-dive,Mind & Psychology,,,blog-oiyo,
abilene-paradox-groupthink,magazine,published,ko,애빌린의 역설 (The Abilene Paradox),abilene-paradox-groupthink,Mind & Psychology,,,blog-oiyo,
abilene-paradox-groupthink-psychology,magazine,published,ko,애빌린 패러독스(Abilene Paradox): 원치 않는 곳으로 모두가 떠나는 이유,abilene-paradox-groupthink-psychology,Psychology,,,blog-oiyo,
academy-accounting-basics-ch1,academy,published,ko,Ch1. 회계학 개론 — 재무제표를 읽기 전에 알아야 할 기초,academy-accounting-basics-ch1,Academy,회계 기초,1,blog-oiyo,
academy-accounting-basics-ch10,academy,published,ko,Ch10. 재무비율 분석 — 숫자로 기업의 건강을 진단하는 법,academy-accounting-basics-ch10,Academy,회계 기초,10,blog-oiyo,
academy-accounting-basics-ch11,academy,live,ko,Ch11. 운전자본과 회전율 — 유동비율·당좌비율·매출채권회전율·재고회전율 읽는 법,academy-accounting-basics-ch11,Academy,회계 기초,11,blog-oiyo,
academy-accounting-basics-ch12,academy,live,ko,Ch12. 원가예산과 차이분석 — 고정예산·변동예산·예산차이·능률차이,academy-accounting-basics-ch12,Academy,회계 기초,12,blog-oiyo,
academy-accounting-basics-ch2,academy,published,ko,Ch2. 재무상태표 — 자산·부채·자본으로 기업을 읽는 법,academy-accounting-basics-ch2,Academy,회계 기초,2,blog-oiyo,
academy-accounting-basics-ch3,academy,published,ko,Ch3. 손익계산서 — 수익과 비용으로 기업 성과를 읽는 법,academy-accounting-basics-ch3,Academy,회계 기초,3,blog-oiyo,
academy-accounting-basics-ch4,academy,published,ko,Ch4. 현금흐름표 — 이익과 현금은 왜 다른가,academy-accounting-basics-ch4,Academy,회계 기초,4,blog-oiyo,
academy-accounting-basics-ch5,academy,published,ko,Ch5. 유형자산과 감가상각 — 고정자산의 취득에서 처분까지,academy-accounting-basics-ch5,Academy,회계 기초,5,blog-oiyo,
academy-accounting-basics-ch6,academy,published,ko,Ch6. 재고자산과 원가회계 — CVP 분석과 원가 계산의 기초,academy-accounting-basics-ch6,Academy,회계 기초,6,blog-oiyo,
academy-accounting-basics-ch7,academy,published,ko,Ch7. 세무회계 기초 — 법인세 신고와 세무 조정의 원리,academy-accounting-basics-ch7,Academy,회계 기초,7,blog-oiyo,
academy-accounting-basics-ch8,academy,published,ko,Ch8. 회계감사 — 재무제표는 믿을 수 있는가,academy-accounting-basics-ch8,Academy,회계 기초,8,blog-oiyo,
academy-accounting-basics-ch9,academy,published,ko,Ch9. IFRS와 한국채택국제회계기준 — 글로벌 회계 언어 이해하기,academy-accounting-basics-ch9,Academy,회계 기초,9,blog-oiyo,
academy-administrative-agent-exam-ch1,academy,published,ko,행정사 1차 집중 전략 — 민법·행정법·행정학·종합법률지식 4과목 공략,academy-administrative-agent-exam-ch1,Academy,행정사-시험,1,blog-oiyo,
academy-administrative-agent-exam-ch10,academy,published,ko,Ch10. 행정사 시험 최종 종합 — 전 과목 핵심 총정리,academy-administrative-agent-exam-ch10,Academy,행정사-시험,10,blog-oiyo,
academy-administrative-agent-exam-ch2,academy,published,ko,행정사 2차 완전 분석 — 민법 계약·행정절차·사무관리 사례형 전략,academy-administrative-agent-exam-ch2,Academy,행정사-시험,2,blog-oiyo,
academy-administrative-agent-exam-ch3,academy,published,ko,행정사 합격 후 진로 — 일반·외국어·기술 분야별 전문화와 현실 수입,academy-administrative-agent-exam-ch3,Academy,행정사-시험,3,blog-oiyo,
academy-administrative-agent-exam-ch4,academy,published,ko,"행정사 합격 후 실무 — 개업, 업무 영역, 수임 전략",academy-administrative-agent-exam-ch4,Academy,행정사-시험,4,blog-oiyo,
academy-administrative-agent-exam-ch5,academy,published,ko,행정사 D-100 최종 합격 전략 — 행정법 핵심 암기와 시험 당일 루틴,academy-administrative-agent-exam-ch5,Academy,행정사-시험,5,blog-oiyo,
academy-administrative-agent-exam-ch6,academy,published,ko,Ch6. 행정법 각론 심층 — 행정행위·행정쟁송,academy-administrative-agent-exam-ch6,Academy,행정사-시험,6,blog-oiyo,
academy-administrative-agent-exam-ch7,academy,published,ko,Ch7. 행정사법·민법 핵심 — 행정사 자격·업무범위·계약법,academy-administrative-agent-exam-ch7,Academy,행정사-시험,7,blog-oiyo,
academy-administrative-agent-exam-ch8,academy,published,ko,Ch8. 공문서 작성 실전 — 행정사 2차 서류 완성,academy-administrative-agent-exam-ch8,Academy,행정사-시험,8,blog-oiyo,
academy-administrative-agent-exam-ch9,academy,published,ko,Ch9. 행정사 기출 오답 분석 — 자주 틀리는 핵심 포인트,academy-administrative-agent-exam-ch9,Academy,행정사-시험,9,blog-oiyo,
academy-administrative-law-basics-ch1,academy,published,ko,Ch1. 행정법 총론 — 행정법의 기본 원칙과 법원,academy-administrative-law-basics-ch1,Academy,행정법 기초,1,blog-oiyo,
academy-administrative-law-basics-ch10,academy,published,ko,Ch10. 행정법 종합 정리 — 행정사·공인노무사 시험 핵심 암기,academy-administrative-law-basics-ch10,Academy,행정법 기초,10,blog-oiyo,
academy-administrative-law-basics-ch2,academy,published,ko,Ch2. 행정 행위 — 처분의 성립·효력·하자,academy-administrative-law-basics-ch2,Academy,행정법 기초,2,blog-oiyo,
academy-administrative-law-basics-ch3,academy,published,ko,Ch3. 행정 입법과 행정 계획 — 법규명령과 행정규칙,academy-administrative-law-basics-ch3,Academy,행정법 기초,3,blog-oiyo,
academy-administrative-law-basics-ch4,academy,published,ko,Ch4. 행정 절차법 — 처분의 사전통지·의견청취·이유제시,academy-administrative-law-basics-ch4,Academy,행정법 기초,4,blog-oiyo,
academy-administrative-law-basics-ch5,academy,published,ko,Ch5. 행정 강제 — 행정 대집행·이행강제금·행정 조사,academy-administrative-law-basics-ch5,Academy,행정법 기초,5,blog-oiyo,
academy-administrative-law-basics-ch6,academy,published,ko,Ch6. 행정 쟁송 — 행정 심판과 행정 소송,academy-administrative-law-basics-ch6,Academy,행정법 기초,6,blog-oiyo,
academy-administrative-law-basics-ch7,academy,published,ko,Ch7. 행정 손해배상과 손실보상 — 국가 책임의 구조,academy-administrative-law-basics-ch7,Academy,행정법 기초,7,blog-oiyo,
academy-administrative-law-basics-ch8,academy,published,ko,Ch8. 지방 자치법 — 지자체 조직과 자치권의 범위,academy-administrative-law-basics-ch8,Academy,행정법 기초,8,blog-oiyo,
academy-administrative-law-basics-ch9,academy,published,ko,Ch9. 공무원법 — 공무원의 의무·징계·신분 보장,academy-administrative-law-basics-ch9,Academy,행정법 기초,9,blog-oiyo,
academy-appraisal-theory-ch1,academy,published,ko,Ch1. 감정평가의 의의와 기본 원칙,academy-appraisal-theory-ch1,Academy,감정평가이론 기초,1,blog-oiyo,
academy-appraisal-theory-ch10,academy,published,ko,Ch10. 감정평가이론 종합 정리 — 3방식 비교와 실전 총정리,academy-appraisal-theory-ch10,Academy,감정평가이론 기초,10,blog-oiyo,
academy-appraisal-theory-ch2,academy,published,ko,Ch2. 원가방식 — 비용접근법과 감가수정,academy-appraisal-theory-ch2,Academy,감정평가이론 기초,2,blog-oiyo,
academy-appraisal-theory-ch3,academy,published,ko,Ch3. 비교방식 — 거래사례비교법과 사례 수집,academy-appraisal-theory-ch3,Academy,감정평가이론 기초,3,blog-oiyo,
academy-appraisal-theory-ch4,academy,published,ko,Ch4. 수익방식 — 수익환원법과 DCF법,academy-appraisal-theory-ch4,Academy,감정평가이론 기초,4,blog-oiyo,
academy-appraisal-theory-ch5,academy,published,ko,Ch5. 토지 감정평가 — 공시지가 체계와 토지 특성,academy-appraisal-theory-ch5,Academy,감정평가이론 기초,5,blog-oiyo,
academy-appraisal-theory-ch6,academy,published,ko,Ch6. 건물 감정평가 — 유형별 평가와 건물 특성,academy-appraisal-theory-ch6,Academy,감정평가이론 기초,6,blog-oiyo,
academy-appraisal-theory-ch7,academy,published,ko,Ch7. 복합 부동산 감정평가 — 토지·건물 일괄평가,academy-appraisal-theory-ch7,Academy,감정평가이론 기초,7,blog-oiyo,
academy-appraisal-theory-ch8,academy,published,ko,Ch8. 임대료 감정평가 — 실질임대료와 기대임대료,academy-appraisal-theory-ch8,Academy,감정평가이론 기초,8,blog-oiyo,
academy-appraisal-theory-ch9,academy,published,ko,Ch9. 특수 부동산 감정평가 — 공장·농지·임야,academy-appraisal-theory-ch9,Academy,감정평가이론 기초,9,blog-oiyo,
academy-appraiser-exam-ch1,academy,published,ko,감정평가사 1차 집중 전략 — 민법·경제학·부동산학·법규·회계학 5과목 공략,academy-appraiser-exam-ch1,Academy,- 감정평가사-시험,1,blog-oiyo,
academy-appraiser-exam-ch10,academy,published,ko,Ch10. 감정평가사 시험 최종 종합 — 전 과목 핵심 총정리,academy-appraiser-exam-ch10,Academy,감정평가사-시험,10,blog-oiyo,
academy-appraiser-exam-ch2,academy,published,ko,감정평가사 2차 완전 분석 — 감정평가실무·이론·보상법규 고득점 전략,academy-appraiser-exam-ch2,Academy,감정평가사-시험,2,blog-oiyo,
academy-appraiser-exam-ch3,academy,published,ko,감정평가사 합격 후 진로 — 감정평가법인·공공기관·부동산 컨설팅 트랙 비교,academy-appraiser-exam-ch3,Academy,감정평가사-시험,3,blog-oiyo,
academy-appraiser-exam-ch4,academy,published,ko,감정평가사 감정평가실무 완전 공략 — 3방식 계산과 답안 작성법,academy-appraiser-exam-ch4,Academy,감정평가사-시험,4,blog-oiyo,
academy-appraiser-exam-ch5,academy,published,ko,감정평가사 D-100 최종 합격 전략 — 실무 계산 완성과 수습 준비,academy-appraiser-exam-ch5,Academy,감정평가사-시험,5,blog-oiyo,
academy-appraiser-exam-ch6,academy,published,ko,Ch6. 감정평가실무 계산 — 수익환원법·거래사례비교법,academy-appraiser-exam-ch6,Academy,감정평가사-시험,6,blog-oiyo,
academy-appraiser-exam-ch7,academy,published,ko,Ch7. 부동산학·감정평가이론 — 지역분석·개별분석·최유효이용,academy-appraiser-exam-ch7,Academy,감정평가사-시험,7,blog-oiyo,
academy-appraiser-exam-ch8,academy,published,ko,Ch8. 민법·경제학 핵심 — 감정평가사 1차 주요 과목,academy-appraiser-exam-ch8,Academy,감정평가사-시험,8,blog-oiyo,
academy-appraiser-exam-ch9,academy,published,ko,Ch9. 감정평가사 기출 오답 분석 — 자주 틀리는 핵심 포인트,academy-appraiser-exam-ch9,Academy,감정평가사-시험,9,blog-oiyo,
academy-astrology-basics-ch1,academy,published,ko,Ch1. 점성술 입문 — 별자리와 행성이 우리에게 말하는 것,academy-astrology-basics-ch1,Academy,점성술 기초,1,blog-oiyo,
academy-astrology-basics-ch2,academy,published,ko,Ch2. 12별자리 완전 이해 — 원소·모달리티·각 별자리의 본질,academy-astrology-basics-ch2,Academy,점성술 기초,2,blog-oiyo,
academy-astrology-basics-ch3,academy,published,ko,Ch3. 10행성의 의미와 역할 — 태양부터 명왕성까지,academy-astrology-basics-ch3,Academy,점성술 기초,3,blog-oiyo,
academy-astrology-basics-ch4,academy,published,ko,Ch4. 12하우스 시스템 — 삶의 12가지 영역 완전 이해,academy-astrology-basics-ch4,Academy,점성술 기초,4,blog-oiyo,
academy-astrology-basics-ch5,academy,published,ko,Ch5. 어스펙트(Aspect) 해석 — 행성 간 각도가 만드는 에너지 패턴,academy-astrology-basics-ch5,Academy,점성술 기초,5,blog-oiyo,
academy-astrology-basics-ch6,academy,published,ko,Ch6. 출생차트 실전 읽기 — 3가지 사례로 배우는 종합 해석,academy-astrology-basics-ch6,Academy,점성술 기초,6,blog-oiyo,
academy-behavioral-economics-ch1,academy,published,ko,Ch1. 행동경제학 입문 — 인간은 왜 비합리적으로 결정하는가,academy-behavioral-economics-ch1,Academy,행동경제학,1,blog-oiyo,
academy-behavioral-economics-ch10,academy,published,ko,Ch10. 행동경제학의 실전 적용 — 더 나은 결정 시스템 설계하기,academy-behavioral-economics-ch10,Academy,행동경제학,10,blog-oiyo,
academy-behavioral-economics-ch2,academy,published,ko,Ch2. 현재 편향과 시간 할인 — 왜 미래의 나는 언제나 더 나은 결정을 할 것 같을까?,academy-behavioral-economics-ch2,Academy,행동경제학,2,blog-oiyo,
academy-behavioral-economics-ch3,academy,published,ko,Ch3. 확증 편향과 군중 심리 — 왜 우리는 이미 믿는 것만 믿는가,academy-behavioral-economics-ch3,Academy,행동경제학,3,blog-oiyo,
academy-behavioral-economics-ch4,academy,published,ko,Ch4. 매몰 비용과 후회 회피 — 왜 우리는 잘못된 선택을 계속하는가,academy-behavioral-economics-ch4,Academy,행동경제학,4,blog-oiyo,
academy-behavioral-economics-ch5,academy,published,ko,Ch5. 가용성 휴리스틱과 대표성 편향 — 쉽게 떠오르는 것이 진실이 아닌 이유,academy-behavioral-economics-ch5,Academy,행동경제학,5,blog-oiyo,
academy-behavioral-economics-ch6,academy,published,ko,Ch6. 자아 고갈과 의사결정 피로 — 왜 저녁에는 나쁜 선택을 더 많이 할까,academy-behavioral-economics-ch6,Academy,행동경제학,6,blog-oiyo,
academy-behavioral-economics-ch7,academy,published,ko,"Ch7. 프레이밍 효과와 선택 설계 — 같은 내용, 다른 결정",academy-behavioral-economics-ch7,Academy,행동경제학,7,blog-oiyo,
academy-behavioral-economics-ch8,academy,published,ko,Ch8. 사회적 증거와 사회적 규범 — 우리는 왜 타인을 따르는가,academy-behavioral-economics-ch8,Academy,행동경제학,8,blog-oiyo,
academy-behavioral-economics-ch9,academy,published,ko,Ch9. 멘탈 어카운팅 — 왜 우리는 같은 돈을 다르게 대우하는가,academy-behavioral-economics-ch9,Academy,행동경제학,9,blog-oiyo,
academy-business-consultant-exam-ch1,academy,published,ko,경영지도사 1차 집중 전략 — 경영학·재무·인사·생산·마케팅 4분야 공략,academy-business-consultant-exam-ch1,Academy,경영지도사-시험,1,blog-oiyo,
academy-business-consultant-exam-ch10,academy,published,ko,Ch10. 경영지도사 시험 최종 종합 — 전 과목 핵심 총정리,academy-business-consultant-exam-ch10,Academy,경영지도사-시험,10,blog-oiyo,
academy-business-consultant-exam-ch2,academy,published,ko,경영지도사 2차 완전 분석 — 진단보고서 작성과 컨설팅 실무 전략,academy-business-consultant-exam-ch2,Academy,경영지도사-시험,2,blog-oiyo,
academy-business-consultant-exam-ch3,academy,published,ko,경영지도사 합격 후 진로 — 중소기업 컨설팅·공공기관 지원·자문 창업 트랙,academy-business-consultant-exam-ch3,Academy,경영지도사-시험,3,blog-oiyo,
academy-business-consultant-exam-ch4,academy,published,ko,"경영지도사 합격 후 실무 — 컨설팅 현장, 업무 영역, 창업 전략",academy-business-consultant-exam-ch4,Academy,경영지도사-시험,4,blog-oiyo,
academy-business-consultant-exam-ch5,academy,published,ko,경영지도사 D-100 최종 합격 전략 — 1·2차 집중 마무리 플랜,academy-business-consultant-exam-ch5,Academy,경영지도사-시험,5,blog-oiyo,
academy-business-consultant-exam-ch6,academy,published,ko,Ch6. 마케팅·생산관리 — 경영지도사 2차 핵심 과목,academy-business-consultant-exam-ch6,Academy,경영지도사-시험,6,blog-oiyo,
academy-business-consultant-exam-ch7,academy,published,ko,Ch7. 재무관리·회계 — 경영지도사 핵심 재무 과목,academy-business-consultant-exam-ch7,Academy,경영지도사-시험,7,blog-oiyo,
academy-business-consultant-exam-ch8,academy,published,ko,Ch8. 인적자원·조직관리 — 경영지도사 HR·조직론,academy-business-consultant-exam-ch8,Academy,경영지도사-시험,8,blog-oiyo,
academy-business-consultant-exam-ch9,academy,published,ko,Ch9. 경영지도사 기출 오답 분석 — 자주 틀리는 핵심 포인트,academy-business-consultant-exam-ch9,Academy,경영지도사-시험,9,blog-oiyo,
academy-civil-law-basics-ch1,academy,published,ko,Ch1. 민법 총칙 — 법률행위·의사표시·대리의 기초,academy-civil-law-basics-ch1,Academy,민법 기초,1,blog-oiyo,
academy-civil-law-basics-ch10,academy,published,ko,Ch10. 민법 종합 정리 — 공인중개사·감정평가사 핵심 암기,academy-civil-law-basics-ch10,Academy,민법 기초,10,blog-oiyo,
academy-civil-law-basics-ch2,academy,published,ko,Ch2. 물권법 — 소유권·용익물권·담보물권 완전 정복,academy-civil-law-basics-ch2,Academy,민법 기초,2,blog-oiyo,
academy-civil-law-basics-ch3,academy,published,ko,Ch3. 채권법 총론 — 채권의 발생과 소멸·채무불이행,academy-civil-law-basics-ch3,Academy,민법 기초,3,blog-oiyo,
academy-civil-law-basics-ch4,academy,published,ko,Ch4. 계약법 — 계약의 성립·효력·해제와 주요 전형계약,academy-civil-law-basics-ch4,Academy,민법 기초,4,blog-oiyo,
academy-civil-law-basics-ch5,academy,published,ko,Ch5. 민법 친족·상속법 — 가족 관계와 재산 이전의 법,academy-civil-law-basics-ch5,Academy,민법 기초,5,blog-oiyo,
academy-civil-law-basics-ch6,academy,published,ko,Ch6. 주택임대차보호법 심화 — 보증금 보호의 모든 것,academy-civil-law-basics-ch6,Academy,민법 기초,6,blog-oiyo,
academy-civil-law-basics-ch7,academy,published,ko,Ch7. 집합건물법·가등기담보법 — 아파트 소유와 특수 담보,academy-civil-law-basics-ch7,Academy,민법 기초,7,blog-oiyo,
academy-civil-law-basics-ch8,academy,published,ko,Ch8. 상가건물임대차보호법 — 상가 임차인 보호의 모든 것,academy-civil-law-basics-ch8,Academy,민법 기초,8,blog-oiyo,
academy-civil-law-basics-ch9,academy,published,ko,Ch9. 부동산 등기 제도 — 등기의 효력과 실무,academy-civil-law-basics-ch9,Academy,민법 기초,9,blog-oiyo,
academy-civil-procedure-basics-ch1,academy,published,ko,Ch1. 민사소송 개관 — 민사소송의 의의와 소송 주체,academy-civil-procedure-basics-ch1,Academy,민사소송법 기초,1,blog-oiyo,
academy-civil-procedure-basics-ch10,academy,published,ko,Ch10. 민사소송법 종합 정리 — 핵심 개념과 실전 총정리,academy-civil-procedure-basics-ch10,Academy,민사소송법 기초,10,blog-oiyo,
academy-civil-procedure-basics-ch2,academy,published,ko,Ch2. 소제기·소장 — 소 제기 요건과 소장 기재 사항,academy-civil-procedure-basics-ch2,Academy,민사소송법 기초,2,blog-oiyo,
academy-civil-procedure-basics-ch3,academy,published,ko,Ch3. 변론 — 변론 절차와 당사자 주장,academy-civil-procedure-basics-ch3,Academy,민사소송법 기초,3,blog-oiyo,
academy-civil-procedure-basics-ch4,academy,published,ko,Ch4. 증거법 — 증거의 종류와 증명,academy-civil-procedure-basics-ch4,Academy,민사소송법 기초,4,blog-oiyo,
academy-civil-procedure-basics-ch5,academy,published,ko,Ch5. 판결 — 판결의 종류와 효력,academy-civil-procedure-basics-ch5,Academy,민사소송법 기초,5,blog-oiyo,
academy-civil-procedure-basics-ch6,academy,published,ko,Ch6. 강제집행 — 집행권원과 집행 절차,academy-civil-procedure-basics-ch6,Academy,민사소송법 기초,6,blog-oiyo,
academy-civil-procedure-basics-ch7,academy,published,ko,Ch7. 다수 당사자 소송,academy-civil-procedure-basics-ch7,Academy,민사소송법 기초,7,blog-oiyo,
academy-civil-procedure-basics-ch8,academy,published,ko,Ch8. 상소 절차 — 항소·상고·항고,academy-civil-procedure-basics-ch8,Academy,민사소송법 기초,8,blog-oiyo,
academy-civil-procedure-basics-ch9,academy,published,ko,Ch9. 특별 소송 절차 — 독촉·소액·가사·행정소송,academy-civil-procedure-basics-ch9,Academy,민사소송법 기초,9,blog-oiyo,
academy-commercial-law-basics-ch1,academy,published,ko,Ch1. 상법 총론 — 상인·상행위·상법의 체계,academy-commercial-law-basics-ch1,Academy,상법 기초,1,blog-oiyo,
academy-commercial-law-basics-ch10,academy,published,ko,Ch10. 상법 종합 정리 — 핵심 개념과 실전 총정리,academy-commercial-law-basics-ch10,Academy,상법 기초,10,blog-oiyo,
academy-commercial-law-basics-ch2,academy,published,ko,Ch2. 회사법 총론 — 회사의 종류와 설립,academy-commercial-law-basics-ch2,Academy,상법 기초,2,blog-oiyo,
academy-commercial-law-basics-ch3,academy,published,ko,Ch3. 주식회사 기관 — 이사회·대표이사·감사,academy-commercial-law-basics-ch3,Academy,상법 기초,3,blog-oiyo,
academy-commercial-law-basics-ch4,academy,published,ko,Ch4. 주식과 자본 — 주식 종류·자본금·배당,academy-commercial-law-basics-ch4,Academy,상법 기초,4,blog-oiyo,
academy-commercial-law-basics-ch5,academy,published,ko,Ch5. 주주 권리 — 의결권·소수주주권,academy-commercial-law-basics-ch5,Academy,상법 기초,5,blog-oiyo,
academy-commercial-law-basics-ch6,academy,published,ko,Ch6. 합병·분할·청산,academy-commercial-law-basics-ch6,Academy,상법 기초,6,blog-oiyo,
academy-commercial-law-basics-ch7,academy,published,ko,Ch7. 어음법 — 약속어음·환어음,academy-commercial-law-basics-ch7,Academy,상법 기초,7,blog-oiyo,
academy-commercial-law-basics-ch8,academy,published,ko,Ch8. 수표법,academy-commercial-law-basics-ch8,Academy,상법 기초,8,blog-oiyo,
academy-commercial-law-basics-ch9,academy,published,ko,Ch9. 보험법 기초,academy-commercial-law-basics-ch9,Academy,상법 기초,9,blog-oiyo,
academy-constitutional-law-basics-ch1,academy,published,ko,Ch1. 헌법의 의의와 기본 원리,academy-constitutional-law-basics-ch1,Academy,헌법 기초,1,blog-oiyo,
academy-constitutional-law-basics-ch10,academy,published,ko,Ch10. 헌법 종합 정리 — 기관 비교와 실전 총정리,academy-constitutional-law-basics-ch10,Academy,헌법 기초,10,blog-oiyo,
academy-constitutional-law-basics-ch2,academy,published,ko,Ch2. 기본권 총론 — 기본권의 성격과 제한,academy-constitutional-law-basics-ch2,Academy,헌법 기초,2,blog-oiyo,
academy-constitutional-law-basics-ch3,academy,published,ko,Ch3. 자유권 — 신체·표현·재산의 자유,academy-constitutional-law-basics-ch3,Academy,헌법 기초,3,blog-oiyo,
academy-constitutional-law-basics-ch4,academy,published,ko,Ch4. 평등권과 사회권 — 차별 금지와 복지 권리,academy-constitutional-law-basics-ch4,Academy,헌법 기초,4,blog-oiyo,
academy-constitutional-law-basics-ch5,academy,published,ko,Ch5. 참정권과 청구권 — 선거권과 기본권 구제,academy-constitutional-law-basics-ch5,Academy,헌법 기초,5,blog-oiyo,
academy-constitutional-law-basics-ch6,academy,published,ko,Ch6. 국회 — 구성·권한·입법 절차,academy-constitutional-law-basics-ch6,Academy,헌법 기초,6,blog-oiyo,
academy-constitutional-law-basics-ch7,academy,published,ko,Ch7. 대통령과 행정부 — 권한·임기·책임,academy-constitutional-law-basics-ch7,Academy,헌법 기초,7,blog-oiyo,
academy-constitutional-law-basics-ch8,academy,published,ko,Ch8. 법원과 사법권 — 재판 제도와 사법부 독립,academy-constitutional-law-basics-ch8,Academy,헌법 기초,8,blog-oiyo,
academy-constitutional-law-basics-ch9,academy,published,ko,Ch9. 헌법재판소 — 위헌심판과 헌법소원,academy-constitutional-law-basics-ch9,Academy,헌법 기초,9,blog-oiyo,
academy-cpa-exam-ch1,academy,published,ko,CPA 1차 집중 전략 — 회계학·경영학·경제원론·상법·세법 5과목 공략,academy-cpa-exam-ch1,Academy,공인회계사-시험,1,blog-oiyo,
academy-cpa-exam-ch10,academy,published,ko,Ch10. 공인회계사 시험 최종 종합 — 전 과목 핵심 총정리,academy-cpa-exam-ch10,Academy,공인회계사-시험,10,blog-oiyo,
academy-cpa-exam-ch2,academy,published,ko,CPA 2차 재무회계·원가관리회계 — K-IFRS 논리와 계산 고득점 전략,academy-cpa-exam-ch2,Academy,공인회계사-시험,2,blog-oiyo,
academy-cpa-exam-ch3,academy,published,ko,CPA 2차 감사·세법·재무관리 + Big 4 vs 중견법인 진로 선택,academy-cpa-exam-ch3,Academy,공인회계사-시험,3,blog-oiyo,
academy-cpa-exam-ch4,academy,published,ko,"공인회계사 2차 회계감사 완전 공략 — ISA 기준, 감사 절차, 의견 유형",academy-cpa-exam-ch4,Academy,공인회계사-시험,4,blog-oiyo,
academy-cpa-exam-ch5,academy,published,ko,공인회계사 D-100 최종 합격 전략 — Big 4 입사까지의 로드맵,academy-cpa-exam-ch5,Academy,공인회계사-시험,5,blog-oiyo,
academy-cpa-exam-ch6,academy,published,ko,Ch6. 재무회계 심층 — IFRS·자산·부채 회계처리,academy-cpa-exam-ch6,Academy,공인회계사-시험,6,blog-oiyo,
academy-cpa-exam-ch7,academy,published,ko,Ch7. 원가관리회계 — 원가계산·CVP·예산관리,academy-cpa-exam-ch7,Academy,공인회계사-시험,7,blog-oiyo,
academy-cpa-exam-ch8,academy,published,ko,Ch8. 세무회계 심층 — 법인세·소득세·부가가치세,academy-cpa-exam-ch8,Academy,공인회계사-시험,8,blog-oiyo,
academy-cpa-exam-ch9,academy,published,ko,Ch9. 공인회계사 기출 오답 분석 — 자주 틀리는 핵심 포인트,academy-cpa-exam-ch9,Academy,공인회계사-시험,9,blog-oiyo,
academy-criminal-law-basics-ch1,academy,published,ko,Ch1. 형법 개론 — 형법의 의의와 기본 원칙,academy-criminal-law-basics-ch1,Academy,형법 기초,1,blog-oiyo,
academy-criminal-law-basics-ch10,academy,published,ko,Ch10. 형법 종합 정리 — 핵심 개념과 실전 총정리,academy-criminal-law-basics-ch10,Academy,형법 기초,10,blog-oiyo,
academy-criminal-law-basics-ch2,academy,published,ko,Ch2. 범죄론 — 구성요건·위법성·책임,academy-criminal-law-basics-ch2,Academy,형법 기초,2,blog-oiyo,
academy-criminal-law-basics-ch3,academy,published,ko,Ch3. 미수론·공범론,academy-criminal-law-basics-ch3,Academy,형법 기초,3,blog-oiyo,
academy-criminal-law-basics-ch4,academy,published,ko,Ch4. 형벌론 — 형벌 종류와 양형,academy-criminal-law-basics-ch4,Academy,형법 기초,4,blog-oiyo,
academy-criminal-law-basics-ch5,academy,published,ko,Ch5. 생명·신체 범죄,academy-criminal-law-basics-ch5,Academy,형법 기초,5,blog-oiyo,
academy-criminal-law-basics-ch6,academy,published,ko,Ch6. 자유·명예·재산 범죄,academy-criminal-law-basics-ch6,Academy,형법 기초,6,blog-oiyo,
academy-criminal-law-basics-ch7,academy,published,ko,Ch7. 성범죄·가정범죄,academy-criminal-law-basics-ch7,Academy,형법 기초,7,blog-oiyo,
academy-criminal-law-basics-ch8,academy,published,ko,Ch8. 국가·사회 범죄,academy-criminal-law-basics-ch8,Academy,형법 기초,8,blog-oiyo,
academy-criminal-law-basics-ch9,academy,published,ko,Ch9. 형사소송법 기초,academy-criminal-law-basics-ch9,Academy,형법 기초,9,blog-oiyo,
academy-criminal-procedure-basics-ch1,academy,published,ko,Ch1. 형사소송법 개요 — 목적·기본원칙·소송구조,academy-criminal-procedure-basics-ch1,Academy,형사소송법-기초,1,blog-oiyo,
academy-criminal-procedure-basics-ch10,academy,published,ko,Ch10. 형사소송법 기초 종합 — 핵심 정리 & 최종 점검,academy-criminal-procedure-basics-ch10,Academy,형사소송법-기초,10,blog-oiyo,
academy-criminal-procedure-basics-ch2,academy,published,ko,Ch2. 수사 절차 — 수사의 개시와 진행,academy-criminal-procedure-basics-ch2,Academy,형사소송법-기초,2,blog-oiyo,
academy-criminal-procedure-basics-ch3,academy,published,ko,Ch3. 체포·구속 — 신체의 자유와 영장 제도,academy-criminal-procedure-basics-ch3,Academy,형사소송법-기초,3,blog-oiyo,
academy-criminal-procedure-basics-ch4,academy,published,ko,Ch4. 증거법칙 — 증거 능력과 증명력,academy-criminal-procedure-basics-ch4,Academy,형사소송법-기초,4,blog-oiyo,
academy-criminal-procedure-basics-ch5,academy,published,ko,Ch5. 공소 제기 — 기소와 불기소 처분,academy-criminal-procedure-basics-ch5,Academy,형사소송법-기초,5,blog-oiyo,
academy-criminal-procedure-basics-ch6,academy,published,ko,Ch6. 공판 절차 — 재판의 진행과 심리,academy-criminal-procedure-basics-ch6,Academy,형사소송법-기초,6,blog-oiyo,
academy-criminal-procedure-basics-ch7,academy,published,ko,Ch7. 판결·상소 — 선고에서 확정까지,academy-criminal-procedure-basics-ch7,Academy,형사소송법-기초,7,blog-oiyo,
academy-criminal-procedure-basics-ch8,academy,published,ko,Ch8. 특별 절차 — 약식·즉결·소년·국민참여재판,academy-criminal-procedure-basics-ch8,Academy,형사소송법-기초,8,blog-oiyo,
academy-criminal-procedure-basics-ch9,academy,published,ko,Ch9. 형사소송법 기초 — 기출 오답 분석,academy-criminal-procedure-basics-ch9,Academy,형사소송법-기초,9,blog-oiyo,
academy-economics-basics-ch1,academy,published,ko,Ch1. 경제학의 기초 개념 — 희소성·기회비용·경제 체계,academy-economics-basics-ch1,Academy,경제학 기초,1,blog-oiyo,
academy-economics-basics-ch10,academy,published,ko,Ch10. 경제학 종합 정리 — 미시·거시 핵심 공식 총정리,academy-economics-basics-ch10,Academy,경제학 기초,10,blog-oiyo,
academy-economics-basics-ch2,academy,published,ko,Ch2. 수요와 공급 — 시장 가격 결정,academy-economics-basics-ch2,Academy,경제학 기초,2,blog-oiyo,
academy-economics-basics-ch3,academy,published,ko,Ch3. 소비자 이론 — 효용·무차별곡선·예산제약,academy-economics-basics-ch3,Academy,경제학 기초,3,blog-oiyo,
academy-economics-basics-ch4,academy,published,ko,Ch4. 생산자 이론 — 비용 구조와 이윤 극대화,academy-economics-basics-ch4,Academy,경제학 기초,4,blog-oiyo,
academy-economics-basics-ch5,academy,published,ko,Ch5. 시장 구조 — 완전경쟁·독점·과점,academy-economics-basics-ch5,Academy,경제학 기초,5,blog-oiyo,
academy-economics-basics-ch6,academy,published,ko,Ch6. 시장 실패와 정부 개입 — 외부효과·공공재·정보비대칭,academy-economics-basics-ch6,Academy,경제학 기초,6,blog-oiyo,
academy-economics-basics-ch7,academy,published,ko,Ch7. 국민소득과 거시경제 — GDP·물가·경기순환,academy-economics-basics-ch7,Academy,경제학 기초,7,blog-oiyo,
academy-economics-basics-ch8,academy,published,ko,Ch8. 화폐·금융·통화정책 — 중앙은행과 금리,academy-economics-basics-ch8,Academy,경제학 기초,8,blog-oiyo,
academy-economics-basics-ch9,academy,published,ko,Ch9. 재정정책과 국제경제 — 정부 지출·환율·무역,academy-economics-basics-ch9,Academy,경제학 기초,9,blog-oiyo,
academy-economics-core-ch1,academy,published,ko,Ch1. 미시경제학 입문 — 수요·공급 법칙과 시장의 작동 원리,academy-economics-core-ch1,Academy,경제학 핵심,1,blog-oiyo,
academy-economics-core-ch10,academy,published,ko,Ch10. 경제학 실전 종합 — 취업 시험과 시사 경제 완전 정복,academy-economics-core-ch10,Academy,경제학 핵심,10,blog-oiyo,
academy-economics-core-ch11,academy,published,ko,"Ch11. 국제무역론 — 비교우위, 무역정책, 환율의 경제학",academy-economics-core-ch11,Academy,경제학 핵심,11,blog-oiyo,
academy-economics-core-ch12,academy,published,ko,Ch12. 후생경제학과 소득분배 — 시장의 공정성과 정부 개입의 경계,academy-economics-core-ch12,Academy,경제학 핵심,12,blog-oiyo,
academy-economics-core-ch2,academy,published,ko,"Ch2. 소비자 이론 — 효용, 무차별곡선, 예산 제약과 최적 선택",academy-economics-core-ch2,Academy,경제학 핵심,2,blog-oiyo,
academy-economics-core-ch3,academy,published,ko,"Ch3. 생산자 이론 — 비용, 이윤 극대화, 시장 구조",academy-economics-core-ch3,Academy,경제학 핵심,3,blog-oiyo,
academy-economics-core-ch4,academy,published,ko,"Ch4. 거시경제학 입문 — GDP, 국민소득, 물가와 인플레이션",academy-economics-core-ch4,Academy,경제학 핵심,4,blog-oiyo,
academy-economics-core-ch5,academy,published,ko,Ch5. 재정정책과 통화정책 — 정부와 중앙은행은 어떻게 경기를 조절하는가,academy-economics-core-ch5,Academy,경제학 핵심,5,blog-oiyo,
academy-economics-core-ch6,academy,published,ko,"Ch6. 국제무역과 환율 — 비교우위, 자유무역, 환율 결정 메커니즘",academy-economics-core-ch6,Academy,경제학 핵심,6,blog-oiyo,
academy-economics-core-ch7,academy,published,ko,"Ch7. 경제 성장 이론 — 자본 축적, 기술 혁신, 장기 성장의 원동력",academy-economics-core-ch7,Academy,경제학 핵심,7,blog-oiyo,
academy-economics-core-ch8,academy,published,ko,Ch8. AD-AS 모형과 경기 변동 — 총수요·총공급으로 경제를 읽는 법,academy-economics-core-ch8,Academy,경제학 핵심,8,blog-oiyo,
academy-economics-core-ch9,academy,published,ko,Ch9. 행동경제학 — 인간은 왜 비합리적으로 행동하는가,academy-economics-core-ch9,Academy,경제학 핵심,9,blog-oiyo,
academy-financial-accounting-advanced-ch1,academy,published,ko,Ch1. 재무회계 심화 — 재무제표 분석의 핵심: 숫자 너머를 읽는 법,academy-financial-accounting-advanced-ch1,Academy,재무회계 심화,1,blog-oiyo,
academy-financial-accounting-advanced-ch2,academy,published,ko,Ch2. 재무비율 심층 분석 — 수익성·안정성·성장성·효율성 4축 완전 해석,academy-financial-accounting-advanced-ch2,Academy,재무회계 심화,2,blog-oiyo,
academy-financial-accounting-advanced-ch3,academy,published,ko,Ch3. 현금흐름 심화 분석 — 기업의 진짜 체력을 보는 법,academy-financial-accounting-advanced-ch3,Academy,재무회계 심화,3,blog-oiyo,
academy-financial-accounting-advanced-ch4,academy,published,ko,Ch4. 기업 가치 평가 방법론 — DCF·상대가치·자산가치 완전 분석,academy-financial-accounting-advanced-ch4,Academy,재무회계 심화,4,blog-oiyo,
academy-financial-accounting-advanced-ch5,academy,published,ko,Ch5. 특수 회계와 산업별 회계 — 금융·부동산·바이오·IT SaaS,academy-financial-accounting-advanced-ch5,Academy,재무회계 심화,5,blog-oiyo,
academy-financial-management-basics-ch1,academy,published,ko,Ch1. 재무관리 개론 — 화폐의 시간가치와 현재가치,academy-financial-management-basics-ch1,Academy,재무관리 기초,1,blog-oiyo,
academy-financial-management-basics-ch10,academy,published,ko,Ch10. 재무관리 종합 정리 — 세무사·회계사·CFA 핵심 암기,academy-financial-management-basics-ch10,Academy,재무관리 기초,10,blog-oiyo,
academy-financial-management-basics-ch2,academy,published,ko,Ch2. 자본 예산 — NPV·IRR·회수기간으로 투자 결정하기,academy-financial-management-basics-ch2,Academy,재무관리 기초,2,blog-oiyo,
academy-financial-management-basics-ch3,academy,published,ko,Ch3. 위험과 수익률 — 포트폴리오 이론과 CAPM,academy-financial-management-basics-ch3,Academy,재무관리 기초,3,blog-oiyo,
academy-financial-management-basics-ch4,academy,published,ko,Ch4. 자본 구조 이론 — MM 정리와 최적 자본 구조,academy-financial-management-basics-ch4,Academy,재무관리 기초,4,blog-oiyo,
academy-financial-management-basics-ch5,academy,published,ko,Ch5. 배당 정책 — 배당의 결정과 주주 가치의 관계,academy-financial-management-basics-ch5,Academy,재무관리 기초,5,blog-oiyo,
academy-financial-management-basics-ch6,academy,published,ko,Ch6. 채권 가격과 수익률 — 채권 투자의 기본,academy-financial-management-basics-ch6,Academy,재무관리 기초,6,blog-oiyo,
academy-financial-management-basics-ch7,academy,published,ko,Ch7. 주식 가치 평가 — PER·PBR·배당 평가 모형,academy-financial-management-basics-ch7,Academy,재무관리 기초,7,blog-oiyo,
academy-financial-management-basics-ch8,academy,published,ko,Ch8. 파생상품 기초 — 선물·옵션·스왑의 이해,academy-financial-management-basics-ch8,Academy,재무관리 기초,8,blog-oiyo,
academy-financial-management-basics-ch9,academy,published,ko,Ch9. 운전 자본 관리 — 유동성과 단기 자금 조달,academy-financial-management-basics-ch9,Academy,재무관리 기초,9,blog-oiyo,
academy-hrm-basics-ch1,academy,published,ko,Ch1. 인사관리 개요 — HRM 개념·발전·전략적 인사관리,academy-hrm-basics-ch1,Academy,인사관리-기초,1,blog-oiyo,
academy-hrm-basics-ch10,academy,published,ko,Ch10. 인사관리 기초 종합 — 전 범위 핵심 총정리,academy-hrm-basics-ch10,Academy,인사관리-기초,10,blog-oiyo,
academy-hrm-basics-ch2,academy,published,ko,Ch2. 직무분석·직무설계 — 직무 체계와 조직 설계,academy-hrm-basics-ch2,Academy,인사관리-기초,2,blog-oiyo,
academy-hrm-basics-ch3,academy,published,ko,Ch3. 채용·선발 — 인력 계획과 선발 도구,academy-hrm-basics-ch3,Academy,인사관리-기초,3,blog-oiyo,
academy-hrm-basics-ch4,academy,published,ko,Ch4. 교육훈련·경력 개발 — HRD와 역량 개발,academy-hrm-basics-ch4,Academy,인사관리-기초,4,blog-oiyo,
academy-hrm-basics-ch5,academy,published,ko,Ch5. 성과관리·평가 — 목표설정부터 평가 오류까지,academy-hrm-basics-ch5,Academy,인사관리-기초,5,blog-oiyo,
academy-hrm-basics-ch6,academy,published,ko,Ch6. 임금·보상 관리 — 직무급·연공급·성과급 체계,academy-hrm-basics-ch6,Academy,인사관리-기초,6,blog-oiyo,
academy-hrm-basics-ch7,academy,published,ko,Ch7. 동기부여 이론 — 내용·과정·강화 이론 총정리,academy-hrm-basics-ch7,Academy,인사관리-기초,7,blog-oiyo,
academy-hrm-basics-ch8,academy,published,ko,Ch8. 리더십·조직문화 — 리더십 이론과 조직 개발,academy-hrm-basics-ch8,Academy,인사관리-기초,8,blog-oiyo,
academy-hrm-basics-ch9,academy,published,ko,Ch9. 노사관계·인사관리 기출 오답 분석,academy-hrm-basics-ch9,Academy,인사관리-기초,9,blog-oiyo,
academy-insurance-basics-ch1,academy,published,ko,Ch1. 보험학 개요 — 위험관리와 보험의 본질,academy-insurance-basics-ch1,Academy,보험학-기초,1,blog-oiyo,
academy-insurance-basics-ch10,academy,published,ko,Ch10. 보험학 기초 종합 — 핵심 정리 & 최종 점검,academy-insurance-basics-ch10,Academy,보험학-기초,10,blog-oiyo,
academy-insurance-basics-ch2,academy,published,ko,Ch2. 보험 계약법 — 보험계약의 특성과 원칙,academy-insurance-basics-ch2,Academy,보험학-기초,2,blog-oiyo,
academy-insurance-basics-ch3,academy,published,ko,Ch3. 생명보험 — 종류와 구조,academy-insurance-basics-ch3,Academy,보험학-기초,3,blog-oiyo,
academy-insurance-basics-ch4,academy,published,ko,Ch4. 손해보험 — 화재·자동차·해상보험,academy-insurance-basics-ch4,Academy,보험학-기초,4,blog-oiyo,
academy-insurance-basics-ch5,academy,published,ko,Ch5. 제3보험·책임보험 — 상해·건강·배상책임,academy-insurance-basics-ch5,Academy,보험학-기초,5,blog-oiyo,
academy-insurance-basics-ch6,academy,published,ko,Ch6. 사회보험 — 국민건강·국민연금·산재·고용보험,academy-insurance-basics-ch6,Academy,보험학-기초,6,blog-oiyo,
academy-insurance-basics-ch7,academy,published,ko,Ch7. 보험 모집·감독 — 보험업법과 규제,academy-insurance-basics-ch7,Academy,보험학-기초,7,blog-oiyo,
academy-insurance-basics-ch8,academy,published,ko,Ch8. 재보험과 보험 리스크 관리,academy-insurance-basics-ch8,Academy,보험학-기초,8,blog-oiyo,
academy-insurance-basics-ch9,academy,published,ko,Ch9. 보험학 기초 — 기출 오답 분석,academy-insurance-basics-ch9,Academy,보험학-기초,9,blog-oiyo,
academy-judicial-scrivener-exam-ch1,academy,published,ko,법무사 1차 집중 전략 — 헌법·상법·민소법·형법·형소법 5과목 공략,academy-judicial-scrivener-exam-ch1,Academy,법무사-시험,1,blog-oiyo,
academy-judicial-scrivener-exam-ch10,academy,published,ko,Ch10. 법무사 시험 최종 종합 — 전 과목 핵심 총정리,academy-judicial-scrivener-exam-ch10,Academy,법무사-시험,10,blog-oiyo,
academy-judicial-scrivener-exam-ch2,academy,published,ko,법무사 2차 완전 분석 — 민법·부동산등기법·상업등기법·공탁법 사례형 전략,academy-judicial-scrivener-exam-ch2,Academy,법무사-시험,2,blog-oiyo,
academy-judicial-scrivener-exam-ch3,academy,published,ko,법무사 합격 후 진로 — 법무사 사무소·법원 경매·부동산 등기 전문화 트랙,academy-judicial-scrivener-exam-ch3,Academy,법무사-시험,3,blog-oiyo,
academy-judicial-scrivener-exam-ch4,academy,published,ko,법무사 2차 서면 작성 완전 공략 — 등기신청서·소장 작성 실전,academy-judicial-scrivener-exam-ch4,Academy,법무사-시험,4,blog-oiyo,
academy-judicial-scrivener-exam-ch5,academy,published,ko,법무사 D-100 최종 합격 전략 — 서면 작성 완성과 개업 준비,academy-judicial-scrivener-exam-ch5,Academy,법무사-시험,5,blog-oiyo,
academy-judicial-scrivener-exam-ch6,academy,published,ko,Ch6. 민법 각론 심층 — 계약법·불법행위·상속,academy-judicial-scrivener-exam-ch6,Academy,법무사-시험,6,blog-oiyo,
academy-judicial-scrivener-exam-ch7,academy,published,ko,Ch7. 등기법 실무 심층 — 등기 신청·이의·말소,academy-judicial-scrivener-exam-ch7,Academy,법무사-시험,7,blog-oiyo,
academy-judicial-scrivener-exam-ch8,academy,published,ko,Ch8. 민사소송법·비송사건 — 법무사 핵심 절차법,academy-judicial-scrivener-exam-ch8,Academy,법무사-시험,8,blog-oiyo,
academy-judicial-scrivener-exam-ch9,academy,published,ko,Ch9. 법무사 기출 오답 분석 — 자주 틀리는 핵심 포인트,academy-judicial-scrivener-exam-ch9,Academy,법무사-시험,9,blog-oiyo,
academy-labor-attorney-exam-ch1,academy,published,ko,공인노무사 1차 집중 전략 — 노동법·민법·사회보험법 핵심 공략,academy-labor-attorney-exam-ch1,Academy,공인노무사-시험,1,blog-oiyo,
academy-labor-attorney-exam-ch10,academy,published,ko,Ch10. 공인노무사 시험 최종 종합 — 전 과목 핵심 총정리,academy-labor-attorney-exam-ch10,Academy,공인노무사-시험,10,blog-oiyo,
academy-labor-attorney-exam-ch2,academy,published,ko,공인노무사 2차 완전 분석 — 노동법 사례형·인사관리론·행정쟁송법 고득점 전략,academy-labor-attorney-exam-ch2,Academy,공인노무사-시험,2,blog-oiyo,
academy-labor-attorney-exam-ch3,academy,published,ko,공인노무사 합격 후 현실 — 노무법인·기업 인사노무·자문업 진로 완전 가이드,academy-labor-attorney-exam-ch3,Academy,공인노무사-시험,3,blog-oiyo,
academy-labor-attorney-exam-ch4,academy,published,ko,공인노무사 2차 합격 전략 — 노동법 IRAC 답안 완성 가이드,academy-labor-attorney-exam-ch4,Academy,공인노무사-시험,4,blog-oiyo,
academy-labor-attorney-exam-ch5,academy,published,ko,공인노무사 D-100 최종 합격 전략 — 과목별 막판 집중과 실전 루틴,academy-labor-attorney-exam-ch5,Academy,공인노무사-시험,5,blog-oiyo,
academy-labor-attorney-exam-ch6,academy,published,ko,Ch6. 근로기준법 심층 — 근로조건·해고·근로시간,academy-labor-attorney-exam-ch6,Academy,공인노무사-시험,6,blog-oiyo,
academy-labor-attorney-exam-ch7,academy,published,ko,Ch7. 노동조합법·쟁의행위 — 단체교섭·파업·부당노동행위,academy-labor-attorney-exam-ch7,Academy,공인노무사-시험,7,blog-oiyo,
academy-labor-attorney-exam-ch8,academy,published,ko,Ch8. 사회보험법 심층 — 고용·산재·건강보험,academy-labor-attorney-exam-ch8,Academy,공인노무사-시험,8,blog-oiyo,
academy-labor-attorney-exam-ch9,academy,published,ko,Ch9. 공인노무사 기출 오답 분석 — 자주 틀리는 핵심 포인트,academy-labor-attorney-exam-ch9,Academy,공인노무사-시험,9,blog-oiyo,
academy-labor-law-basic-ch1,academy,published,ko,Ch1. 노동법 기초 — 근로기준법의 구조와 근로계약,academy-labor-law-basic-ch1,Academy,노동법 기초,1,blog-oiyo,
academy-labor-law-basic-ch10,academy,published,ko,Ch10. 노동법 종합 정리 — 취업·면접을 위한 핵심 요약,academy-labor-law-basic-ch10,Academy,노동법 기초,10,blog-oiyo,
academy-labor-law-basic-ch2,academy,published,ko,Ch2. 근로시간과 휴게·휴일 — 법정 근로시간과 연장근로 규정,academy-labor-law-basic-ch2,Academy,노동법 기초,2,blog-oiyo,
academy-labor-law-basic-ch3,academy,published,ko,Ch3. 임금과 최저임금 — 임금의 법적 정의와 근로자 권리,academy-labor-law-basic-ch3,Academy,노동법 기초,3,blog-oiyo,
academy-labor-law-basic-ch4,academy,published,ko,Ch4. 연차 유급휴가와 출산·육아 휴가 — 근로자의 휴가 권리,academy-labor-law-basic-ch4,Academy,노동법 기초,4,blog-oiyo,
academy-labor-law-basic-ch5,academy,published,ko,Ch5. 해고와 해고 구제 — 부당해고란 무엇이고 어떻게 다투는가,academy-labor-law-basic-ch5,Academy,노동법 기초,5,blog-oiyo,
academy-labor-law-basic-ch6,academy,published,ko,Ch6. 퇴직금과 퇴직연금 — 계산법과 수령 방법,academy-labor-law-basic-ch6,Academy,노동법 기초,6,blog-oiyo,
academy-labor-law-basic-ch7,academy,published,ko,Ch7. 직장 내 괴롭힘과 성희롱 — 법적 정의와 피해자 권리,academy-labor-law-basic-ch7,Academy,노동법 기초,7,blog-oiyo,
academy-labor-law-basic-ch8,academy,published,ko,Ch8. 노동조합과 단체교섭 — 집단적 노사관계의 법적 구조,academy-labor-law-basic-ch8,Academy,노동법 기초,8,blog-oiyo,
academy-labor-law-basic-ch9,academy,published,ko,Ch9. 산업재해와 4대보험 — 근로자 사회안전망의 구조,academy-labor-law-basic-ch9,Academy,노동법 기초,9,blog-oiyo,
academy-labor-law-basics-ch1,academy,published,ko,Ch1. 노동법 총론 — 노동법의 의의와 체계,academy-labor-law-basics-ch1,Academy,노동법 기초,1,blog-oiyo,
academy-labor-law-basics-ch10,academy,published,ko,Ch10. 노동법 종합 정리 — 핵심 수치와 실전 총정리,academy-labor-law-basics-ch10,Academy,노동법 기초,10,blog-oiyo,
academy-labor-law-basics-ch2,academy,published,ko,Ch2. 임금 — 최저임금·임금 지급 원칙·통상임금,academy-labor-law-basics-ch2,Academy,노동법 기초,2,blog-oiyo,
academy-labor-law-basics-ch3,academy,published,ko,Ch3. 근로 시간과 휴가 — 법정 근로시간·연장·휴가,academy-labor-law-basics-ch3,Academy,노동법 기초,3,blog-oiyo,
academy-labor-law-basics-ch4,academy,published,ko,Ch4. 해고 — 정당한 해고와 부당해고 구제,academy-labor-law-basics-ch4,Academy,노동법 기초,4,blog-oiyo,
academy-labor-law-basics-ch5,academy,published,ko,Ch5. 퇴직금과 퇴직연금 — 계산과 지급 규정,academy-labor-law-basics-ch5,Academy,노동법 기초,5,blog-oiyo,
academy-labor-law-basics-ch6,academy,published,ko,Ch6. 노동조합 — 설립·운영·단체교섭,academy-labor-law-basics-ch6,Academy,노동법 기초,6,blog-oiyo,
academy-labor-law-basics-ch7,academy,published,ko,Ch7. 쟁의행위 — 파업·직장폐쇄·쟁의 조정,academy-labor-law-basics-ch7,Academy,노동법 기초,7,blog-oiyo,
academy-labor-law-basics-ch8,academy,published,ko,Ch8. 비정규직 보호법 — 기간제·파견·단시간 근로자,academy-labor-law-basics-ch8,Academy,노동법 기초,8,blog-oiyo,
academy-labor-law-basics-ch9,academy,published,ko,Ch9. 사회보험 — 4대보험 체계와 고용보험,academy-labor-law-basics-ch9,Academy,노동법 기초,9,blog-oiyo,
academy-management-core-ch1,academy,published,ko,"Ch1. 경영학 개론 — 경영이란 무엇이고, 경영자는 무엇을 하는가",academy-management-core-ch1,Academy,경영학 핵심,1,blog-oiyo,
academy-management-core-ch10,academy,published,ko,Ch10. 경영학 실전 종합 — 취업 시험과 면접을 위한 핵심 정리,academy-management-core-ch10,Academy,경영학 핵심,10,blog-oiyo,
academy-management-core-ch11,academy,published,ko,"Ch11. 글로벌 경영 — 다국적기업, 진입전략, 문화적 차이 관리",academy-management-core-ch11,Academy,경영학 핵심,11,blog-oiyo,
academy-management-core-ch12,academy,published,ko,Ch12. 기업윤리·CSR·ESG — 지속가능한 경영의 새로운 기준,academy-management-core-ch12,Academy,경영학 핵심,12,blog-oiyo,
academy-management-core-ch2,academy,published,ko,"Ch2. 경영전략 — SWOT, 포터의 5가지 힘, 경쟁우위를 찾는 방법",academy-management-core-ch2,Academy,경영학 핵심,2,blog-oiyo,
academy-management-core-ch3,academy,published,ko,"Ch3. 조직행동 — 동기부여이론과 리더십, 조직구조의 심리학",academy-management-core-ch3,Academy,경영학 핵심,3,blog-oiyo,
academy-management-core-ch4,academy,published,ko,Ch4. 인사관리와 마케팅 — 사람을 채용하고 고객을 설득하는 방법,academy-management-core-ch4,Academy,경영학 핵심,4,blog-oiyo,
academy-management-core-ch5,academy,published,ko,Ch5. 재무관리와 회계 — 재무제표 읽기와 기업 가치 평가,academy-management-core-ch5,Academy,경영학 핵심,5,blog-oiyo,
academy-management-core-ch6,academy,published,ko,"Ch6. 생산관리와 SCM — 품질 관리, 공정 설계, 공급망 관리",academy-management-core-ch6,Academy,경영학 핵심,6,blog-oiyo,
academy-management-core-ch7,academy,published,ko,"Ch7. 공기업 경영학 — 공기업의 특수성, 경영 평가, 사회적 가치",academy-management-core-ch7,Academy,경영학 핵심,7,blog-oiyo,
academy-management-core-ch8,academy,published,ko,"Ch8. 회계 기초 — 재무회계와 관리회계, 현장에서 쓰이는 숫자 읽기",academy-management-core-ch8,Academy,경영학 핵심,8,blog-oiyo,
academy-management-core-ch9,academy,published,ko,Ch9. 경영과학 — 데이터와 수학으로 의사결정하는 방법,academy-management-core-ch9,Academy,경영학 핵심,9,blog-oiyo,
academy-marketing-basics-ch1,academy,published,ko,Ch1. 마케팅 개요 — 마케팅 개념·발전·STP 전략,academy-marketing-basics-ch1,Academy,마케팅-기초,1,blog-oiyo,
academy-marketing-basics-ch10,academy,published,ko,Ch10. 마케팅 기초 종합 — 전 범위 핵심 총정리,academy-marketing-basics-ch10,Academy,마케팅-기초,10,blog-oiyo,
academy-marketing-basics-ch2,academy,published,ko,Ch2. 시장 환경 분석 — PEST·SWOT·경쟁 분석,academy-marketing-basics-ch2,Academy,마케팅-기초,2,blog-oiyo,
academy-marketing-basics-ch3,academy,published,ko,Ch3. 소비자 행동론 — 구매 의사결정과 심리 요인,academy-marketing-basics-ch3,Academy,마케팅-기초,3,blog-oiyo,
academy-marketing-basics-ch4,academy,published,ko,Ch4. 제품 전략 — PLC·브랜드·신제품 개발,academy-marketing-basics-ch4,Academy,마케팅-기초,4,blog-oiyo,
academy-marketing-basics-ch5,academy,published,ko,Ch5. 가격·유통 전략 — 가격 결정과 채널 관리,academy-marketing-basics-ch5,Academy,마케팅-기초,5,blog-oiyo,
academy-marketing-basics-ch6,academy,published,ko,Ch6. 촉진 전략 — 광고·PR·디지털 마케팅,academy-marketing-basics-ch6,Academy,마케팅-기초,6,blog-oiyo,
academy-marketing-basics-ch7,academy,published,ko,Ch7. 서비스·B2B 마케팅 — 서비스 특성과 기업 간 마케팅,academy-marketing-basics-ch7,Academy,마케팅-기초,7,blog-oiyo,
academy-marketing-basics-ch8,academy,published,ko,Ch8. 글로벌·관계 마케팅 — 국제 시장과 CRM,academy-marketing-basics-ch8,Academy,마케팅-기초,8,blog-oiyo,
academy-marketing-basics-ch9,academy,published,ko,Ch9. 마케팅 기출 오답 분석 — 자주 틀리는 핵심 포인트,academy-marketing-basics-ch9,Academy,마케팅-기초,9,blog-oiyo,
academy-ncs-core-ch1,academy,published,ko,"Ch1. NCS 의사소통능력 — 직장에서 말하고, 듣고, 쓰는 기술",academy-ncs-core-ch1,Academy,NCS 핵심,1,blog-oiyo,
academy-ncs-core-ch10,academy,published,ko,Ch10. NCS 최종 정리 — 시험 전날 확인하는 핵심 요약,academy-ncs-core-ch10,Academy,NCS 핵심,10,blog-oiyo,
academy-ncs-core-ch2,academy,published,ko,"Ch2. NCS 수리능력 — 기초 통계, 도표 분석, 계산 빠르게 하는 법",academy-ncs-core-ch2,Academy,NCS 핵심,2,blog-oiyo,
academy-ncs-core-ch3,academy,published,ko,Ch3. NCS 문제해결능력 — 직장에서 문제를 정의하고 해결하는 방법,academy-ncs-core-ch3,Academy,NCS 핵심,3,blog-oiyo,
academy-ncs-core-ch4,academy,published,ko,Ch4. NCS 자기개발능력과 자원관리능력 — 스스로 성장하고 효율적으로 일하는 법,academy-ncs-core-ch4,Academy,NCS 핵심,4,blog-oiyo,
academy-ncs-core-ch5,academy,published,ko,Ch5. NCS 조직이해능력과 직업윤리 — 조직을 읽고 윤리적으로 일하는 법,academy-ncs-core-ch5,Academy,NCS 핵심,5,blog-oiyo,
academy-ncs-core-ch6,academy,published,ko,"Ch6. NCS 대인관계능력 — 팀워크, 갈등 관리, 리더십과 멤버십",academy-ncs-core-ch6,Academy,NCS 핵심,6,blog-oiyo,
academy-ncs-core-ch7,academy,published,ko,Ch7. NCS 정보능력과 기술능력 — 데이터를 읽고 도구를 활용하는 역량,academy-ncs-core-ch7,Academy,NCS 핵심,7,blog-oiyo,
academy-ncs-core-ch8,academy,published,ko,Ch8. NCS 실전 문제 풀이 전략 — 유형별 접근법과 시험 최적화,academy-ncs-core-ch8,Academy,NCS 핵심,8,blog-oiyo,
academy-ncs-core-ch9,academy,published,ko,Ch9. NCS 수리능력 심화 — 자료 해석과 응용 계산 완전 정복,academy-ncs-core-ch9,Academy,NCS 핵심,9,blog-oiyo,
academy-patent-attorney-exam-ch1,academy,published,ko,변리사 1차 집중 전략 — 산업재산권법·민법·자연과학개론 3과목 공략,academy-patent-attorney-exam-ch1,Academy,변리사-시험,1,blog-oiyo,
academy-patent-attorney-exam-ch10,academy,published,ko,Ch10. 변리사 시험 최종 종합 — 전 과목 핵심 총정리,academy-patent-attorney-exam-ch10,Academy,변리사-시험,10,blog-oiyo,
academy-patent-attorney-exam-ch2,academy,published,ko,변리사 2차 완전 분석 — 특허·상표 명세서 작성과 심판·심결 전략,academy-patent-attorney-exam-ch2,Academy,변리사-시험,2,blog-oiyo,
academy-patent-attorney-exam-ch3,academy,published,ko,변리사 합격 후 진로 — 특허법인·기업 IP팀·스타트업 특허 전략 트랙,academy-patent-attorney-exam-ch3,Academy,변리사-시험,3,blog-oiyo,
academy-patent-attorney-exam-ch4,academy,published,ko,"변리사 특허법 심층 분석 — 출원 절차, 심판, 침해 판단",academy-patent-attorney-exam-ch4,Academy,변리사-시험,4,blog-oiyo,
academy-patent-attorney-exam-ch5,academy,published,ko,변리사 D-100 최종 합격 전략 — 특허·상표 실전 훈련과 로펌 진출,academy-patent-attorney-exam-ch5,Academy,변리사-시험,5,blog-oiyo,
academy-patent-attorney-exam-ch6,academy,published,ko,Ch6. 특허법 심층 — 신규성·진보성·특허 출원 절차,academy-patent-attorney-exam-ch6,Academy,변리사-시험,6,blog-oiyo,
academy-patent-attorney-exam-ch7,academy,published,ko,Ch7. 상표법·디자인보호법 — 상표 등록·침해·보호,academy-patent-attorney-exam-ch7,Academy,변리사-시험,7,blog-oiyo,
academy-patent-attorney-exam-ch8,academy,published,ko,Ch8. 실용신안·국제특허·PCT — 산업재산권 전략,academy-patent-attorney-exam-ch8,Academy,변리사-시험,8,blog-oiyo,
academy-patent-attorney-exam-ch9,academy,published,ko,Ch9. 변리사 기출 오답 분석 — 자주 틀리는 핵심 포인트,academy-patent-attorney-exam-ch9,Academy,변리사-시험,9,blog-oiyo,
academy-patent-law-basics-ch1,academy,published,ko,Ch1. 산업재산권 개요 — 특허·실용신안·상표·디자인,academy-patent-law-basics-ch1,Academy,특허법-기초,1,blog-oiyo,
academy-patent-law-basics-ch10,academy,published,ko,Ch10. 특허법 기초 종합 — 핵심 정리 & 최종 점검,academy-patent-law-basics-ch10,Academy,특허법-기초,10,blog-oiyo,
academy-patent-law-basics-ch2,academy,published,ko,Ch2. 특허 요건 — 신규성·진보성·산업상 이용가능성,academy-patent-law-basics-ch2,Academy,특허법-기초,2,blog-oiyo,
academy-patent-law-basics-ch3,academy,published,ko,Ch3. 특허 출원·심사 절차 — 명세서 작성에서 등록까지,academy-patent-law-basics-ch3,Academy,특허법-기초,3,blog-oiyo,
academy-patent-law-basics-ch4,academy,published,ko,Ch4. 특허권 효력·침해·실시권,academy-patent-law-basics-ch4,Academy,특허법-기초,4,blog-oiyo,
academy-patent-law-basics-ch5,academy,published,ko,Ch5. 실용신안법·상표법 기초 — 고안 보호와 표장 권리,academy-patent-law-basics-ch5,Academy,특허법-기초,5,blog-oiyo,
academy-patent-law-basics-ch6,academy,published,ko,Ch6. 디자인보호법 — 디자인 등록과 보호,academy-patent-law-basics-ch6,Academy,특허법-기초,6,blog-oiyo,
academy-patent-law-basics-ch7,academy,published,ko,Ch7. 특허 심판·분쟁 절차 — 무효에서 소송까지,academy-patent-law-basics-ch7,Academy,특허법-기초,7,blog-oiyo,
academy-patent-law-basics-ch8,academy,published,ko,Ch8. 국제특허·PCT 출원 — 해외 보호 전략,academy-patent-law-basics-ch8,Academy,특허법-기초,8,blog-oiyo,
academy-patent-law-basics-ch9,academy,published,ko,Ch9. 특허법 기초 — 기출 오답 분석,academy-patent-law-basics-ch9,Academy,특허법-기초,9,blog-oiyo,
academy-public-administration-basics-ch1,academy,published,ko,Ch1. 행정학 개론 — 행정의 의의와 이념,academy-public-administration-basics-ch1,Academy,행정학 기초,1,blog-oiyo,
academy-public-administration-basics-ch10,academy,published,ko,Ch10. 행정학 종합 정리 — 핵심 개념과 실전 총정리,academy-public-administration-basics-ch10,Academy,행정학 기초,10,blog-oiyo,
academy-public-administration-basics-ch2,academy,published,ko,Ch2. 행정 조직론 — 관료제와 조직 구조,academy-public-administration-basics-ch2,Academy,행정학 기초,2,blog-oiyo,
academy-public-administration-basics-ch3,academy,published,ko,Ch3. 인사행정 — 공무원 제도와 인사 관리,academy-public-administration-basics-ch3,Academy,행정학 기초,3,blog-oiyo,
academy-public-administration-basics-ch4,academy,published,ko,Ch4. 재무행정·예산 — 예산의 종류와 과정,academy-public-administration-basics-ch4,Academy,행정학 기초,4,blog-oiyo,
academy-public-administration-basics-ch5,academy,published,ko,Ch5. 정책학 — 정책 과정과 정책 분석,academy-public-administration-basics-ch5,Academy,행정학 기초,5,blog-oiyo,
academy-public-administration-basics-ch6,academy,published,ko,Ch6. 행정개혁·전자정부,academy-public-administration-basics-ch6,Academy,행정학 기초,6,blog-oiyo,
academy-public-administration-basics-ch7,academy,published,ko,Ch7. 지방자치행정,academy-public-administration-basics-ch7,Academy,행정학 기초,7,blog-oiyo,
academy-public-administration-basics-ch8,academy,published,ko,Ch8. 행정통제·책임,academy-public-administration-basics-ch8,Academy,행정학 기초,8,blog-oiyo,
academy-public-administration-basics-ch9,academy,published,ko,Ch9. 행정환경·변화 — 현대 행정의 도전,academy-public-administration-basics-ch9,Academy,행정학 기초,9,blog-oiyo,
academy-public-document-writing-ch1,academy,published,ko,Ch1. 공문서의 구조 — 공공기관 문서는 왜 이렇게 쓰는가,academy-public-document-writing-ch1,Academy,공문서 작성법,1,blog-oiyo,
academy-public-document-writing-ch10,academy,published,ko,Ch10. 공문서 작성법 종합 정리 — 실전 오류 총점검,academy-public-document-writing-ch10,Academy,공문서 작성법,10,blog-oiyo,
academy-public-document-writing-ch2,academy,published,ko,Ch2. 보고서·기안문·시행문 — 각 문서의 역할과 실전 작성법,academy-public-document-writing-ch2,Academy,공문서 작성법,2,blog-oiyo,
academy-public-document-writing-ch3,academy,published,ko,Ch3. 문장을 짧고 분명하게 쓰는 법 — 공문서 문장력 실전 훈련,academy-public-document-writing-ch3,Academy,공문서 작성법,3,blog-oiyo,
academy-public-document-writing-ch4,academy,published,ko,Ch4. 공문서 표·수식·첨부 작성 — 표와 서식을 올바르게 활용하는 법,academy-public-document-writing-ch4,Academy,공문서 작성법,4,blog-oiyo,
academy-public-document-writing-ch5,academy,published,ko,Ch5. 공문서 실전 첨삭 — 나쁜 문장을 좋은 문장으로 고치는 법,academy-public-document-writing-ch5,Academy,공문서 작성법,5,blog-oiyo,
academy-public-document-writing-ch6,academy,published,ko,Ch6. 공문서 양식별 작성법 — 기안·보고·통보문 완전 정복,academy-public-document-writing-ch6,Academy,공문서 작성법,6,blog-oiyo,
academy-public-document-writing-ch7,academy,published,ko,Ch7. 공문서 숫자·날짜·단위 표기법,academy-public-document-writing-ch7,Academy,공문서 작성법,7,blog-oiyo,
academy-public-document-writing-ch8,academy,published,ko,Ch8. 공문서 경어법과 호칭 — 올바른 경어와 직위 표기,academy-public-document-writing-ch8,Academy,공문서 작성법,8,blog-oiyo,
academy-public-document-writing-ch9,academy,published,ko,Ch9. 공문서 문체와 문장 구조 — 행정 문장의 원칙,academy-public-document-writing-ch9,Academy,공문서 작성법,9,blog-oiyo,
academy-public-finance-ch1,academy,published,ko,Ch1. 재정학 기초 — 시장 실패와 정부의 역할,academy-public-finance-ch1,Academy,public-finance,1,blog-oiyo,
academy-public-finance-ch10,academy,published,ko,Ch10. 재정학 종합 정리 — 세무사 시험 완전 정복,academy-public-finance-ch10,Academy,public-finance,10,blog-oiyo,
academy-public-finance-ch2,academy,published,ko,Ch2. 조세 원칙과 조세 부담의 귀착,academy-public-finance-ch2,Academy,public-finance,2,blog-oiyo,
academy-public-finance-ch3,academy,published,ko,"Ch3. 공공지출 이론 — 사회보험, 복지국가, 공공선택",academy-public-finance-ch3,Academy,public-finance,3,blog-oiyo,
academy-public-finance-ch4,academy,published,ko,Ch4. 소득세·법인세 이론 — 노동 공급과 저축에 미치는 효과,academy-public-finance-ch4,Academy,public-finance,4,blog-oiyo,
academy-public-finance-ch5,academy,published,ko,Ch5. 부가가치세·간접세 이론,academy-public-finance-ch5,Academy,public-finance,5,blog-oiyo,
academy-public-finance-ch6,academy,published,ko,"Ch6. 재정 정책 — 재정 승수, 크라우딩아웃, 재정 건전성",academy-public-finance-ch6,Academy,public-finance,6,blog-oiyo,
academy-public-finance-ch7,academy,published,ko,Ch7. 지방재정과 재정 연방주의,academy-public-finance-ch7,Academy,public-finance,7,blog-oiyo,
academy-public-finance-ch8,academy,published,ko,Ch8. 공적연금과 건강보험의 경제학,academy-public-finance-ch8,Academy,public-finance,8,blog-oiyo,
academy-public-finance-ch9,academy,published,ko,Ch9. 예산 이론과 재정 민주주의,academy-public-finance-ch9,Academy,public-finance,9,blog-oiyo,
academy-qualification-roadmaps-administrative-agent,academy,published,ko,"행정사 완전 로드맵 — 시험 구조, 과목, 합격 전략",academy-qualification-roadmaps-administrative-agent,Academy,qualification-roadmaps,5,blog-oiyo,
academy-qualification-roadmaps-appraiser,academy,published,ko,"감정평가사 완전 로드맵 — 시험 구조, 과목, 합격 전략",academy-qualification-roadmaps-appraiser,Academy,qualification-roadmaps,4,blog-oiyo,
academy-qualification-roadmaps-business-consultant,academy,published,ko,"경영지도사 완전 로드맵 — 시험 구조, 과목, 합격 전략",academy-qualification-roadmaps-business-consultant,Academy,qualification-roadmaps,8,blog-oiyo,
academy-qualification-roadmaps-cla,academy,published,ko,"공인노무사 완전 로드맵 — 시험 구조, 과목, 합격 전략",academy-qualification-roadmaps-cla,Academy,qualification-roadmaps,1,blog-oiyo,
academy-qualification-roadmaps-cpa,academy,published,ko,"공인회계사 완전 로드맵 — 시험 구조, 과목, 합격 전략",academy-qualification-roadmaps-cpa,Academy,qualification-roadmaps,3,blog-oiyo,
academy-qualification-roadmaps-judicial-scrivener,academy,published,ko,"법무사 완전 로드맵 — 시험 구조, 과목, 합격 전략",academy-qualification-roadmaps-judicial-scrivener,Academy,qualification-roadmaps,6,blog-oiyo,
academy-qualification-roadmaps-patent-attorney,academy,published,ko,"변리사 완전 로드맵 — 시험 구조, 과목, 합격 전략",academy-qualification-roadmaps-patent-attorney,Academy,qualification-roadmaps,7,blog-oiyo,
academy-qualification-roadmaps-real-estate-agent,academy,published,ko,공인중개사 시험 완전 정복 로드맵 — 과목 구성·합격 전략·학습 순서,academy-qualification-roadmaps-real-estate-agent,Academy,공인중개사 시험,0,blog-oiyo,
academy-qualification-roadmaps-tax-accountant,academy,published,ko,"세무사 완전 로드맵 — 시험 구조, 과목, 합격 전략",academy-qualification-roadmaps-tax-accountant,Academy,qualification-roadmaps,2,blog-oiyo,
academy-real-estate-agent-exam-ch1,academy,published,ko,Ch1. 부동산학개론 핵심 정리 — 공인중개사 1차 완벽 대비,academy-real-estate-agent-exam-ch1,Academy,공인중개사 시험,1,blog-oiyo,
academy-real-estate-agent-exam-ch10,academy,published,ko,Ch10. 공인중개사 시험 최종 종합 — 전 과목 핵심 총정리,academy-real-estate-agent-exam-ch10,Academy,공인중개사 시험,10,blog-oiyo,
academy-real-estate-agent-exam-ch2,academy,published,ko,Ch2. 민법 물권 완전 정복 — 공인중개사 1차 민법 핵심,academy-real-estate-agent-exam-ch2,Academy,공인중개사 시험,2,blog-oiyo,
academy-real-estate-agent-exam-ch3,academy,published,ko,Ch3. 주택임대차·특별법 — 공인중개사 1차 민법 특별법 완벽 정리,academy-real-estate-agent-exam-ch3,Academy,공인중개사 시험,3,blog-oiyo,
academy-real-estate-agent-exam-ch4,academy,published,ko,Ch4. 공인중개사법 실전 — 2차 공인중개사법·중개실무 핵심 정리,academy-real-estate-agent-exam-ch4,Academy,공인중개사 시험,4,blog-oiyo,
academy-real-estate-agent-exam-ch5,academy,published,ko,Ch5. 부동산공법·세법 통합 — 공인중개사 2차 핵심 완전 정복,academy-real-estate-agent-exam-ch5,Academy,공인중개사 시험,5,blog-oiyo,
academy-real-estate-agent-exam-ch6,academy,published,ko,Ch6. 부동산공법 심층 — 국토계획법·건축법 핵심,academy-real-estate-agent-exam-ch6,Academy,공인중개사 시험,6,blog-oiyo,
academy-real-estate-agent-exam-ch7,academy,published,ko,Ch7. 부동산세법 심층 — 취득세·재산세·종합부동산세,academy-real-estate-agent-exam-ch7,Academy,공인중개사 시험,7,blog-oiyo,
academy-real-estate-agent-exam-ch8,academy,published,ko,Ch8. 중개실무 심층 — 중개계약·확인설명·중개보수,academy-real-estate-agent-exam-ch8,Academy,공인중개사 시험,8,blog-oiyo,
academy-real-estate-agent-exam-ch9,academy,published,ko,Ch9. 기출 오답 분석 — 공인중개사 시험 자주 틀리는 포인트,academy-real-estate-agent-exam-ch9,Academy,공인중개사 시험,9,blog-oiyo,
academy-real-estate-basics-ch1,academy,published,ko,Ch1. 부동산학 개론 — 부동산의 특성과 시장 구조 이해,academy-real-estate-basics-ch1,Academy,부동산 기초,1,blog-oiyo,
academy-real-estate-basics-ch10,academy,published,ko,Ch10. 공인중개사 직무와 윤리 — 중개업법과 중개사 의무,academy-real-estate-basics-ch10,Academy,부동산 기초,10,blog-oiyo,
academy-real-estate-basics-ch2,academy,published,ko,Ch2. 부동산 가격 이론 — 지가 결정과 감정평가의 원칙,academy-real-estate-basics-ch2,Academy,부동산 기초,2,blog-oiyo,
academy-real-estate-basics-ch3,academy,published,ko,Ch3. 부동산 투자 분석 — 수익률 계산과 위험 평가,academy-real-estate-basics-ch3,Academy,부동산 기초,3,blog-oiyo,
academy-real-estate-basics-ch4,academy,published,ko,Ch4. 용도지역·지구제 — 토지 이용 규제의 이해,academy-real-estate-basics-ch4,Academy,부동산 기초,4,blog-oiyo,
academy-real-estate-basics-ch5,academy,published,ko,Ch5. 부동산 거래와 계약 — 매매·임대차 계약의 법적 이해,academy-real-estate-basics-ch5,Academy,부동산 기초,5,blog-oiyo,
academy-real-estate-basics-ch6,academy,published,ko,Ch6. 부동산 금융 — 주택담보대출과 금리 구조 이해,academy-real-estate-basics-ch6,Academy,부동산 기초,6,blog-oiyo,
academy-real-estate-basics-ch7,academy,published,ko,Ch7. 주택 정책과 임대 시장 — 청약·공공임대·전세 제도,academy-real-estate-basics-ch7,Academy,부동산 기초,7,blog-oiyo,
academy-real-estate-basics-ch8,academy,published,ko,Ch8. 상업용 부동산 — 오피스·리테일·물류 투자 분석,academy-real-estate-basics-ch8,Academy,부동산 기초,8,blog-oiyo,
academy-real-estate-basics-ch9,academy,published,ko,Ch9. 부동산 세금 심화 — 취득세·재산세·종부세·양도세 통합 정리,academy-real-estate-basics-ch9,Academy,부동산 기초,9,blog-oiyo,
academy-real-estate-disclosure-basics-ch1,academy,published,ko,Ch1. 부동산공시법 개관 — 등기와 공시 제도,academy-real-estate-disclosure-basics-ch1,Academy,부동산공시법 기초,1,blog-oiyo,
academy-real-estate-disclosure-basics-ch10,academy,published,ko,Ch10. 부동산공시법 종합 정리 — 핵심 개념과 실전 총정리,academy-real-estate-disclosure-basics-ch10,Academy,부동산공시법 기초,10,blog-oiyo,
academy-real-estate-disclosure-basics-ch2,academy,published,ko,Ch2. 등기의 종류 — 보존·이전·설정·말소 등기,academy-real-estate-disclosure-basics-ch2,Academy,부동산공시법 기초,2,blog-oiyo,
academy-real-estate-disclosure-basics-ch3,academy,published,ko,Ch3. 저당권·전세권 등기,academy-real-estate-disclosure-basics-ch3,Academy,부동산공시법 기초,3,blog-oiyo,
academy-real-estate-disclosure-basics-ch4,academy,published,ko,Ch4. 지적 제도 — 토지의 물리적 현황 공시,academy-real-estate-disclosure-basics-ch4,Academy,부동산공시법 기초,4,blog-oiyo,
academy-real-estate-disclosure-basics-ch5,academy,published,ko,Ch5. 집합건물 등기 — 구분소유권과 공용부분,academy-real-estate-disclosure-basics-ch5,Academy,부동산공시법 기초,5,blog-oiyo,
academy-real-estate-disclosure-basics-ch6,academy,published,ko,Ch6. 부동산 거래 신고 — 실거래가 공개와 신고 의무,academy-real-estate-disclosure-basics-ch6,Academy,부동산공시법 기초,6,blog-oiyo,
academy-real-estate-disclosure-basics-ch7,academy,published,ko,Ch7. 주택임대차보호법,academy-real-estate-disclosure-basics-ch7,Academy,부동산공시법 기초,7,blog-oiyo,
academy-real-estate-disclosure-basics-ch8,academy,published,ko,Ch8. 상가건물임대차보호법,academy-real-estate-disclosure-basics-ch8,Academy,부동산공시법 기초,8,blog-oiyo,
academy-real-estate-disclosure-basics-ch9,academy,published,ko,Ch9. 공시가격 제도 — 공시지가와 주택가격공시,academy-real-estate-disclosure-basics-ch9,Academy,부동산공시법 기초,9,blog-oiyo,
academy-saju-basics-ch1,academy,published,ko,Ch1. 사주명리학 기초 — 사주팔자란 무엇이며 어떻게 탄생했는가,academy-saju-basics-ch1,Academy,사주명리학 기초,1,blog-oiyo,
academy-saju-basics-ch2,academy,published,ko,Ch2. 천간(天干) 10개의 특성 — 갑목부터 계수까지 완전 이해,academy-saju-basics-ch2,Academy,사주명리학 기초,2,blog-oiyo,
academy-saju-basics-ch3,academy,published,ko,Ch3. 지지(地支) 12개와 동물 상징 — 자(子)부터 해(亥)까지,academy-saju-basics-ch3,Academy,사주명리학 기초,3,blog-oiyo,
academy-saju-basics-ch4,academy,published,ko,Ch4. 십신(十神) 체계 — 비겁·식상·재성·관성·인성 완전 이해,academy-saju-basics-ch4,Academy,사주명리학 기초,4,blog-oiyo,
academy-saju-basics-ch5,academy,published,ko,Ch5. 용신(用神) 찾는 법 — 내 사주에 필요한 에너지 도출 실전,academy-saju-basics-ch5,Academy,사주명리학 기초,5,blog-oiyo,
academy-saju-basics-ch6,academy,published,ko,Ch6. 대운·세운·월운 분석 — 내 인생의 시간표 읽기,academy-saju-basics-ch6,Academy,사주명리학 기초,6,blog-oiyo,
academy-saju-basics-ch7,academy,published,ko,Ch7. 육친론(六親論) — 사주로 보는 부모·배우자·자녀 관계,academy-saju-basics-ch7,Academy,사주명리학 기초,7,blog-oiyo,
academy-saju-basics-ch8,academy,published,ko,Ch8. 사주 실전 케이스 스터디 — 3가지 사주 완전 분석,academy-saju-basics-ch8,Academy,사주명리학 기초,8,blog-oiyo,
academy-social-welfare-law-basics-ch1,academy,published,ko,Ch1. 사회복지법 개관 — 사회복지의 의의와 법 체계,academy-social-welfare-law-basics-ch1,Academy,사회복지법 기초,1,blog-oiyo,
academy-social-welfare-law-basics-ch10,academy,published,ko,Ch10. 사회복지법 종합 정리 — 핵심 개념과 실전 총정리,academy-social-welfare-law-basics-ch10,Academy,사회복지법 기초,10,blog-oiyo,
academy-social-welfare-law-basics-ch2,academy,published,ko,Ch2. 국민기초생활보장법 — 기초생활수급 제도,academy-social-welfare-law-basics-ch2,Academy,사회복지법 기초,2,blog-oiyo,
academy-social-welfare-law-basics-ch3,academy,published,ko,Ch3. 노인복지법 — 노인 보호와 복지 서비스,academy-social-welfare-law-basics-ch3,Academy,사회복지법 기초,3,blog-oiyo,
academy-social-welfare-law-basics-ch4,academy,published,ko,Ch4. 장애인복지법 — 장애인 권리와 복지 서비스,academy-social-welfare-law-basics-ch4,Academy,사회복지법 기초,4,blog-oiyo,
academy-social-welfare-law-basics-ch5,academy,published,ko,Ch5. 아동복지법 — 아동 보호와 권리,academy-social-welfare-law-basics-ch5,Academy,사회복지법 기초,5,blog-oiyo,
academy-social-welfare-law-basics-ch6,academy,published,ko,Ch6. 사회복지사업법 — 사회복지 전달 체계,academy-social-welfare-law-basics-ch6,Academy,사회복지법 기초,6,blog-oiyo,
academy-social-welfare-law-basics-ch7,academy,published,ko,Ch7. 국민건강보험·산재보험법,academy-social-welfare-law-basics-ch7,Academy,사회복지법 기초,7,blog-oiyo,
academy-social-welfare-law-basics-ch8,academy,published,ko,Ch8. 한부모·다문화가족 지원법,academy-social-welfare-law-basics-ch8,Academy,사회복지법 기초,8,blog-oiyo,
academy-social-welfare-law-basics-ch9,academy,published,ko,Ch9. 국민연금법 — 연금 제도와 급여 체계,academy-social-welfare-law-basics-ch9,Academy,사회복지법 기초,9,blog-oiyo,
academy-statistics-basics-ch1,academy,published,ko,Ch1. 기술통계학 — 평균·분산·표준편차로 데이터 요약하기,academy-statistics-basics-ch1,Academy,통계학 기초,1,blog-oiyo,
academy-statistics-basics-ch10,academy,published,ko,Ch10. 통계학 종합 정리 — 핵심 공식과 실전 암기법,academy-statistics-basics-ch10,Academy,통계학 기초,10,blog-oiyo,
academy-statistics-basics-ch2,academy,published,ko,Ch2. 확률 이론 — 조건부확률과 베이즈 정리,academy-statistics-basics-ch2,Academy,통계학 기초,2,blog-oiyo,
academy-statistics-basics-ch3,academy,published,ko,Ch3. 확률분포 — 이항·포아송·정규분포 완전 정복,academy-statistics-basics-ch3,Academy,통계학 기초,3,blog-oiyo,
academy-statistics-basics-ch4,academy,published,ko,Ch4. 표본분포와 중심극한정리 — 왜 표본이 전체를 대변하는가,academy-statistics-basics-ch4,Academy,통계학 기초,4,blog-oiyo,
academy-statistics-basics-ch5,academy,published,ko,Ch5. 통계적 추정 — 신뢰구간과 표본 크기 결정,academy-statistics-basics-ch5,Academy,통계학 기초,5,blog-oiyo,
academy-statistics-basics-ch6,academy,published,ko,Ch6. 가설검정 — p값과 유의수준으로 의사결정하기,academy-statistics-basics-ch6,Academy,통계학 기초,6,blog-oiyo,
academy-statistics-basics-ch7,academy,published,ko,Ch7. 상관과 회귀분석 — 변수 간 관계를 수식으로 표현하기,academy-statistics-basics-ch7,Academy,통계학 기초,7,blog-oiyo,
academy-statistics-basics-ch8,academy,published,ko,Ch8. 분산분석(ANOVA)과 카이제곱 검정 — 집단 간 차이 분석,academy-statistics-basics-ch8,Academy,통계학 기초,8,blog-oiyo,
academy-statistics-basics-ch9,academy,published,ko,Ch9. 시계열 분석 — 이동평균·지수평활·ARIMA 기초,academy-statistics-basics-ch9,Academy,통계학 기초,9,blog-oiyo,
academy-tax-accountant-exam-ch1,academy,published,ko,세무사 1차 완전 전략 — 재정학·세법·회계·상법·민법 집중 공략,academy-tax-accountant-exam-ch1,Academy,세무사-시험,1,blog-oiyo,
academy-tax-accountant-exam-ch10,academy,published,ko,Ch10. 세무사 시험 최종 종합 — 전 과목 핵심 총정리,academy-tax-accountant-exam-ch10,Academy,세무사-시험,10,blog-oiyo,
academy-tax-accountant-exam-ch2,academy,published,ko,세무사 2차 세법학 완전 해부 — 소득세·법인세·부가가치세 핵심 구조,academy-tax-accountant-exam-ch2,Academy,세무사-시험,2,blog-oiyo,
academy-tax-accountant-exam-ch3,academy,published,ko,세무사 2차 회계학 공략 + 합격 후 진로 완전 가이드,academy-tax-accountant-exam-ch3,Academy,세무사-시험,3,blog-oiyo,
academy-tax-accountant-exam-ch4,academy,published,ko,세무사 시험 기출 완전 분석 — 빈출 유형과 함정 패턴,academy-tax-accountant-exam-ch4,Academy,세무사-시험,4,blog-oiyo,
academy-tax-accountant-exam-ch5,academy,published,ko,세무사 D-100 최종 합격 전략 — 막판 집중 학습 플랜,academy-tax-accountant-exam-ch5,Academy,세무사-시험,5,blog-oiyo,
academy-tax-accountant-exam-ch6,academy,published,ko,Ch6. 법인세·소득세 심층 — 세무조정과 소득 계산,academy-tax-accountant-exam-ch6,Academy,세무사-시험,6,blog-oiyo,
academy-tax-accountant-exam-ch7,academy,published,ko,Ch7. 부가가치세·상속증여세 — 간접세와 무상이전세,academy-tax-accountant-exam-ch7,Academy,세무사-시험,7,blog-oiyo,
academy-tax-accountant-exam-ch8,academy,published,ko,Ch8. 세무조사·불복절차 — 조세쟁송과 권리구제,academy-tax-accountant-exam-ch8,Academy,세무사-시험,8,blog-oiyo,
academy-tax-accountant-exam-ch9,academy,published,ko,Ch9. 세무사 기출 오답 분석 — 자주 틀리는 핵심 포인트,academy-tax-accountant-exam-ch9,Academy,세무사-시험,9,blog-oiyo,
academy-tax-basics-ch1,academy,published,ko,Ch1. 세금 입문 — 우리가 내는 세금의 종류와 구조,academy-tax-basics-ch1,Academy,세금 입문,1,blog-oiyo,
academy-tax-basics-ch2,academy,published,ko,Ch2. 근로소득세 — 월급에서 빠져나가는 세금 완전 정리,academy-tax-basics-ch2,Academy,세금 입문,2,blog-oiyo,
academy-tax-basics-ch3,academy,published,ko,Ch3. 부동산 세금 3종 세트 — 취득·보유·양도세 총정리,academy-tax-basics-ch3,Academy,세금 입문,3,blog-oiyo,
academy-tax-basics-ch4,academy,published,ko,Ch4. 프리랜서·자영업자 세금 — 종합소득세 신고 가이드,academy-tax-basics-ch4,Academy,세금 입문,4,blog-oiyo,
academy-tax-basics-ch5,academy,published,ko,Ch5. 절세 전략 완전 정리 — 합법적으로 세금 줄이는 법,academy-tax-basics-ch5,Academy,세금 입문,5,blog-oiyo,
academy-tax-intro-ch10,academy,live,ko,생애주기별 절세 로드맵,academy-tax-intro-ch10,Academy,세금 입문,10,blog-oiyo,
academy-tax-intro-ch6,academy,live,ko,양도소득세 완전 정복,academy-tax-intro-ch6,Academy,세금 입문,6,blog-oiyo,
academy-tax-intro-ch7,academy,live,ko,상속세·증여세의 기초,academy-tax-intro-ch7,Academy,세금 입문,7,blog-oiyo,
academy-tax-intro-ch8,academy,live,ko,법인세 기초,academy-tax-intro-ch8,Academy,세금 입문,8,blog-oiyo,
academy-tax-intro-ch9,academy,live,ko,세금 신고 실무,academy-tax-intro-ch9,Academy,세금 입문,9,blog-oiyo,
academy-tax-law-basic-ch1,academy,published,ko,Ch1. 세법 기초 — 조세의 구조와 납세의 의무,academy-tax-law-basic-ch1,Academy,세법 기초,1,blog-oiyo,
academy-tax-law-basic-ch10,academy,published,ko,Ch10. 세법 종합 정리 — 취업·공시 시험을 위한 핵심 요약,academy-tax-law-basic-ch10,Academy,세법 기초,10,blog-oiyo,
academy-tax-law-basic-ch2,academy,published,ko,Ch2. 소득세 — 근로소득과 종합소득세 신고 구조,academy-tax-law-basic-ch2,Academy,세법 기초,2,blog-oiyo,
academy-tax-law-basic-ch3,academy,published,ko,Ch3. 법인세 — 기업이 내는 세금의 구조,academy-tax-law-basic-ch3,Academy,세법 기초,3,blog-oiyo,
academy-tax-law-basic-ch4,academy,published,ko,Ch4. 부가가치세 — 소비세의 구조와 사업자 신고 의무,academy-tax-law-basic-ch4,Academy,세법 기초,4,blog-oiyo,
academy-tax-law-basic-ch5,academy,published,ko,Ch5. 상속세와 증여세 — 부의 이전에 부과되는 세금,academy-tax-law-basic-ch5,Academy,세법 기초,5,blog-oiyo,
academy-tax-law-basic-ch6,academy,published,ko,Ch6. 양도소득세 — 부동산·주식 매도 시 내는 세금,academy-tax-law-basic-ch6,Academy,세법 기초,6,blog-oiyo,
academy-tax-law-basic-ch7,academy,published,ko,Ch7. 재산세와 종합부동산세 — 부동산 보유세 완전 정리,academy-tax-law-basic-ch7,Academy,세법 기초,7,blog-oiyo,
academy-tax-law-basic-ch8,academy,published,ko,Ch8. 국제조세 — 글로벌 거래와 이중과세 방지,academy-tax-law-basic-ch8,Academy,세법 기초,8,blog-oiyo,
academy-tax-law-basic-ch9,academy,published,ko,Ch9. 세무조사와 불복절차 — 세금 분쟁에서 납세자 권리 지키기,academy-tax-law-basic-ch9,Academy,세법 기초,9,blog-oiyo,
academy-tax-law-basics-ch1,academy,published,ko,Ch1. 세법 총론 — 조세의 개념과 분류,academy-tax-law-basics-ch1,Academy,세법 기초,1,blog-oiyo,
academy-tax-law-basics-ch10,academy,published,ko,Ch10. 세법 종합 정리 — 세목별 비교와 실전 총정리,academy-tax-law-basics-ch10,Academy,세법 기초,10,blog-oiyo,
academy-tax-law-basics-ch2,academy,published,ko,Ch2. 소득세 — 종합소득세 체계와 계산 구조,academy-tax-law-basics-ch2,Academy,세법 기초,2,blog-oiyo,
academy-tax-law-basics-ch3,academy,published,ko,Ch3. 법인세 — 과세 구조와 세율,academy-tax-law-basics-ch3,Academy,세법 기초,3,blog-oiyo,
academy-tax-law-basics-ch4,academy,published,ko,Ch4. 부가가치세 — 과세 체계와 매입세액공제,academy-tax-law-basics-ch4,Academy,세법 기초,4,blog-oiyo,
academy-tax-law-basics-ch5,academy,published,ko,Ch5. 양도소득세 — 부동산 양도 과세,academy-tax-law-basics-ch5,Academy,세법 기초,5,blog-oiyo,
academy-tax-law-basics-ch6,academy,published,ko,Ch6. 상속세와 증여세 — 무상 이전 과세,academy-tax-law-basics-ch6,Academy,세법 기초,6,blog-oiyo,
academy-tax-law-basics-ch7,academy,published,ko,Ch7. 취득세와 재산세 — 부동산 보유·취득 세금,academy-tax-law-basics-ch7,Academy,세법 기초,7,blog-oiyo,
academy-tax-law-basics-ch8,academy,published,ko,Ch8. 국세기본법 — 납세의무·가산세·불복 절차,academy-tax-law-basics-ch8,Academy,세법 기초,8,blog-oiyo,
academy-tax-law-basics-ch9,academy,published,ko,Ch9. 절세 전략과 세금 계획 — 합법적 세금 줄이기,academy-tax-law-basics-ch9,Academy,세법 기초,9,blog-oiyo,
academy-tax-saving-guide-ch3,academy,live,ko,근로소득 절세와 연말정산 완전 정복,academy-tax-saving-guide-ch3,Academy,절세 가이드,3,blog-oiyo,
academy-tax-saving-guide-ch4,academy,live,ko,부동산 양도 절세 전략,academy-tax-saving-guide-ch4,Academy,절세 가이드,4,blog-oiyo,
academy-tax-saving-guide-ch5,academy,live,ko,금융소득 절세와 ISA·연금저축·IRP 활용법,academy-tax-saving-guide-ch5,Academy,절세 가이드,5,blog-oiyo,
academy-tax-saving-guide-ch6,academy,live,ko,사업소득 절세와 프리랜서·자영업자 세금 관리,academy-tax-saving-guide-ch6,Academy,절세 가이드,6,blog-oiyo,
academy-tax-saving-guide-ch7,academy,live,ko,생애주기별 절세 종합 전략,academy-tax-saving-guide-ch7,Academy,절세 가이드,7,blog-oiyo,
acquisition-tax-calculator,interactive,published,ko,부동산 취득세 계산기 — 주택 매수 전 세금 미리 계산하기,acquisition-tax-calculator,Finance,,,blog-oiyo,AcquisitionTaxCalculator
acquisition-tax-guide,interactive,published,ko,취득세 완전 정복: 주택 수별 세율·생애최초 감면·계산 방법 총정리,acquisition-tax-guide,Tax,,,blog-oiyo,
acquisition-tax-house-buying,interactive,published,ko,부동산 취득세 가이드: 집 살 때 생각지 못한 큰 지출을 대비하라,acquisition-tax-house-buying,Finance,,,blog-oiyo,
adhd-screening-test,interactive,published,ko,성인 ADHD 자가 스크리닝 — 나의 집중 패턴 확인하기,adhd-screening-test,Psychology,,,blog-oiyo,AdhdScreeningTest
adler-belief-vs-greatness,magazine,published,ko,위대함을 꿈꾸는 자보다 자신을 믿는 자가 더 강하다: 아들러의 자기 신뢰,adler-belief-vs-greatness,Psychology,,,blog-oiyo,
adler-cognitive-frame,magazine,published,ko,세상을 해석하는 프레임: 아들러의 라이프스타일 해부학,adler-cognitive-frame,Psychology,,,blog-oiyo,
adler-courage,magazine,published,ko,할 수 없다는 변명 뒤에 숨은 자기 선택: 아들러의 용기 심리학,adler-courage,Psychology,,,blog-oiyo,
adler-doing-what-you-love,magazine,published,ko,하고 싶은 일을 하는 행복: 아들러의 ''에네르게이아''적 삶,adler-doing-what-you-love,Psychology,,,blog-oiyo,
adler-environment,magazine,published,ko,당신은 주변 사람 5명의 평균이다: 아들러의 환경 선택과 용기,adler-environment,Psychology,,,blog-oiyo,
adler-happiness,magazine,published,ko,행복은 꿈꾸는 것이 아니라 지금 만드는 것이다: 아들러의 행복론,adler-happiness,Psychology,,,blog-oiyo,
adler-happiness-is-beginning,magazine,published,ko,진정한 행복은 이제 시작일 뿐: 아들러가 제안하는 인생의 새로운 장,adler-happiness-is-beginning,Psychology,,,blog-oiyo,
adler-happiness-no-qualifications,magazine,published,ko,행복에 필요한 자격은 없다: 조건을 넘어서는 아들러의 지혜,adler-happiness-no-qualifications,Psychology,,,blog-oiyo,
adler-holism,magazine,published,ko,관점이 삶의 온도를 결정한다: 아들러의 전체론과 마음가짐,adler-holism,Psychology,,,blog-oiyo,
adler-lazy-perfectionist,magazine,published,ko,게으른 완벽주의자를 위한 아들러 심리학: 시작하지 못하는 당신에게,adler-lazy-perfectionist,Psychology,,,blog-oiyo,
adler-life-vessel,magazine,published,ko,‘삶’이라는 그릇에 무엇을 담을 것인가: 아들러가 말하는 가치 있는 인생,adler-life-vessel,Psychology,,,blog-oiyo,
adler-metacognition,magazine,published,ko,왜 메타인지인가?: 나를 객관적으로 바라보는 힘,adler-metacognition,Psychology,,,blog-oiyo,
adler-numbers,magazine,published,ko,숫자는 행복의 필수 조건이 아니다: 아들러의 질적인 삶,adler-numbers,Psychology,,,blog-oiyo,
adler-relationships,magazine,published,ko,미움받을 용기가 필요한 이유: 아들러의 대인관계론,adler-relationships,Psychology,,,blog-oiyo,
adler-simple-life,magazine,published,ko,인생은 본래 단순하다: 아들러의 인지론과 주관적 세계,adler-simple-life,Psychology,,,blog-oiyo,
adler-stepping-stone,magazine,published,ko,열등감이라는 돌을 디딤돌로 바꾸어라: 아들러의 우월성 추구,adler-stepping-stone,Psychology,,,blog-oiyo,
adler-subject-and-distance,magazine,published,ko,주어가 관계의 거리를 결정한다: 소유와 침범 사이의 심리학,adler-subject-and-distance,Psychology,,,blog-oiyo,
adler-teleology,magazine,published,ko,운명의 주인이 되는 법: 아들러의 목적론(Teleology) 탐구,adler-teleology,Psychology,,,blog-oiyo,
adler-understanding-others,magazine,published,ko,타인을 이해한다는 것의 본질: 공감과 협력의 심리학,adler-understanding-others,Psychology,,,blog-oiyo,
adler-values,magazine,published,ko,내 가치관이 모두에게 정답은 아니다: 아들러의 진정한 존중과 과제의 분리,adler-values,Psychology,,,blog-oiyo,
adult-adhd-survival-guide,magazine,published,ko,산만한 게 아니라 뇌가 다른 것이다: 성인 ADHD 서바이벌 가이드,adult-adhd-survival-guide,Psychology,,,blog-oiyo,
advanced-subjunctive-usage,magazine,published,ko,가정법(Subjunctive): '만약'을 넘어선 세련된 영어 문장의 비밀,advanced-subjunctive-usage,Education & Language,,,blog-oiyo,
age-calculator,interactive,published,ko,나이 계산기 — 만 나이·한국 나이·개월 수 계산,age-calculator,Health,,,blog-oiyo,AgeCalculator
age-calculator-korean-standards,interactive,published,ko,나이의 미학: 바뀐 만나이 규정과 우리가 나이를 계산하는 방식,age-calculator-korean-standards,Life,,,blog-oiyo,
ai-literacy-future-skills,academy,published,ko,AI 시대의 필살기: 인공지능 리터러시를 키우는 3가지 방법,ai-literacy-future-skills,Technology,,,blog-oiyo,
all-problems-are-relationships,magazine,published,ko,모든 고민은 인간관계에서 비롯된다: 아들러 심리학이 던지는 화두,all-problems-are-relationships,Philosophy & Spirit,,,blog-oiyo,
all-worries-from-relationships,magazine,published,ko,모든 고민은 인간관계에서 비롯된다: 아들러가 말하는 고뇌의 본질,all-worries-from-relationships,Philosophy & Spirit,,,blog-oiyo,
ancestor-worship-jesa,magazine,published,ko,제사(Jesa): 죽은 자는 떠나지 않는다,ancestor-worship-jesa,Myth & Culture,,,blog-oiyo,
anchoring-bias-negotiation,magazine,published,ko,앵커링 효과: 첫 번째 숫자가 이긴다,anchoring-bias-negotiation,Mind & Psychology,,,blog-oiyo,
anger-management-psychology,magazine,published,ko,분노 심리학 — 분노는 나쁜 감정이 아니다,anger-management-psychology,Magazine,,,blog-oiyo,
anger-style-test,interactive,published,ko,분노 표현 스타일 테스트 — 나는 어떤 유형인가?,anger-style-test,Psychology,,,blog-oiyo,AngerStyleTest
animal-personality-test,interactive,published,ko,나의 정신 동물 테스트 — 내 본능을 대표하는 동물은?,animal-personality-test,Psychology,,,blog-oiyo,AnimalPersonalityTest
animal-spirits-totems-power,magazine,published,ko,동물령과 토템: 당신의 영혼을 안내하는 야생의 본능,animal-spirits-totems-power,Philosophy & Spirit,,,blog-oiyo,
anxiety-flame,magazine,published,ko,흔들리는 불꽃의 미학: 불안은 용기의 전주곡이다,anxiety-flame,Philosophy & Spirit,,,blog-oiyo,
anxiety-screening-test,interactive,published,ko,불안감 자가 점검 (GAD-7) — 내 불안 수준 확인하기,anxiety-screening-test,Psychology,,,blog-oiyo,AnxietyScreeningTest
architecture-of-focus-environment,magazine,published,ko,몰입의 건축학: 아침 루틴과 환경이 나를 만든다,architecture-of-focus-environment,Lifestyle & Growth,,,blog-oiyo,
ascendant-rising-sign-guide,magazine,published,ko,어센던트(상승궁) 완전 가이드: 12별자리 어센던트가 만드는 나의 첫인상과 외적 에너지,ascendant-rising-sign-guide,Fortune & Spirituality,,,blog-oiyo,
ascendant-rising-sign-mask,magazine,published,ko,상승궁(Ascendant): 당신이 세상에 보여주는 가면,ascendant-rising-sign-mask,Mysticism,,,blog-oiyo,
asch-conformity-social-pressure,magazine,published,ko,애쉬의 동조 실험: 소속감의 압력,asch-conformity-social-pressure,Mind & Psychology,,,blog-oiyo,
ascii-art-digital-nostalgia,magazine,published,ko,"디지털 노스탤지어: 텍스트로 그려낸 이미지, 아스키 아트의 예술",ascii-art-digital-nostalgia,Culture,,,blog-oiyo,
ascii-art-generator,interactive,published,ko,ASCII 아트 생성기 — 텍스트로 만드는 아스키 아트,ascii-art-generator,Image,,,blog-oiyo,AsciiArtGenerator
ascii-art-generator-creative-tool,interactive,published,ko,ASCII 아트 생성기 — 텍스트로 만드는 디지털 예술,ascii-art-generator-creative-tool,Technology,,,blog-oiyo,AsciiArtGenerator
aspect-ratio-calculator,interactive,published,ko,화면 비율 계산기 — 종횡비 계산 및 화면 크기 변환,aspect-ratio-calculator,Image,,,blog-oiyo,AspectRatioCalculator
astrology-birth-chart-guide,magazine,published,ko,출생 차트 완전 가이드: 별자리·행성·하우스 완전 해석법,astrology-birth-chart-guide,Fortune & Spirituality,,,blog-oiyo,
astrology-black-moon-lilith-shadow-power,magazine,published,ko,블랙 문 릴리스: 당신 내면의 억눌린 야성과 어둠의 해방,astrology-black-moon-lilith-shadow-power,Mysticism,,,blog-oiyo,
astrology-karmic-saturn-pluto,magazine,published,ko,카르마 점성학(Karmic Astrology): 토성과 명왕성의 인연,astrology-karmic-saturn-pluto,Mysticism,,,blog-oiyo,
astrology-lunar-nodes-spiritual-destiny,magazine,published,ko,달의 노드(Lunar Nodes): 당신의 과거와 미래를 잇는 영혼의 나침반,astrology-lunar-nodes-spiritual-destiny,Mysticism,,,blog-oiyo,
astrology-parenting-moon,magazine,published,ko,부모와 자녀의 점성학: 달(Moon)을 위로하는 양육법,astrology-parenting-moon,Mysticism,,,blog-oiyo,
astronomy-orbital-dynamics,magazine,published,ko,거대한 춤: 자전축과 공전이 빚어내는 삶의 리듬,astronomy-orbital-dynamics,Lifestyle & Growth,,,blog-oiyo,
attachment-style-relationship-guide,magazine,published,ko,애착 유형 완전 가이드: 안정·불안·회피·혼란형과 관계 패턴,attachment-style-relationship-guide,Psychology,,,blog-oiyo,
attachment-style-test,interactive,published,ko,애착 유형 테스트 — 나의 관계 패턴은?,attachment-style-test,Psychology,,,blog-oiyo,AttachmentStyleTest
attachment-theory-adults,magazine,published,ko,어린 시절의 애착과 성인 관계: 사랑의 지도는 어떻게 그려지는가,attachment-theory-adults,Mind & Psychology,,,blog-oiyo,
attachment-theory-archetypal-map,magazine,published,ko,애착 이론: 당신의 관계 속에 숨겨진 원형적 지도,attachment-theory-archetypal-map,Mind & Psychology,,,blog-oiyo,
attachment-theory-deep-guide,magazine,published,ko,애착 이론 완전 가이드: 불안형·회피형·안정형·혼란형 완전 해석,attachment-theory-deep-guide,Psychology,,,blog-oiyo,
attachment-theory-love-patterns,magazine,published,ko,애착 이론: 나는 왜 사랑을 밀어내는가?,attachment-theory-love-patterns,Mind & Psychology,,,blog-oiyo,
attachment-theory-relationships,magazine,published,ko,애착 이론: 왜 우리는 잠수타고 매달리는가,attachment-theory-relationships,Mind & Psychology,,,blog-oiyo,
authority-bias-influence,magazine,published,ko,권위 편향 (Authority Bias): 리더 따르기,authority-bias-influence,Mind & Psychology,,,blog-oiyo,
auto-tax-calculator,interactive,published,ko,자동차세 계산기 — 연간 자동차세 미리 확인하기,auto-tax-calculator,Finance,,,blog-oiyo,AutoTaxCalculator
auto-tax-calculator-guide,interactive,published,ko,자동차세 계산기 — 차종별 자동차세 계산과 연납 할인 가이드,auto-tax-calculator-guide,Tax,,,blog-oiyo,AutoTaxCalculator
auto-tax-savings-prepayment,interactive,published,ko,"자동차세 계산기: 고정비를 줄이는 1월의 재테크, 연납 할인의 마법",auto-tax-savings-prepayment,Finance,,,blog-oiyo,
autonomic-nervous-system-balance,interactive,published,ko,생물학적 스포츠카: 자율신경계라는 엔진 관리하기,autonomic-nervous-system-balance,Lifestyle & Growth,,,blog-oiyo,
availability-heuristic-bias,magazine,published,ko,가용성 휴리스틱: 상어에 대한 공포,availability-heuristic-bias,Mind & Psychology,,,blog-oiyo,
availability-heuristic-risk,magazine,published,ko,가용성 휴리스틱 (Availability Heuristic): 보이는 것이 전부다,availability-heuristic-risk,Mind & Psychology,,,blog-oiyo,
baader-meinhof-frequency-illusion,magazine,published,ko,바더-마인호프 현상: 빈도 착각,baader-meinhof-frequency-illusion,Mind & Psychology,,,blog-oiyo,
bagua-map-life-areas,magazine,published,ko,바구아 맵(Bagua Map): 집을 인생의 지도로 만들기,bagua-map-life-areas,Mysticism,,,blog-oiyo,
baking-soda-citric-acid-percarbonate-uses,magazine,published,ko,베이킹소다·구연산·과탄산소다 완전 활용 가이드: 집 안 모든 곳을 깨끗하게,baking-soda-citric-acid-percarbonate-uses,Lifestyle,,,blog-oiyo,
baldur-myth-shadow-tragic,magazine,published,ko,발드르: 완벽한 대상의 죽음과 피할 수 없는 그림자,baldur-myth-shadow-tragic,Mythology,,,blog-oiyo,
baridegi-myth-healer-transformation,magazine,published,ko,바리데기: 버림받은 영혼이 치유자로 변환되는 과정,baridegi-myth-healer-transformation,Mythology,,,blog-oiyo,
base-rate-neglect-probability,magazine,published,ko,기저율 무시: 확률을 무시하기,base-rate-neglect-probability,Mind & Psychology,,,blog-oiyo,
base64-converter,interactive,published,ko,Base64 인코더/디코더 — 텍스트·파일 변환,base64-converter,Utility,,,blog-oiyo,Base64Converter
base64-converter-encoding-guide,interactive,published,ko,Base64 인코더/디코더 — 데이터 인코딩의 원리와 활용,base64-converter-encoding-guide,Technology,,,blog-oiyo,
bedroom-mirrors-sleep-quality,magazine,published,ko,침실의 거울: 잠을 방해하는 제3의 눈,bedroom-mirrors-sleep-quality,Mysticism,,,blog-oiyo,
befriending-anxiety-science,magazine,published,ko,불안은 내 몸의 경보 시스템: 뇌과학으로 다스리는 불안,befriending-anxiety-science,Mind & Psychology,,,blog-oiyo,
ben-franklin-effect-favors,magazine,published,ko,벤 프랭클린 효과: 적을 친구로 만드는 법,ben-franklin-effect-favors,Mind & Psychology,,,blog-oiyo,
big-five-personality-test,interactive,published,ko,빅5 성격 테스트 (OCEAN) — 나의 다섯 가지 성격 차원,big-five-personality-test,Psychology,,,blog-oiyo,BigFivePersonalityTest
biology-autophagy-cellular-cleanup,magazine,published,ko,오토파지(Autophagy): 내 몸이 스스로를 청소하는 기적,biology-autophagy-cellular-cleanup,Mind & Psychology,,,blog-oiyo,
birthstone-april-diamond-meaning,magazine,published,ko,4월의 탄생석 다이아몬드: 영원한 사랑과 불굴의 강인함의 의미,birthstone-april-diamond-meaning,Mysticism,,,blog-oiyo,
birthstone-august-peridot-meaning,magazine,published,ko,8월의 탄생석 페리도트: 태양의 빛을 품은 연두빛 보석,birthstone-august-peridot-meaning,Mysticism,,,blog-oiyo,
birthstone-december-tanzanite-turquoise-meaning,magazine,published,ko,12월의 탄생석 탄자나이트와 터키석: 파란빛 지혜와 보호의 겨울 보석,birthstone-december-tanzanite-turquoise-meaning,Mysticism,,,blog-oiyo,
birthstone-february-amethyst-meaning,magazine,published,ko,"2월의 탄생석 자수정: 차분함, 직관, 그리고 내면의 지혜를 깨우는 보석",birthstone-february-amethyst-meaning,Mysticism,,,blog-oiyo,
birthstone-january-garnet-meaning,magazine,published,ko,"1월의 탄생석 가넷: 의미, 효능, 그리고 착용법 완벽 가이드",birthstone-january-garnet-meaning,Mysticism,,,blog-oiyo,
birthstone-july-ruby-meaning,magazine,published,ko,"7월의 탄생석 루비: 열정, 보호, 그리고 생명의 불꽃",birthstone-july-ruby-meaning,Mysticism,,,blog-oiyo,
birthstone-june-pearl-alexandrite-meaning,magazine,published,ko,6월의 탄생석 진주와 알렉산드라이트: 순수함과 변화의 이중 보석,birthstone-june-pearl-alexandrite-meaning,Mysticism,,,blog-oiyo,
birthstone-march-aquamarine-meaning,magazine,published,ko,3월의 탄생석 아쿠아마린: 바다의 용기와 소통의 보석,birthstone-march-aquamarine-meaning,Mysticism,,,blog-oiyo,
birthstone-may-emerald-meaning,magazine,published,ko,"5월의 탄생석 에메랄드: 사랑, 재생, 풍요의 초록빛 보석",birthstone-may-emerald-meaning,Mysticism,,,blog-oiyo,
birthstone-november-topaz-citrine-meaning,magazine,published,ko,"11월의 탄생석 토파즈와 시트린: 황금빛 따뜻함, 기쁨과 풍요의 보석",birthstone-november-topaz-citrine-meaning,Mysticism,,,blog-oiyo,
birthstone-october-opal-tourmaline-meaning,magazine,published,ko,10월의 탄생석 오팔과 투르말린: 무지개 빛의 창의성과 다채로운 보호,birthstone-october-opal-tourmaline-meaning,Mysticism,,,blog-oiyo,
birthstone-september-sapphire-meaning,magazine,published,ko,"9월의 탄생석 사파이어: 지혜, 충실, 그리고 왕족의 파란 보석",birthstone-september-sapphire-meaning,Mysticism,,,blog-oiyo,
black-death-pandemic-economics,magazine,published,ko,흑사병: 전염병이 유럽을 구한 방법,black-death-pandemic-economics,Myth & Culture,,,blog-oiyo,
blackjack,interactive,published,ko,블랙잭 — 딜러를 이겨라! 온라인 블랙잭,blackjack,Game,,,blog-oiyo,Blackjack
blackjack-probability-decision,interactive,published,ko,블랙잭과 확률의 미학: 카지노를 이기는 수학적 의사결정,blackjack-probability-decision,Strategy,,,blog-oiyo,Blackjack
blood-type-personality-complete,magazine,published,ko,혈액형 성격 완전 가이드: A·B·O·AB형의 진짜 특징과 궁합,blood-type-personality-complete,Psychology,,,blog-oiyo,
bmi-body-composition-health,magazine,published,ko,BMI와 체지방률: 겉모습 너머의 건강 지표를 읽는 법,bmi-body-composition-health,Health,,,blog-oiyo,
bmi-body-fat-health-guide,interactive,published,ko,BMI와 체지방률로 보는 건강 체중 — 수치보다 중요한 것들,bmi-body-fat-health-guide,Health,,,blog-oiyo,BmiCalculator
bmi-bodyfat-calorie-complete-guide,magazine,published,ko,BMI·체지방률·칼로리 통합 가이드: 숫자 너머의 진짜 건강 지표,bmi-bodyfat-calorie-complete-guide,Health,,,blog-oiyo,
bmi-calculator,interactive,published,ko,BMI & 체지방률 계산기 — 내 건강 지표 확인하기,bmi-calculator,Health,,,blog-oiyo,BmiCalculator
body-and-mind-legs,magazine,published,ko,몸과 마음은 삶을 지탱하는 두 다리다: 통합적 건강을 위한 균형학,body-and-mind-legs,Philosophy & Spirit,,,blog-oiyo,
body-fat-calculator,interactive,published,ko,체지방률 계산기 (해군 공식) — 정확한 체지방 측정,body-fat-calculator,Health,,,blog-oiyo,BodyFatCalculator
body-keeps-the-score-somatic,magazine,published,ko,몸은 기억한다: 트라우마와 소매틱(Somatic) 치유,body-keeps-the-score-somatic,Mind & Psychology,,,blog-oiyo,
body-language-psychology-guide,magazine,published,ko,바디랭귀지 완전 가이드: 몸으로 읽는 심리학 80가지 신호,body-language-psychology-guide,Psychology,,,blog-oiyo,
boost-brain-performance-daily-habits,magazine,published,ko,뇌 성능을 끌어올리는 8가지 일상 습관: 달리기·계산·독서·소리내어 읽기의 과학,boost-brain-performance-daily-habits,Wellness,,,blog-oiyo,
boundary-style-test,interactive,published,ko,경계 설정 스타일 테스트 — 나는 어떻게 경계를 긋는가?,boundary-style-test,Psychology,,,blog-oiyo,BoundaryStyleTest
brain-energy-drugs-alcohol-mental-illness,magazine,published,ko,브레인 에너지 16장. 약물과 알코올이 정신 건강을 무너뜨리는 과학적 원리,brain-energy-drugs-alcohol-mental-illness,Psychology,,,blog-oiyo,
broken-windows-theory-crime,magazine,published,ko,깨진 유리창 이론 (Broken Windows Theory): 질서와 혼돈,broken-windows-theory-crime,Mind & Psychology,,,blog-oiyo,
brokerage-calculator,interactive,published,ko,주식 수수료 계산기 — 매수·매도 수수료 총비용 계산,brokerage-calculator,Finance,,,blog-oiyo,BrokerageCalculator
brokerage-fee-negotiation,academy,published,ko,부동산 중개수수료 가이드: 복비 아까워하지 말고 똑똑하게 협상하는 법,brokerage-fee-negotiation,Finance,,,blog-oiyo,
buddhist-void-sunyata,magazine,published,ko,공(Sunyata): 비움의 지혜,buddhist-void-sunyata,Philosophy & Spirit,,,blog-oiyo,
burnout-recovery-dopamine-reset,magazine,published,ko,번아웃과 도파민 단식: 쉬어도 피곤한 당신을 위한 뇌 리셋,burnout-recovery-dopamine-reset,Mind & Psychology,,,blog-oiyo,
burnout-recovery-guide,magazine,published,ko,"번아웃, 게으름이 아닙니다 — 소진의 심리학과 회복법",burnout-recovery-guide,Magazine,,,blog-oiyo,
burnout-test,interactive,published,ko,번아웃 자가 진단 — 나는 지금 번아웃 상태일까?,burnout-test,Psychology,,,blog-oiyo,BurnoutTest
business-type-test,interactive,published,ko,창업 성향 테스트 — 나는 어떤 사업가 유형인가?,business-type-test,Psychology,,,blog-oiyo,BusinessTypeTest
bystander-effect-apathy,magazine,published,ko,방관자 효과: 왜 우리는 그저 지켜보는가,bystander-effect-apathy,Mind & Psychology,,,blog-oiyo,
bystander-effect-social,magazine,published,ko,방관자 효과 (The Bystander Effect),bystander-effect-social,Mind & Psychology,,,blog-oiyo,
caffe-latte-factor-calculator,interactive,published,ko,라떼 팩터 계산기 — 작은 소비 습관이 미래 자산에 미치는 영향,caffe-latte-factor-calculator,Finance,,,blog-oiyo,CaffelatteCalculator
caffeine-calculator,interactive,published,ko,카페인 계산기 — 오늘 마신 카페인 안전한가요?,caffeine-calculator,Health,,,blog-oiyo,CaffeineCalculator
caffeine-half-life-sleep,interactive,published,ko,카페인 반감기: 커피 한 잔이 수면의 질을 결정하는 과학적 이유,caffeine-half-life-sleep,Health,,,blog-oiyo,
caffeine-sensitivity-guide,interactive,published,ko,카페인 완전 가이드: 민감도·반감기·최적 섭취 시간·부작용 총정리,caffeine-sensitivity-guide,Health,,,blog-oiyo,
caffelatte-calculator,interactive,published,ko,카페라떼 칼로리 계산기 — 내 커피 한 잔의 칼로리는?,caffelatte-calculator,Health,,,blog-oiyo,CaffelatteCalculator
caffelatte-effect-saving,academy,published,ko,카페라떼 효과: 작은 지출 속에 숨겨진 억 단위 자산의 비밀,caffelatte-effect-saving,Finance,,,blog-oiyo,
calorie-calculator,interactive,published,ko,하루 칼로리 계산기 — BMR·TDEE 및 목표 칼로리 계산,calorie-calculator,Health,,,blog-oiyo,CalorieCalculator
capital-gains-tax-calculator,interactive,published,ko,양도소득세 계산기 — 부동산·주식 양도세 미리 계산하기,capital-gains-tax-calculator,Finance,,,blog-oiyo,CapitalGainsTaxCalculator
capital-gains-tax-guide,interactive,published,ko,양도소득세 완전 정복: 계산·비과세·절세·법령 총정리,capital-gains-tax-guide,Tax,,,blog-oiyo,
car-maintenance-guide,magazine,published,ko,성능을 유지하는 자동차 관리의 정석: 주행거리별 필수 점검 포인트,car-maintenance-guide,Lifestyle & How-to,,,blog-oiyo,
car-purchase-checklist,magazine,published,ko,자동차 구입 직후 당신이 해야 할 일: 등록부터 보험까지 완벽 가이드,car-purchase-checklist,Lifestyle & How-to,,,blog-oiyo,
career-change-guide,magazine,published,ko,이직·커리어 전환 완전 가이드: 성공적인 직업 변화를 위한 로드맵,career-change-guide,Self-Improvement,,,blog-oiyo,
career-growth-snake-game,interactive,published,ko,커리어 성장 스네이크: 지식을 먹고 번아웃을 피하는 생존 전략,career-growth-snake-game,Education,,,blog-oiyo,SnakeGame
career-values-test,interactive,published,ko,직업 가치관 테스트 — 나는 일에서 무엇을 원하는가?,career-values-test,Psychology,,,blog-oiyo,CareerValuesTest
carl-jung-archetypes-psyche,magazine,published,ko,칼 융의 원형(Archetypes): 무의식 속 보편적 패턴,carl-jung-archetypes-psyche,Mind & Psychology,,,blog-oiyo,
carl-jung-archetypes-self,magazine,published,ko,칼 융의 원형(Archetypes): 내 안의 낯선 인격들,carl-jung-archetypes-self,Mind & Psychology,,,blog-oiyo,
cassandra-unbelieved-truth,magazine,published,ko,카산드라: 믿어지지 않는 진실의 저주,cassandra-unbelieved-truth,Myth & Culture,,,blog-oiyo,
causes-of-mental-illness,magazine,published,ko,"정신질환을 일으키는 원인은 무엇인가?: 우울증부터 조현병까지, 그 이면의 진실",causes-of-mental-illness,Psychology,,,blog-oiyo,
cbt-cognitive-behavioral-therapy-guide,magazine,published,ko,인지행동치료(CBT): 부정적 생각의 고리를 끊는 법,cbt-cognitive-behavioral-therapy-guide,Mind & Psychology,,,blog-oiyo,
cbt-essentials-rewiring-mind,magazine,published,ko,인지행동치료(CBT): 생각의 회로를 재구성하는 법,cbt-essentials-rewiring-mind,Mind & Psychology,,,blog-oiyo,
celtic-tree-signs,magazine,published,ko,신성한 숲: 켈트 수목 점성술,celtic-tree-signs,Myth & Culture,,,blog-oiyo,
chakra-complete-guide,magazine,published,ko,차크라 완전 가이드: 7개 에너지 센터 완전 해설과 균형 잡기,chakra-complete-guide,Fortune & Spirituality,,,blog-oiyo,
change-blindness-perception,magazine,published,ko,변화 맹시 (Change Blindness): 보이지 않는 교체,change-blindness-perception,Mind & Psychology,,,blog-oiyo,
checkers,interactive,published,ko,체커스 — 클래식 체커 보드 게임,checkers,Game,,,blog-oiyo,Checkers
checkers-maneuver-strategy,interactive,published,ko,체커와 도약: 단순한 전진보다 중요한 공격적 기동성,checkers-maneuver-strategy,Strategy,,,blog-oiyo,Checkers
chess,interactive,published,ko,체스 — 전략의 게임 온라인 체스,chess,Game,,,blog-oiyo,ChessBoard
chess-strategic-management,academy,published,ko,체스와 경영: 64개 칸 위에서 펼쳐지는 자원 관리의 예술,chess-strategic-management,Education,,,blog-oiyo,
chess-strategy-depth-thinking,interactive,published,ko,"체스(Chess): 수읽기의 깊이 — 선제와 반응, 희생과 교환의 전략론",chess-strategy-depth-thinking,Strategy,,,blog-oiyo,ChessBoard
child-growth-height-guide,interactive,published,ko,자녀 성장과 키 예측 완전 가이드: 유전·영양·수면·운동의 과학,child-growth-height-guide,Health,,,blog-oiyo,
child-height-prediction-factors,interactive,published,ko,자녀 예상 키: 유전자가 보내주는 설계도와 후천적 노력의 한 조각,child-height-prediction-factors,Health,,,blog-oiyo,
chimp-test,interactive,published,ko,침팬지 테스트 — 당신은 침팬지보다 기억력이 좋은가?,chimp-test,Game,,,blog-oiyo,ChimpTest
chimp-test-cognitive-memory,interactive,published,ko,침팬지보다 나은 당신의 기억력을 증명하라: 뇌 가소성과 침팬지 테스트의 비밀,chimp-test-cognitive-memory,Psychology,,,blog-oiyo,ChimpTest
chinese-zodiac-2026-complete,magazine,published,ko,2026년 12띠 연간 운세 완전 분석: 병오년(丙午年) 각 띠별 총운·사랑·재물·직업,chinese-zodiac-2026-complete,Fortune & Spirituality,,,blog-oiyo,
chinese-zodiac-compatibility-complete-guide,magazine,published,ko,12띠 궁합 완전 가이드: 삼합·육합·충·파·해 완벽 해석,chinese-zodiac-compatibility-complete-guide,Fortune & Spirituality,,,blog-oiyo,
chinese-zodiac-compatibility-matrix,magazine,published,ko,12띠 삼합·육합·충 궁합 완전 매트릭스: 모든 띠 조합 분석,chinese-zodiac-compatibility-matrix,Fortune & Spirituality,,,blog-oiyo,
chinese-zodiac-dog-complete-guide,magazine,published,ko,"개띠(狗) 완벽 가이드: 충성의 수호자, 정의로운 친구",chinese-zodiac-dog-complete-guide,Fortune & Spirituality,,,blog-oiyo,
chinese-zodiac-dragon-complete-guide,magazine,published,ko,"용띠(龍) 완벽 가이드: 황제의 기운, 12지 중 유일한 신화의 동물",chinese-zodiac-dragon-complete-guide,Fortune & Spirituality,,,blog-oiyo,
chinese-zodiac-goat-complete-guide,magazine,published,ko,"양띠(羊) 완벽 가이드: 온화한 예술가, 공동체의 따뜻한 중심",chinese-zodiac-goat-complete-guide,Fortune & Spirituality,,,blog-oiyo,
chinese-zodiac-horse-complete-guide,magazine,published,ko,"말띠(馬) 완벽 가이드: 자유의 영혼, 끝없는 평원을 달리는 에너지",chinese-zodiac-horse-complete-guide,Fortune & Spirituality,,,blog-oiyo,
chinese-zodiac-monkey-complete-guide,magazine,published,ko,"원숭이띠(猴) 완벽 가이드: 천재적 재치, 변화무쌍한 아이디어의 천재",chinese-zodiac-monkey-complete-guide,Fortune & Spirituality,,,blog-oiyo,
chinese-zodiac-ox-complete-guide,magazine,published,ko,"소띠(牛) 완벽 가이드: 성실한 대지의 수호자, 신뢰의 상징",chinese-zodiac-ox-complete-guide,Fortune & Spirituality,,,blog-oiyo,
chinese-zodiac-pig-complete-guide,magazine,published,ko,"돼지띠(猪) 완벽 가이드: 행운의 수호자, 풍요와 기쁨의 상징",chinese-zodiac-pig-complete-guide,Fortune & Spirituality,,,blog-oiyo,
chinese-zodiac-rabbit-complete-guide,magazine,published,ko,"토끼띠(兔) 완벽 가이드: 우아한 감성, 평화로운 행운아",chinese-zodiac-rabbit-complete-guide,Fortune & Spirituality,,,blog-oiyo,
chinese-zodiac-rat-complete-guide,magazine,published,ko,"쥐띠(鼠) 완벽 가이드: 영리한 생존자, 기회의 포착자",chinese-zodiac-rat-complete-guide,Fortune & Spirituality,,,blog-oiyo,
chinese-zodiac-rooster-complete-guide,magazine,published,ko,"닭띠(鷄) 완벽 가이드: 완벽주의 실행가, 새벽을 깨우는 자",chinese-zodiac-rooster-complete-guide,Fortune & Spirituality,,,blog-oiyo,
chinese-zodiac-snake-complete-guide,magazine,published,ko,"뱀띠(蛇) 완벽 가이드: 지혜의 화신, 신비로운 직관의 소유자",chinese-zodiac-snake-complete-guide,Fortune & Spirituality,,,blog-oiyo,
chinese-zodiac-tiger-complete-guide,magazine,published,ko,"호랑이띠(虎) 완벽 가이드: 왕의 카리스마, 숲의 지배자",chinese-zodiac-tiger-complete-guide,Fortune & Spirituality,,,blog-oiyo,
choosing-people-choosing-future,magazine,published,ko,곁에 둘 사람을 선택하는 것은 곧 미래를 선택하는 것이다: 성장을 돕는 인연의 힘,choosing-people-choosing-future,Philosophy & Spirit,,,blog-oiyo,
choosing-who-to-keep,magazine,published,ko,곁에 둘 사람을 선택하는 것은 곧 미래를 선택하는 것이다: 환경이 만드는 운명의 힘,choosing-who-to-keep,Philosophy & Spirit,,,blog-oiyo,
chronotypes-sleep-biology-optimization,magazine,published,ko,크로노타입(Chronotypes): 당신의 생체 시계가 알려주는 최적의 리듬,chronotypes-sleep-biology-optimization,Mind & Psychology,,,blog-oiyo,
circadian-rhythm-alignment,magazine,published,ko,일주기 리듬: 당신의 몸을 우주와 동기화하는 법,circadian-rhythm-alignment,Lifestyle & Growth,,,blog-oiyo,
circadian-rhythm-hormone-guide,magazine,published,ko,생체 리듬과 호르몬 사이클 완전 가이드: 수면·월경·에너지 최적화,circadian-rhythm-hormone-guide,Health,,,blog-oiyo,
cobra-effect-incentives,magazine,published,ko,코브라 효과: 역효과를 낳는 인센티브,cobra-effect-incentives,Mind & Psychology,,,blog-oiyo,
codependency-test,interactive,published,ko,공동의존 성향 테스트 — 나는 관계에서 나를 잃고 있나요?,codependency-test,Psychology,,,blog-oiyo,CodependencyTest
coffee-personality-test,interactive,published,ko,커피 성격 테스트 — 나는 어떤 커피 타입?,coffee-personality-test,Psychology,,,blog-oiyo,CoffeePersonalityTest
cognitive-bias-complete-guide,magazine,published,ko,인지 편향 완전 가이드: 우리의 판단을 왜곡하는 20가지 심리 함정,cognitive-bias-complete-guide,Psychology,,,blog-oiyo,
cognitive-bias-test,interactive,published,ko,인지 편향 유형 테스트 — 나는 어떤 편향에 취약한가?,cognitive-bias-test,Psychology,,,blog-oiyo,CognitiveBiasTest
cognitive-dissonance-beliefs,magazine,published,ko,인지부조화: 스스로에게 하는 거짓말,cognitive-dissonance-beliefs,Mind & Psychology,,,blog-oiyo,
cognitive-dissonance-self-justification-truth,magazine,published,ko,인지 부조화: 우리는 왜 자신을 속이며 합리화하는가?,cognitive-dissonance-self-justification-truth,Mind & Psychology,,,blog-oiyo,
cognitive-dissonance-truth,magazine,published,ko,인지 부조화: 틀렸다는 것의 고통,cognitive-dissonance-truth,Mind & Psychology,,,blog-oiyo,
cognitive-load-management,magazine,published,ko,인지적 부하 관리 기술: 정보 과잉 시대에 뇌의 성능을 지키는 법,cognitive-load-management,Psychology & Productivity,,,blog-oiyo,
collective-trauma-to-growth,magazine,published,ko,집단 트라우마에서 집단 성장으로: 공동체의 고통을 승화시키는 힘,collective-trauma-to-growth,Mind & Psychology,,,blog-oiyo,
collective-unconscious-archetypes,magazine,published,ko,집단 무의식과 원형: 모든 인류가 공유하는 정신의 지하 창고,collective-unconscious-archetypes,Mind & Psychology,,,blog-oiyo,
collective-unconscious-archetypes-history,magazine,published,ko,집단 무의식의 고고학: 원형(Archetype)의 층위,collective-unconscious-archetypes-history,Mind & Psychology,,,blog-oiyo,
color-aura-test,interactive,published,ko,나의 오라 색깔은? — 에너지 오라 컬러 테스트,color-aura-test,Psychology,,,blog-oiyo,ColorAuraTest
color-palette-extraction-nature,magazine,published,ko,자연에서 빌려온 색: 이미지에서 나만의 팔레트를 찾는 법,color-palette-extraction-nature,Design,,,blog-oiyo,
color-personality-test,interactive,published,ko,컬러 성격 테스트 — 나를 대표하는 색깔은?,color-personality-test,Psychology,,,blog-oiyo,ColorPersonalityTest
color-picker,interactive,published,ko,색상 선택기 — HEX·RGB·HSL 색상 코드 변환기,color-picker,Image,,,blog-oiyo,ColorPickerTool
color-psychology-complete-guide,magazine,published,ko,색상 심리학 완전 가이드: 색깔이 감정·행동·구매에 미치는 영향,color-psychology-complete-guide,Psychology,,,blog-oiyo,
commanding-position-desk-bed,magazine,published,ko,배산임수의 현대적 적용: 책상과 침대의 위치 선정,commanding-position-desk-bed,Mysticism,,,blog-oiyo,
common-pathway-of-mental-illness,magazine,published,ko,정신질환에는 반드시 공통경로가 있다: 뇌 에너지 이론의 시작,common-pathway-of-mental-illness,Psychology,,,blog-oiyo,
communication-skills-complete,magazine,published,ko,"소통 기술 완전 가이드: 설득, 협상, 프레젠테이션의 과학",communication-skills-complete,Self-Improvement,,,blog-oiyo,
communication-style-psychology,magazine,published,ko,소통 스타일의 심리학 — 당신은 어떻게 말하고 있는가?,communication-style-psychology,Magazine,,,blog-oiyo,
communication-style-test,interactive,published,ko,소통 스타일 테스트 — 나는 어떻게 대화하는가?,communication-style-test,Psychology,,,blog-oiyo,CommunicationStyleTest
compatibility-test,interactive,published,ko,궁합 테스트 — 나와 파트너의 성격 궁합 분석,compatibility-test,Psychology,,,blog-oiyo,CompatibilityTest
composite-charts-third-energy,magazine,published,ko,세 번째 존재: 합성 차트 이해하기,composite-charts-third-energy,Philosophy & Spirit,,,blog-oiyo,
compound-interest-2048-game,academy,published,ko,복리의 마법 2048: 당신의 자산이 기하급수적으로 늘어나는 원리,compound-interest-2048-game,Finance,,,blog-oiyo,
compound-interest-calculator,interactive,published,ko,복리 계산기 — 시간이 돈이 되는 복리의 마법,compound-interest-calculator,Finance,,,blog-oiyo,CompoundInterestCalculator
compound-interest-complete-guide,academy,published,ko,복리의 마법 완전 정복: 72법칙부터 인플레이션 조정 시뮬레이션까지,compound-interest-complete-guide,Finance,,,blog-oiyo,
compound-interest-guide,interactive,published,ko,복리의 마법 완전 가이드 — 이자에 이자가 붙는 눈덩이 효과 계산하기,compound-interest-guide,Finance,,,blog-oiyo,CompoundInterestCalculator
compound-interest-magic-snowball,academy,published,ko,복리의 마법: 아인슈타인이 극찬한 세계 8대 불가사의 활용법,compound-interest-magic-snowball,Finance,,,blog-oiyo,
confirmation-bias-cherry-picking,magazine,published,ko,확증 편향: 왜 당신은 좀처럼 객관적이지 못한가,confirmation-bias-cherry-picking,Mind & Psychology,,,blog-oiyo,
conflict-resolution-styles,magazine,published,ko,갈등을 피하는 것이 평화일까요? — 5가지 갈등 해결 방식의 심리학,conflict-resolution-styles,Magazine,,,blog-oiyo,
conflict-response-styles,magazine,published,ko,관계의 조화를 위한 5가지 갈등 대응 유형 탐구,conflict-response-styles,Psychology,,,blog-oiyo,
conflict-style-test,interactive,published,ko,갈등 해결 스타일 테스트 — 나는 어떻게 갈등을 다루나요?,conflict-style-test,Psychology,,,blog-oiyo,ConflictStyleTest
confucianism-hierarchy-respect,magazine,published,ko,유교: 인간관계의 기하학,confucianism-hierarchy-respect,Philosophy & Spirit,,,blog-oiyo,
connection-physical-mental-health,magazine,published,ko,신체질환도 정신질환과 고리처럼 연결되어 있다: 대사 장애가 정신 건강에 미치는 영향,connection-physical-mental-health,Psychology,,,blog-oiyo,
conquering-nightmares-rewrite,magazine,published,ko,악몽을 길몽으로 바꾸는 이미지 리허설 요법(IRT),conquering-nightmares-rewrite,Mysticism,,,blog-oiyo,
conscious-uncoupling-boundaries,magazine,published,ko,이별의 기술: 의식적 이별과 경계 설정,conscious-uncoupling-boundaries,Philosophy & Spirit,,,blog-oiyo,
consciousness-hard-problem,magazine,published,ko,어려운 문제 (Hard Problem): 운전자는 누구인가?,consciousness-hard-problem,Lifestyle & Growth,,,blog-oiyo,
coping-style-test,interactive,published,ko,스트레스 대처 방식 테스트 — 나는 어떻게 대처하는가?,coping-style-test,Psychology,,,blog-oiyo,CopingStyleTest
cosmic-dance-orbits-time,magazine,published,ko,우주적 왈츠: 우리는 시간의 영원한 여행자들이다,cosmic-dance-orbits-time,Lifestyle & Growth,,,blog-oiyo,
courage-to-protect-myself,magazine,published,ko,마침내 나를 지킬 용기를 내다: 건강한 경계선이 만드는 삶의 품격,courage-to-protect-myself,Philosophy & Spirit,,,blog-oiyo,
court-cards-people-archetypes,magazine,published,ko,코트 카드(Court Cards): 타로 속 16가지 인물 유형,court-cards-people-archetypes,Mysticism,,,blog-oiyo,
creation-myth-east-west-worldviews,magazine,published,ko,창세신화와 동서양 세계관의 차이: 자아의 탄생과 자연의 질서,creation-myth-east-west-worldviews,Mythology,,,blog-oiyo,
creativity-type-test,interactive,published,ko,창의성 유형 테스트 — 나의 창의성은 어떤 형태인가?,creativity-type-test,Psychology,,,blog-oiyo,CreativityTypeTest
critical-thinking-logic-guide,magazine,published,ko,비판적 사고 완전 가이드: 논리적 오류와 더 나은 판단법,critical-thinking-logic-guide,Philosophy,,,blog-oiyo,
crypto-tax-guide,interactive,published,ko,암호화폐 세금 완전 가이드: 2025년 과세·계산·신고·절세 전략 총정리,crypto-tax-guide,Tax,,,blog-oiyo,
crystal-healing-complete-guide,magazine,published,ko,크리스탈 힐링 완전 가이드: 30가지 보석 효능과 사용법,crystal-healing-complete-guide,Fortune & Spirituality,,,blog-oiyo,
cultural-greeting-guide,interactive,published,ko,세계 인사 문화 가이드 — 나라별 인사 방식 완벽 정리,cultural-greeting-guide,Utility,,,blog-oiyo,CulturalGreetingGuide
curse-of-knowledge-communication,magazine,published,ko,지식의 저주: 전문가는 가르치지 못한다,curse-of-knowledge-communication,Mind & Psychology,,,blog-oiyo,
daewoon-10-year-cycle-seasons,magazine,published,ko,대운(Daewoon): 인생의 계절은 10년마다 바뀐다,daewoon-10-year-cycle-seasons,Mysticism,,,blog-oiyo,
dangun-myth-idealized-objects,magazine,published,ko,"환인, 환웅, 웅녀, 단군: 한민족 최초의 이상화 대상들",dangun-myth-idealized-objects,Mythology,,,blog-oiyo,
dark-psychology-survival-guide,magazine,published,ko,다크심리학: 인간 본성의 어두운 면을 무기로 바꾸는 법,dark-psychology-survival-guide,Psychology,,,blog-oiyo,
dark-triad-human-nature-shadow,magazine,published,ko,어둠의 3요소(Dark Triad): 인간 본성의 그림자,dark-triad-human-nature-shadow,Mind & Psychology,,,blog-oiyo,
dday-goal-setting-guide,magazine,published,ko,D-DAY와 목표 설정의 심리학: 마감 효과·카운트다운·목표 달성 과학,dday-goal-setting-guide,Lifestyle,,,blog-oiyo,
death-anxiety-existentialism,magazine,published,ko,죽음 불안과 실존주의: 죽음을 정면으로 볼 때 삶이 시작된다,death-anxiety-existentialism,Philosophy & Spirit,,,blog-oiyo,
debate-essay-activities,magazine,published,ko,토론과 논술 활동: 논리적 사고를 넘어서,debate-essay-activities,Lifestyle & Growth,,,blog-oiyo,
decision-fatigue-willpower,magazine,published,ko,결정 피로 (Decision Fatigue): 고갈되는 우물,decision-fatigue-willpower,Mind & Psychology,,,blog-oiyo,
decision-making-test,interactive,published,ko,의사결정 스타일 테스트 — 나는 어떻게 결정하는가?,decision-making-test,Psychology,,,blog-oiyo,DecisionMakingTest
decoy-effect-marketing,magazine,published,ko,미끼 효과 (The Decoy Effect),decoy-effect-marketing,Mind & Psychology,,,blog-oiyo,
deep-work-focus-distraction-mastery,magazine,published,ko,딥 워크(Deep Work): 산만한 시대에 독보적인 가치를 만드는 힘,deep-work-focus-distraction-mastery,Lifestyle & Growth,,,blog-oiyo,
deep-work-focus-guide,magazine,published,ko,딥 워크 완전 가이드: 깊은 집중의 과학과 실전 방법,deep-work-focus-guide,Self-Improvement,,,blog-oiyo,
delayed-gratification-marshmallow,magazine,published,ko,만족 지연: 마시멜로 테스트,delayed-gratification-marshmallow,Mind & Psychology,,,blog-oiyo,
deliberate-practice-skill,magazine,published,ko,의식적인 연습 (Deliberate Practice): 1만 시간의 법칙 그 이상,deliberate-practice-skill,Mind & Psychology,,,blog-oiyo,
depression-anxiety-complete-guide,magazine,published,ko,우울감과 불안 완전 가이드: 원인·증상·극복법·치료·자가 관리 총정리,depression-anxiety-complete-guide,Psychology,,,blog-oiyo,
depression-screening-test,interactive,published,ko,우울감 자가 점검 (PHQ-9) — 내 마음 상태 확인하기,depression-screening-test,Psychology,,,blog-oiyo,DepressionScreeningTest
developer-unit-converter-guide,interactive,published,ko,"개발자 단위 변환기 — 비트, 바이트, 진법, 시간 단위를 한 곳에서",developer-unit-converter-guide,Technology,,,blog-oiyo,DeveloperUnitConverter
dice-roller,interactive,published,ko,주사위 굴리기 — D4~D20 온라인 주사위 롤러,dice-roller,Game,,,blog-oiyo,DiceRoller
digital-balance-test,interactive,published,ko,디지털 균형 테스트 — 스마트폰 사용 습관 점검,digital-balance-test,Psychology,,,blog-oiyo,DigitalBalanceTest
digital-detox-deep-work,magazine,published,ko,스크린 속의 감옥: 디지털 디톡스로 잃어버린 몰입 회복하기,digital-detox-deep-work,Lifestyle,,,blog-oiyo,
digital-minimalism-cal-newport-focus,magazine,published,ko,디지털 미니멀리즘: 소음이 사라진 곳에서 시작되는 삶,digital-minimalism-cal-newport-focus,Lifestyle & Growth,,,blog-oiyo,
digital-narcissism-selfie,magazine,published,ko,디지털 나르시시즘: 셀카의 심리학,digital-narcissism-selfie,Mind & Psychology,,,blog-oiyo,
digital-wellness-test,interactive,published,ko,디지털 웰니스 테스트 — 나는 스마트폰에 얼마나 의존하나?,digital-wellness-test,Psychology,,,blog-oiyo,DigitalWellnessTest
disc-personality-test,interactive,published,ko,DISC 성격 유형 테스트 — 나의 행동 스타일은?,disc-personality-test,Psychology,,,blog-oiyo,DiscPersonalityTest
disc-personality-workplace-guide,magazine,published,ko,DISC 유형 완전 가이드: 4가지 행동 유형과 직장 생활 전략,disc-personality-workplace-guide,Psychology,,,blog-oiyo,
dividend-investment-guide,interactive,published,ko,배당 투자 완전 가이드: 배당수익률·배당성향·DRIP·세금 총정리,dividend-investment-guide,Finance,,,blog-oiyo,
dog-vision-simulator,interactive,published,ko,강아지 시각 시뮬레이터 — 개가 보는 세상은 어떤 모습?,dog-vision-simulator,Image,,,blog-oiyo,DogVisionSimulator
dog-vision-simulator-science,interactive,published,ko,강아지 눈으로 보기 — 개의 시각 과학과 색맹 시뮬레이터,dog-vision-simulator-science,Science,,,blog-oiyo,DogVisionSimulator
dog-vision-spectrum-perspective,magazine,published,ko,다른 눈으로 세상 보기: 반려견의 시선에서 본 색채의 미학,dog-vision-spectrum-perspective,Culture,,,blog-oiyo,
dohwa-sal-peach-blossom-attraction,magazine,published,ko,도화살(桃花殺)과 홍염살: 거부할 수 없는 끌림의 비밀,dohwa-sal-peach-blossom-attraction,Mysticism,,,blog-oiyo,
dokkaebi-wealth-mischief,magazine,published,ko,"도깨비: 장난, 부(Wealth), 그리고 방망이",dokkaebi-wealth-mischief,Myth & Culture,,,blog-oiyo,
dominoes,interactive,published,ko,도미노 — 숫자를 이어라! 도미노 게임,dominoes,Game,,,blog-oiyo,Dominoes
dominoes-connectivity-strategy,interactive,published,ko,도미노(Dominoes)와 연결성: 흐름을 만드는 데이터 체인의 전략,dominoes-connectivity-strategy,Education,,,blog-oiyo,Dominoes
dont-postpone-yourself,magazine,published,ko,나를 뒤로 미루지 마라: 나를 챙기는 것이 가장 책임 있는 선택인 이유,dont-postpone-yourself,Philosophy & Spirit,,,blog-oiyo,
door-in-the-face-influence,magazine,published,ko,면전에서 문 닫기 (Door-in-the-Face): 높게 목표 잡기,door-in-the-face-influence,Mind & Psychology,,,blog-oiyo,
dopamine-fasting-digital-detox,magazine,published,ko,도파민 단식: 쾌락의 함정에서 뇌를 구출하는 법,dopamine-fasting-digital-detox,Mind & Psychology,,,blog-oiyo,
dopamine-fasting-focus,magazine,published,ko,도파민 단식: 뇌를 되찾기,dopamine-fasting-focus,Mind & Psychology,,,blog-oiyo,
dream-interpretation-guide,magazine,published,ko,꿈해몽 완전 가이드: 꿈의 의미와 심리학적 해석,dream-interpretation-guide,Fortune & Spirituality,,,blog-oiyo,
dream-interpretation-taemong,magazine,published,ko,해몽: 프로이트에서 태몽까지,dream-interpretation-taemong,Myth & Culture,,,blog-oiyo,
dream-symbols-flying-falling-meaning,magazine,published,ko,하늘을 나는 꿈 vs 떨어지는 꿈: 무의식의 언어 해석,dream-symbols-flying-falling-meaning,Mysticism,,,blog-oiyo,
dsr-calculator,interactive,published,ko,DSR 계산기 — 내 대출 가능 한도 계산하기,dsr-calculator,Finance,,,blog-oiyo,DsrCalculator
dsr-calculator-debt-strategy,academy,published,ko,"대출의 기술: DSR 40% 시대, 당신의 내 집 마련 전략은?",dsr-calculator-debt-strategy,Finance,,,blog-oiyo,
dunbars-number-social,magazine,published,ko,던바의 수 (Dunbar''s Number): 우정의 한계,dunbars-number-social,Mind & Psychology,,,blog-oiyo,
dunbars-number-social-limit,magazine,published,ko,던바의 수: 우정의 한계,dunbars-number-social-limit,Mind & Psychology,,,blog-oiyo,
dunning-kruger-effect-competence,magazine,published,ko,더닝-크루거 효과: 자신감 대 유능함,dunning-kruger-effect-competence,Mind & Psychology,,,blog-oiyo,
dutch-pay-money-etiquette,academy,published,ko,더치페이 완전 가이드: 세계의 돈 에티켓과 공정한 계산 방법,dutch-pay-money-etiquette,Finance,,,blog-oiyo,
early-repayment-fee-guide,interactive,published,ko,중도상환수수료 완전 가이드: 계산 방법·면제 조건·금리 인하 요구권 총정리,early-repayment-fee-guide,Finance,,,blog-oiyo,
earthly-branches-animal-archetypes,magazine,published,ko,지지(地支)의 비밀: 십이간지와 시간의 동물 원형,earthly-branches-animal-archetypes,Mysticism,,,blog-oiyo,
education-accounting-ch1,academy,published,ko,비즈니스의 언어: 회계 입문,education-accounting-ch1,Accounting,,,blog-oiyo,
education-accounting-ch10,academy,published,ko,고급회계 III: 파생상품과 위험회피,education-accounting-ch10,Accounting,,,blog-oiyo,
education-accounting-ch11,academy,published,ko,원가관리 I: 원가흐름과 배부,education-accounting-ch11,Accounting,,,blog-oiyo,
education-accounting-ch12,academy,published,ko,원가관리 II: 제품별 원가계산시스템,education-accounting-ch12,Accounting,,,blog-oiyo,
education-accounting-ch13,academy,published,ko,관리회계: 의사결정과 성과평가,education-accounting-ch13,Accounting,,,blog-oiyo,
education-accounting-ch14,academy,published,ko,회계학 Ch14. 원가회계와 CVP 분석 — 이익의 지도를 그리는 법,education-accounting-ch14,Accounting,,,blog-oiyo,
education-accounting-ch15,academy,published,ko,회계학 Ch15. 표준원가계산과 차이 분석 — 관리회계의 고도화,education-accounting-ch15,Accounting,,,blog-oiyo,
education-accounting-ch16,academy,published,ko,회계학 Ch16. 실전 의사결정과 CVP 게임 — 이익을 극대화하는 경영자라면,education-accounting-ch16,Accounting,,,blog-oiyo,
education-accounting-ch2,academy,published,ko,재무의 삼위일체: 재무제표의 유기적 연결,education-accounting-ch2,Accounting,,,blog-oiyo,
education-accounting-ch3,academy,published,ko,발생주의 회계와 결산 절차,education-accounting-ch3,Accounting,,,blog-oiyo,
education-accounting-ch4,academy,published,ko,중급회계 I: 자산의 평가와 손상,education-accounting-ch4,Accounting,,,blog-oiyo,
education-accounting-ch5,academy,published,ko,중급회계 II: 부채와 충당부채,education-accounting-ch5,Accounting,,,blog-oiyo,
education-accounting-ch6,academy,published,ko,중급회계 III: 자본과 주당이익,education-accounting-ch6,Accounting,,,blog-oiyo,
education-accounting-ch7,academy,published,ko,중급회계 IV: 수익인식과 복합금융상품,education-accounting-ch7,Accounting,,,blog-oiyo,
education-accounting-ch8,academy,published,ko,고급회계 I: 사업결합과 영업권,education-accounting-ch8,Accounting,,,blog-oiyo,
education-accounting-ch9,academy,published,ko,고급회계 II: 연결재무제표의 작성,education-accounting-ch9,Accounting,,,blog-oiyo,
education-actuarial-science-ch1,academy,published,ko,보험수리의 기초: 불확실성을 계산하는 기술,education-actuarial-science-ch1,Actuarial Science,,,blog-oiyo,
education-actuarial-science-ch10,academy,published,ko,IFRS17과 최신 계리 실무: 보험 회계의 새로운 시대,education-actuarial-science-ch10,Actuarial Science,,,blog-oiyo,
education-actuarial-science-ch2,academy,published,ko,생명표의 이해: 인간의 삶을 숫자로 요약하다,education-actuarial-science-ch2,Actuarial Science,,,blog-oiyo,
education-actuarial-science-ch3,academy,published,ko,연금수리의 기초: 노후의 안정을 설계하다,education-actuarial-science-ch3,Actuarial Science,,,blog-oiyo,
education-actuarial-science-ch4,academy,published,ko,보험료 산출의 원리: 위험의 가격을 결정하다,education-actuarial-science-ch4,Actuarial Science,,,blog-oiyo,
education-actuarial-science-ch5,academy,published,ko,보험준비금: 장래의 약속을 위한 저축,education-actuarial-science-ch5,Actuarial Science,,,blog-oiyo,
education-actuarial-science-ch6,academy,published,ko,사망률 모델링: 인간의 수명을 예측하는 공식,education-actuarial-science-ch6,Actuarial Science,,,blog-oiyo,
education-actuarial-science-ch7,academy,published,ko,손해보험 수리: 사고의 빈도와 심도를 측정하다,education-actuarial-science-ch7,Actuarial Science,,,blog-oiyo,
education-actuarial-science-ch8,academy,published,ko,리스크 이론 (Ruin Theory): 파산의 수학적 확률,education-actuarial-science-ch8,Actuarial Science,,,blog-oiyo,
education-actuarial-science-ch9,academy,published,ko,재보험의 수리적 구조: 위험을 나누는 지혜,education-actuarial-science-ch9,Actuarial Science,,,blog-oiyo,
education-advanced-bonds-ch1,academy,published,ko,금융의 중력: 채권의 가격과 수익률,education-advanced-bonds-ch1,Finance,,,blog-oiyo,
education-advanced-bonds-ch10,academy,live,ko,Ch10. 채권 심화 종합 정리 — 실전 포트폴리오 구성,education-advanced-bonds-ch10,Academy,채권 심화,10,blog-oiyo,
education-advanced-bonds-ch2,academy,published,ko,듀레이션과 볼록성: 민감도의 측정,education-advanced-bonds-ch2,Finance,,,blog-oiyo,
education-advanced-bonds-ch3,academy,published,ko,수익률 곡선 분석: 거시경제의 수정구슬,education-advanced-bonds-ch3,Finance,,,blog-oiyo,
education-advanced-bonds-ch4,academy,published,ko,신용 분석과 스프레드: 위험의 가격,education-advanced-bonds-ch4,Finance,,,blog-oiyo,
education-advanced-bonds-ch5,academy,published,ko,특수 채권과 구조화 상품: 기본을 넘어선 세계,education-advanced-bonds-ch5,Finance,,,blog-oiyo,
education-advanced-bonds-ch6,academy,live,ko,Ch6. 채권 포트폴리오 전략 — 분산과 수익률 최적화,education-advanced-bonds-ch6,Academy,채권 심화,6,blog-oiyo,
education-advanced-bonds-ch7,academy,live,ko,Ch7. 글로벌 채권 시장 — 국채·EM채권·하이일드 비교,education-advanced-bonds-ch7,Academy,채권 심화,7,blog-oiyo,
education-advanced-bonds-ch8,academy,live,ko,Ch8. 채권형 ETF 투자 — 접근성과 유동성의 혁신,education-advanced-bonds-ch8,Academy,채권 심화,8,blog-oiyo,
education-advanced-bonds-ch9,academy,live,ko,Ch9. 금리 전망과 채권 전략 — 사이클 읽기,education-advanced-bonds-ch9,Academy,채권 심화,9,blog-oiyo,
education-ai-literacy-ch1,academy,published,ko,제1강: 챗봇 그 이상 - LLM의 해부학,education-ai-literacy-ch1,AI Literacy,,,blog-oiyo,
education-ai-literacy-ch2,academy,live,ko,머신러닝의 기초 — AI는 어떻게 배우는가?,education-ai-literacy-ch2,Academy,AI 리터러시,2,blog-oiyo,
education-ai-literacy-ch3,academy,live,ko,딥러닝과 신경망 — AI가 세상을 인식하는 방법,education-ai-literacy-ch3,Academy,AI 리터러시,3,blog-oiyo,
education-ai-literacy-ch4,academy,live,ko,AI의 한계와 위험 — 환각 편향 개인정보,education-ai-literacy-ch4,Academy,AI 리터러시,4,blog-oiyo,
education-ai-literacy-ch5,academy,live,ko,AI 시대 생존 전략 — 프롬프트 공학과 AI 협업,education-ai-literacy-ch5,Academy,AI 리터러시,5,blog-oiyo,
education-art-psychotherapy-ch1,academy,published,ko,미술 심리치료 입문: 역사와 이론적 기반,education-art-psychotherapy-ch1,Art Psychotherapy,,,blog-oiyo,
education-art-psychotherapy-ch10,academy,published,ko,"성인 미술 치료: 트라우마, 상실, 삶의 전환 처리하기",education-art-psychotherapy-ch10,Art Psychotherapy,,,blog-oiyo,
education-art-psychotherapy-ch11,academy,published,ko,"노인 미술 치료: 노화, 치매, 인생 회고",education-art-psychotherapy-ch11,Art Psychotherapy,,,blog-oiyo,
education-art-psychotherapy-ch2,academy,published,ko,미술 심리치료의 이론적 틀: 정신분석부터 인간중심까지,education-art-psychotherapy-ch2,Art Psychotherapy,,,blog-oiyo,
education-art-psychotherapy-ch3,academy,published,ko,표현의 스펙트럼: 미술 재료 선택과 치료적 활용,education-art-psychotherapy-ch3,Art Psychotherapy,,,blog-oiyo,
education-art-psychotherapy-ch4,academy,published,ko,미술 치료 속 색채: 감정 표현과 상징성,education-art-psychotherapy-ch4,Art Psychotherapy,,,blog-oiyo,
education-art-psychotherapy-ch5,academy,published,ko,투사적 그림: HTP와 운동성 가족화,education-art-psychotherapy-ch5,Art Psychotherapy,,,blog-oiyo,
education-art-psychotherapy-ch6,academy,published,ko,점토 작업: 신체를 통한 표현과 3차원 치료,education-art-psychotherapy-ch6,Art Psychotherapy,,,blog-oiyo,
education-art-psychotherapy-ch7,academy,published,ko,"콜라주 치료: 정체성, 내러티브, 의미 만들기",education-art-psychotherapy-ch7,Art Psychotherapy,,,blog-oiyo,
education-art-psychotherapy-ch8,academy,published,ko,"아동 미술 치료: 발달, 놀이, 트라우마",education-art-psychotherapy-ch8,Art Psychotherapy,,,blog-oiyo,
education-art-psychotherapy-ch9,academy,published,ko,"청소년 미술 치료: 정체성, 반항, 치유",education-art-psychotherapy-ch9,Art Psychotherapy,,,blog-oiyo,
education-behavioral-economics-ch1,academy,published,ko,제1강: 손실 회피 (Loss Aversion),education-behavioral-economics-ch1,Behavioral Economics,,,blog-oiyo,
education-business-ch1,academy,published,ko,공기업 경영학 Ch1. 경영총론 I — 경영의 본질과 기업 구조,education-business-ch1,Business,,,blog-oiyo,
education-business-ch10,academy,published,ko,공기업 경영학 Ch10. 마케팅 — STP·4P·제품전략·가격·PLC 완전 정복,education-business-ch10,Business,,,blog-oiyo,
education-business-ch11,academy,published,ko,공기업 경영학 Ch11. 생산관리 & MIS — JIT·SCM·PERT/CPM·TQM,education-business-ch11,Business,,,blog-oiyo,
education-business-ch12,academy,published,ko,공기업 경영학 Ch12. 회계 및 재무관리 — 재무비율·자본구조·파생상품,education-business-ch12,Business,,,blog-oiyo,
education-business-ch13,academy,published,ko,공기업 경영학 Ch13. 인사관리 심화 — 채용·평가·교육훈련·직무분석,education-business-ch13,Business,,,blog-oiyo,
education-business-ch14,academy,published,ko,공기업 경영학 Ch14. 마케팅 심화 — STP·4P·디지털마케팅·CRM,education-business-ch14,Business,,,blog-oiyo,
education-business-ch15,academy,published,ko,공기업 경영학 Ch15. 생산관리 — 공정설계·재고관리·품질경영,education-business-ch15,Business,,,blog-oiyo,
education-business-ch16,academy,published,ko,공기업 경영학 Ch16. 재무관리 심화 — 포트폴리오·옵션·자본예산,education-business-ch16,Business,,,blog-oiyo,
education-business-ch17,academy,published,ko,공기업 경영학 Ch17. MIS — ERP·SCM·CRM·빅데이터·AI,education-business-ch17,Business,,,blog-oiyo,
education-business-ch18,academy,published,ko,공기업 경영학 Ch18. 전략적 HRM — SHRM·역량모델·인재관리,education-business-ch18,Business,,,blog-oiyo,
education-business-ch19,academy,published,ko,공기업 경영학 Ch19. 글로벌 경영 — 다국적기업·진입전략·문화 차이,education-business-ch19,Business,,,blog-oiyo,
education-business-ch2,academy,published,ko,공기업 경영학 Ch2. 경영총론 II — CSR·기업윤리·경영이론 발전,education-business-ch2,Business,,,blog-oiyo,
education-business-ch20,academy,published,ko,공기업 경영학 Ch20. 기업윤리·CSR·ESG — 사회적 책임과 지속가능경영,education-business-ch20,Business,,,blog-oiyo,
education-business-ch3,academy,published,ko,공기업 경영학 Ch3. 최신경영이론 — MBO·BSC·지식경영·조직행동 개요,education-business-ch3,Business,,,blog-oiyo,
education-business-ch4,academy,published,ko,공기업 경영학 Ch4. 동기부여 이론 — 내용이론 완전 정복,education-business-ch4,Business,,,blog-oiyo,
education-business-ch5,academy,published,ko,공기업 경영학 Ch5. 동기부여 과정이론·지각·태도·리더십 이론,education-business-ch5,Business,,,blog-oiyo,
education-business-ch6,academy,published,ko,공기업 경영학 Ch6. 집단행동·의사소통·리더십 심화,education-business-ch6,Business,,,blog-oiyo,
education-business-ch7,academy,published,ko,공기업 경영학 Ch7. 조직문화·조직이론·조직구조론,education-business-ch7,Business,,,blog-oiyo,
education-business-ch8,academy,published,ko,공기업 경영학 Ch8. 인적자원관리 — 직무분석부터 노사관계까지,education-business-ch8,Business,,,blog-oiyo,
education-business-ch9,academy,published,ko,공기업 경영학 Ch9. 전략경영 — SWOT·포터·BCG·블루오션·국제경영,education-business-ch9,Business,,,blog-oiyo,
education-business-scholars,academy,published,ko,경영학 필수 암기: 주요 학자 및 이론 매칭 가이드,education-business-scholars,Business,,,blog-oiyo,
education-crypto-ch1,academy,published,ko,블록체인의 탄생: 중앙 없는 신뢰의 시작,education-crypto-ch1,Crypto,,,blog-oiyo,
education-crypto-ch10,academy,live,ko,Ch10. 블록체인의 미래,education-crypto-ch10,Academy,암호화폐 기초,10,blog-oiyo,
education-crypto-ch2,academy,published,ko,이더리움과 스마트 컨트랙트: 세계 컴퓨터의 탄생,education-crypto-ch2,Crypto,,,blog-oiyo,
education-crypto-ch3,academy,published,ko,토크노믹스: 크립토 경제의 심장,education-crypto-ch3,Crypto,,,blog-oiyo,
education-crypto-ch4,academy,published,ko,디파이(DeFi): 코드가 만드는 금융의 자유,education-crypto-ch4,Crypto,,,blog-oiyo,
education-crypto-ch5,academy,published,ko,웹3와 DAO: 새로운 인류의 협업 방식,education-crypto-ch5,Crypto,,,blog-oiyo,
education-crypto-ch6,academy,live,ko,Ch6. NFT와 디지털 자산,education-crypto-ch6,Academy,암호화폐 기초,6,blog-oiyo,
education-crypto-ch7,academy,live,ko,Ch7. 크립토 세금과 신고 의무,education-crypto-ch7,Academy,암호화폐 기초,7,blog-oiyo,
education-crypto-ch8,academy,live,ko,Ch8. 크립토 투자 리스크 — 해킹·사기·변동성,education-crypto-ch8,Academy,암호화폐 기초,8,blog-oiyo,
education-crypto-ch9,academy,live,ko,Ch9. 크립토 규제와 제도화,education-crypto-ch9,Academy,암호화폐 기초,9,blog-oiyo,
education-cs-ch1,academy,published,ko,컴퓨터 시스템과 디지털 세계의 이해,education-cs-ch1,Computer Science,,,blog-oiyo,
education-cs-ch10,academy,live,ko,컴퓨터공학 기초 종합 정리 — 개발자 커리어와 학습 로드맵,education-cs-ch10,Academy,컴퓨터공학 기초,10,blog-oiyo,
education-cs-ch2,academy,published,ko,알고리즘과 논리: 정렬과 탐색의 세계,education-cs-ch2,Computer Science,,,blog-oiyo,
education-cs-ch3,academy,live,ko,자료구조 기초 — 데이터를 담는 그릇들,education-cs-ch3,Academy,컴퓨터공학 기초,3,blog-oiyo,
education-cs-ch4,academy,live,ko,운영체제 기초 — 하드웨어와 소프트웨어 사이,education-cs-ch4,Academy,컴퓨터공학 기초,4,blog-oiyo,
education-cs-ch5,academy,live,ko,네트워크 기초 — 데이터가 이동하는 방법,education-cs-ch5,Academy,컴퓨터공학 기초,5,blog-oiyo,
education-cs-ch6,academy,live,ko,데이터베이스 기초 — 데이터를 체계적으로 관리하는 법,education-cs-ch6,Academy,컴퓨터공학 기초,6,blog-oiyo,
education-cs-ch7,academy,live,ko,소프트웨어 공학 — 좋은 코드와 좋은 프로젝트의 원칙,education-cs-ch7,Academy,컴퓨터공학 기초,7,blog-oiyo,
education-cs-ch8,academy,live,ko,보안 기초 — 암호화와 사이버 위협 대응,education-cs-ch8,Academy,컴퓨터공학 기초,8,blog-oiyo,
education-cs-ch9,academy,live,ko,클라우드 컴퓨팅과 분산 시스템 기초,education-cs-ch9,Academy,컴퓨터공학 기초,9,blog-oiyo,
education-economics-ch1,academy,published,ko,경제일반 Ch1. 경제학의 기초 및 희소성의 법칙 (기회비용 완벽 정복),education-economics-ch1,Economics,,,blog-oiyo,
education-economics-ch10,academy,published,ko,경제학원론 Ch10. 시장 실패와 정부의 역할,education-economics-ch10,Economics,,,blog-oiyo,
education-economics-ch11,academy,published,ko,경제학원론 Ch11. 국민소득의 측정과 기초,education-economics-ch11,Economics,,,blog-oiyo,
education-economics-ch12,academy,published,ko,경제학원론 Ch12. 인플레이션과 실업: 거시경제의 두 난제,education-economics-ch12,Economics,,,blog-oiyo,
education-economics-ch13,academy,published,ko,경제학원론 Ch13. 화폐 금융론: 화폐의 공급과 수요,education-economics-ch13,Economics,,,blog-oiyo,
education-economics-ch14,academy,published,ko,경제학원론 Ch14. 총수요-총공급 모형 (IS-LM 기초),education-economics-ch14,Economics,,,blog-oiyo,
education-economics-ch15,academy,published,ko,경제학원론 Ch15. 국제경제학: 무역과 환율,education-economics-ch15,Economics,,,blog-oiyo,
education-economics-ch16,academy,published,ko,경제학원론 Ch16. 소비함수론: 케인즈부터 생애주기 가설까지,education-economics-ch16,Economics,,,blog-oiyo,
education-economics-ch17,academy,published,ko,경제학원론 Ch17. 투자함수론: 미래를 위한 선택,education-economics-ch17,Economics,,,blog-oiyo,
education-economics-ch18,academy,published,ko,경제학원론 Ch18. IS-LM 모형의 응용 및 학파별 논쟁,education-economics-ch18,Economics,,,blog-oiyo,
education-economics-ch19,academy,published,ko,경제학원론 Ch19. 총수요-총공급(AD-AS) 모형과 물가 결정,education-economics-ch19,Economics,,,blog-oiyo,
education-economics-ch2,academy,published,ko,경제학원론 Ch2. 수요·공급 이론 및 시장의 균형,education-economics-ch2,Economics,,,blog-oiyo,
education-economics-ch20,academy,published,ko,경제학원론 Ch20. 기대 형성과 합리적 기대 가설,education-economics-ch20,Economics,,,blog-oiyo,
education-economics-ch21,academy,published,ko,경제학원론 Ch21. 경기 변동 이론과 신경기 변동론,education-economics-ch21,Economics,,,blog-oiyo,
education-economics-ch22,academy,published,ko,경제학원론 Ch22. 경제 성장 이론: 솔로우(Solow) 모형,education-economics-ch22,Economics,,,blog-oiyo,
education-economics-ch23,academy,published,ko,경제학원론 Ch23. 내생적 성장 이론과 현대 성장론,education-economics-ch23,Economics,,,blog-oiyo,
education-economics-ch24,academy,published,ko,경제학원론 Ch24. 경제 안정화 정책과 재정·통화 정책의 실전,education-economics-ch24,Economics,,,blog-oiyo,
education-economics-ch25_29,academy,published,ko,제8~9편: 거시경제학 및 화폐와 국민경제 (Ch25~Ch29),education-economics-ch25_29,Economics,,,blog-oiyo,
education-economics-ch3,academy,published,ko,경제학원론 Ch3. 탄력성(Elasticity) 및 응용 분석,education-economics-ch3,Economics,,,blog-oiyo,
education-economics-ch30_32,academy,published,ko,제10~11편: 경제안정정책 논쟁과 인플레이션 (Ch30~Ch32),education-economics-ch30_32,Economics,,,blog-oiyo,
education-economics-ch33_38,academy,published,ko,제12~13편: 경제성장과 국제경제 (Ch33~Ch38),education-economics-ch33_38,Economics,,,blog-oiyo,
education-economics-ch39,academy,published,ko,경제학 Ch39. IS-LM 모형 — 거시경제 정책의 상호작용,education-economics-ch39,Economics,,,blog-oiyo,
education-economics-ch4,academy,published,ko,경제학원론 Ch4. 소비자 이론: 효용 극대화와 선택,education-economics-ch4,Economics,,,blog-oiyo,
education-economics-ch40,academy,published,ko,경제학 Ch40. 비교우위론 — 무역이 상호 이득이 되는 이유,education-economics-ch40,Economics,,,blog-oiyo,
education-economics-ch41,academy,published,ko,경제학 Ch41. 게임이론: 죄수의 딜레마 — 협력과 배신의 경제학,education-economics-ch41,Economics,,,blog-oiyo,
education-economics-ch5,academy,published,ko,경제학원론 Ch5. 생산자 이론: 생산함수와 비용 최소화,education-economics-ch5,Economics,,,blog-oiyo,
education-economics-ch6,academy,published,ko,경제학원론 Ch6. 시장 구조론 (1): 완전경쟁시장,education-economics-ch6,Economics,,,blog-oiyo,
education-economics-ch7,academy,published,ko,경제학원론 Ch7. 시장 구조론 (2): 독점 시장,education-economics-ch7,Economics,,,blog-oiyo,
education-economics-ch8,academy,published,ko,경제학원론 Ch8. 과점 및 독점적 경쟁 시장,education-economics-ch8,Economics,,,blog-oiyo,
education-economics-ch9,academy,published,ko,경제학원론 Ch9. 생산요소 시장과 소득분배 이론,education-economics-ch9,Economics,,,blog-oiyo,
education-english-grammar-ch1,academy,published,ko,품사의 기초: 명사와 대명사,education-english-grammar-ch1,English Grammar,,,blog-oiyo,
education-english-grammar-ch10,academy,published,ko,동명사와 부정사: -ing vs. to의 완벽한 가이드,education-english-grammar-ch10,English Grammar,,,blog-oiyo,
education-english-grammar-ch11,academy,published,ko,"조동사: 능력, 허가, 의무, 가능성",education-english-grammar-ch11,English Grammar,,,blog-oiyo,
education-english-grammar-ch12,academy,published,ko,간접화법: 다른 사람이 한 말 전달하기,education-english-grammar-ch12,English Grammar,,,blog-oiyo,
education-english-grammar-ch13,academy,published,ko,"관계절: who, which, that, where, when",education-english-grammar-ch13,English Grammar,,,blog-oiyo,
education-english-grammar-ch14,academy,published,ko,자주 틀리는 문법 오류 TOP 10과 교정법,education-english-grammar-ch14,English Grammar,,,blog-oiyo,
education-english-grammar-ch15,academy,published,ko,"고급 문법: 결속성, 일관성, 그리고 문체",education-english-grammar-ch15,English Grammar,,,blog-oiyo,
education-english-grammar-ch2,academy,published,ko,동사 시제 완전 정복,education-english-grammar-ch2,English Grammar,,,blog-oiyo,
education-english-grammar-ch3,academy,published,ko,형용사와 부사: 세상을 묘사하는 언어의 색채,education-english-grammar-ch3,English Grammar,,,blog-oiyo,
education-english-grammar-ch4,academy,published,ko,"문장 구조 마스터: 단문, 중문, 복문",education-english-grammar-ch4,English Grammar,,,blog-oiyo,
education-english-grammar-ch5,academy,published,ko,"관사 완전 정복: a, an, the, 그리고 무관사",education-english-grammar-ch5,English Grammar,,,blog-oiyo,
education-english-grammar-ch6,academy,published,ko,"전치사 마스터: in, on, at 그리고 그 너머",education-english-grammar-ch6,English Grammar,,,blog-oiyo,
education-english-grammar-ch7,academy,published,ko,의문문과 부정문: 조동사로 만드는 핵심 구조,education-english-grammar-ch7,English Grammar,,,blog-oiyo,
education-english-grammar-ch8,academy,published,ko,수동태: 목적어가 주어가 될 때,education-english-grammar-ch8,English Grammar,,,blog-oiyo,
education-english-grammar-ch9,academy,published,ko,"조건문 완전 정복: 영가정, 1가정, 2가정, 3가정",education-english-grammar-ch9,English Grammar,,,blog-oiyo,
education-finance-ch1,academy,published,ko,금융기초 Ch1. 부의 연금술: 재무관리의 목표와 화폐의 시간가치,education-finance-ch1,Finance,,,blog-oiyo,
education-finance-ch10,academy,published,ko,경계 없는 금융: 국제 재무 관리,education-finance-ch10,Finance,,,blog-oiyo,
education-finance-ch11,academy,published,ko,재무관리 Ch11. 자본예산과 NPV — 미래 가치를 현재로 선점하는 법,education-finance-ch11,Finance,,,blog-oiyo,
education-finance-ch12,academy,published,ko,재무관리 Ch12. 자본비용과 CAPM — 위험에 대한 대가 산정하기,education-finance-ch12,Finance,,,blog-oiyo,
education-finance-ch13,academy,published,ko,재무관리 Ch13. 채권의 가치평가 — 확정 수익의 미학,education-finance-ch13,Finance,,,blog-oiyo,
education-finance-ch14,academy,published,ko,재무관리 Ch14. 포트폴리오 이론과 분산 투자 — 달걀을 한 바구니에 담지 마라,education-finance-ch14,Finance,,,blog-oiyo,
education-finance-ch2,academy,published,ko,가격과 가치의 미학: 주식과 채권의 가치평가,education-finance-ch2,Finance,,,blog-oiyo,
education-finance-ch3,academy,published,ko,"계란을 한 바구니에 담지 마라: 위험과 수익률, 그리고 포트폴리오 이론",education-finance-ch3,Finance,,,blog-oiyo,
education-finance-ch4,academy,published,ko,위험의 가격을 매기다: 자본자산결정모형(CAPM)과 베타,education-finance-ch4,Finance,,,blog-oiyo,
education-finance-ch5,academy,published,ko,운명의 결산: 자본예산 (NPV vs. IRR),education-finance-ch5,Finance,,,blog-oiyo,
education-finance-ch6,academy,published,ko,돈의 가격: 가중평균자본비용(WACC)의 이해,education-finance-ch6,Finance,,,blog-oiyo,
education-finance-ch7,academy,published,ko,레버리지의 예술: 자본구조와 기업 가치,education-finance-ch7,Finance,,,blog-oiyo,
education-finance-ch8,academy,published,ko,수확의 규칙: 배당 정책과 주주 환원,education-finance-ch8,Finance,,,blog-oiyo,
education-finance-ch9,academy,published,ko,방패와 창: 파생상품과 위험 관리,education-finance-ch9,Finance,,,blog-oiyo,
education-financial-engineering-ch1,academy,published,ko,금융공학의 세계: 수학으로 설계하는 금융,education-financial-engineering-ch1,Financial Engineering,,,blog-oiyo,
education-financial-engineering-ch10,academy,published,ko,포트폴리오 최적화: 최적의 투자 조합을 찾아서,education-financial-engineering-ch10,Financial Engineering,,,blog-oiyo,
education-financial-engineering-ch11,academy,published,ko,금융 머신러닝 기초: 데이터가 자본을 움직이다,education-financial-engineering-ch11,Financial Engineering,,,blog-oiyo,
education-financial-engineering-ch12,academy,published,ko,금융공학의 한계와 미래: 위기에서 배운 교훈,education-financial-engineering-ch12,Financial Engineering,,,blog-oiyo,
education-financial-engineering-ch2,academy,published,ko,화폐의 시간 가치: 오늘과 내일의 가치,education-financial-engineering-ch2,Financial Engineering,,,blog-oiyo,
education-financial-engineering-ch3,academy,published,ko,파생상품의 기초: 가격의 그림자를 매매하다,education-financial-engineering-ch3,Financial Engineering,,,blog-oiyo,
education-financial-engineering-ch4,academy,published,ko,옵션 거래와 수익 구조: 비대칭적 보상의 마법,education-financial-engineering-ch4,Financial Engineering,,,blog-oiyo,
education-financial-engineering-ch5,academy,published,ko,블랙-숄즈 모형: 옵션 가격의 정석,education-financial-engineering-ch5,Financial Engineering,,,blog-oiyo,
education-financial-engineering-ch6,academy,published,ko,옵션 민감도 (The Greeks): 리스크의 언어,education-financial-engineering-ch6,Financial Engineering,,,blog-oiyo,
education-financial-engineering-ch7,academy,published,ko,몬테카를로 시뮬레이션: 수만 번의 미래를 그리다,education-financial-engineering-ch7,Financial Engineering,,,blog-oiyo,
education-financial-engineering-ch8,academy,published,ko,리스크 측정과 관리 (VaR): 최악의 시나리오를 수치화하다,education-financial-engineering-ch8,Financial Engineering,,,blog-oiyo,
education-financial-engineering-ch9,academy,published,ko,이자율 모형 입문: 금리의 확률적 이동,education-financial-engineering-ch9,Financial Engineering,,,blog-oiyo,
education-game-theory-ch1,academy,published,ko,제1강: 죄수의 딜레마와 보상 매트릭스,education-game-theory-ch1,Game Theory,,,blog-oiyo,
education-game-theory-ch2,academy,live,ko,내쉬 균형 심화 — 혼합 전략과 다중 균형,education-game-theory-ch2,Academy,게임이론 기초,2,blog-oiyo,
education-game-theory-ch3,academy,live,ko,반복 게임과 협력의 진화 — 팃포탯의 힘,education-game-theory-ch3,Academy,게임이론 기초,3,blog-oiyo,
education-game-theory-ch4,academy,live,ko,경매 이론과 입찰 전략 — 얼마에 써야 이기나?,education-game-theory-ch4,Academy,게임이론 기초,4,blog-oiyo,
education-game-theory-ch5,academy,live,ko,게임이론 응용 — 정치·진화·경제의 전략 설계,education-game-theory-ch5,Academy,게임이론 기초,5,blog-oiyo,
education-history-everywhere-ch1,academy,published,ko,비교 세계사: 인류의 기원과 고대 문명의 탄생,education-history-everywhere-ch1,History,,,blog-oiyo,
education-history-everywhere-ch10,academy,live,ko,세계사 기초 종합 정리 — 현대 세계의 형성과 역사적 사고,education-history-everywhere-ch10,Academy,세계사 기초,10,blog-oiyo,
education-history-everywhere-ch2,academy,published,ko,제국의 시대: 고대 국가의 기틀과 사상의 탄생,education-history-everywhere-ch2,History,,,blog-oiyo,
education-history-everywhere-ch3,academy,published,ko,"중세의 명암: 봉건제와 십자군, 그리고 암흑기의 진실",education-history-everywhere-ch3,History,,,blog-oiyo,
education-history-everywhere-ch4,academy,published,ko,"인간의 재발견: 르네상스, 종교 개혁, 그리고 근대의 서막",education-history-everywhere-ch4,History,,,blog-oiyo,
education-history-everywhere-ch5,academy,published,ko,이성의 시대: 과학 혁명과 절대 왕정의 충돌,education-history-everywhere-ch5,History,,,blog-oiyo,
education-history-everywhere-ch6,academy,published,ko,변혁의 폭풍: 시민 혁명과 산업 혁명이 빚어낸 현대,education-history-everywhere-ch6,History,,,blog-oiyo,
education-history-everywhere-ch7,academy,published,ko,민족주의와 제국주의: 통일과 팽창의 시대,education-history-everywhere-ch7,History,,,blog-oiyo,
education-history-everywhere-ch8,academy,published,ko,"제1차 세계 대전: 참호 속의 인류, 그리고 새로운 세계",education-history-everywhere-ch8,History,,,blog-oiyo,
education-history-everywhere-ch9,academy,published,ko,불안한 평화: 두 전쟁 사이의 전체주의,education-history-everywhere-ch9,History,,,blog-oiyo,
education-korean-logic-ch0-basics,academy,published,ko,공기업 국어논리 Ch0. 논리의 벽돌 — 정언명제와 양화사(모든·어떤),education-korean-logic-ch0-basics,Korean Logic,,,blog-oiyo,
education-korean-logic-ch1,academy,published,ko,공기업 국어논리 Ch1. 조건문과 선언문의 정석 — ~(A→B)와 논리적 변환,education-korean-logic-ch1,Korean Logic,,,blog-oiyo,
education-korean-logic-ch2,academy,published,ko,공기업 국어논리 Ch2. 드모르간의 법칙과 복합 명제 — 헷갈리는 '부정' 완벽 해결,education-korean-logic-ch2,Korean Logic,,,blog-oiyo,
education-korean-logic-ch3,academy,published,ko,공기업 국어논리 Ch3. 추론의 엔진 — 삼단논법과 후건 부정(Modus Tollens),education-korean-logic-ch3,Korean Logic,,,blog-oiyo,
education-korean-logic-ch4,academy,published,ko,공기업 국어논리 Ch4. 마스터의 도구 — 귀류법(Reductio)과 경우의 수,education-korean-logic-ch4,Korean Logic,,,blog-oiyo,
education-korean-logic-ch5,academy,published,ko,공기업 국어논리 Ch5. 최종 병기 — 고난도 퀴즈 정복과 합격 전략 로드맵,education-korean-logic-ch5,Korean Logic,,,blog-oiyo,
education-law-ch1,academy,published,ko,계약의 기술: 독소조항(Poison Pill) 탐색과 방어,education-law-ch1,Law,,,blog-oiyo,
education-law-ch10,academy,live,ko,Ch10. 법학 기초 종합 정리,education-law-ch10,Academy,법학 기초,10,blog-oiyo,
education-law-ch2,academy,published,ko,근로자 편: 근로계약서 속 ''독소조항'' A to Z,education-law-ch2,Law,,,blog-oiyo,
education-law-ch3,academy,published,ko,프리랜서 편: ''을''의 생존을 위한 계약 가이드,education-law-ch3,Law,,,blog-oiyo,
education-law-ch4,academy,published,ko,사업자/B2B 편: 전략적 동맹과 보이지 않는 족쇄,education-law-ch4,Law,,,blog-oiyo,
education-law-ch5,academy,live,ko,Ch5. 물권법 — 소유권과 부동산 권리의 기초,education-law-ch5,Academy,법학 기초,5,blog-oiyo,
education-law-ch6,academy,live,ko,Ch6. 채권법 — 계약과 손해배상의 원리,education-law-ch6,Academy,법학 기초,6,blog-oiyo,
education-law-ch7,academy,live,ko,Ch7. 회사법 — 주식회사와 상법,education-law-ch7,Academy,법학 기초,7,blog-oiyo,
education-law-ch8,academy,live,ko,Ch8. 지식재산권법 — 특허·저작권·상표,education-law-ch8,Academy,법학 기초,8,blog-oiyo,
education-law-ch9,academy,live,ko,Ch9. 소비자보호법과 개인정보보호법,education-law-ch9,Academy,법학 기초,9,blog-oiyo,
education-management-ch13,academy,published,ko,경영학 Ch13. SWOT 분석 — 기회를 잡아내는 전략의 지도,education-management-ch13,Business,,,blog-oiyo,
education-medicine-ch1,academy,published,ko,의학의 역사: 히포크라테스부터 근거 중심 의학까지,education-medicine-ch1,Medicine,,,blog-oiyo,
education-medicine-ch10,academy,live,ko,의학 기초 종합 정리 — 건강 유지와 질병 예방의 과학,education-medicine-ch10,Academy,의학 기초,10,blog-oiyo,
education-medicine-ch2,academy,published,ko,해부학적 구성: 세포에서 기관계까지,education-medicine-ch2,Medicine,,,blog-oiyo,
education-medicine-ch3,academy,published,ko,"심혈관계: 심장, 혈관, 그리고 혈액",education-medicine-ch3,Medicine,,,blog-oiyo,
education-medicine-ch4,academy,published,ko,호흡기계: 가스 교환과 호흡 역학,education-medicine-ch4,Medicine,,,blog-oiyo,
education-medicine-ch5,academy,published,ko,"신경계: 중추신경계, 말초신경계, 그리고 뉴런",education-medicine-ch5,Medicine,,,blog-oiyo,
education-medicine-ch6,academy,published,ko,"내분비계: 호르몬, 피드백, 그리고 당뇨병",education-medicine-ch6,Medicine,,,blog-oiyo,
education-medicine-ch7,academy,published,ko,"면역학: 선천 면역, 적응 면역, 그리고 백신",education-medicine-ch7,Medicine,,,blog-oiyo,
education-medicine-ch8,academy,published,ko,소화계: 입에서 대사까지,education-medicine-ch8,Medicine,,,blog-oiyo,
education-medicine-ch9,academy,live,ko,근골격계와 피부: 움직임과 보호의 기관,education-medicine-ch9,Academy,의학 기초,9,blog-oiyo,
education-music-history-ch1,academy,published,ko,음악의 기원: 고대 의식에서 중세 성가까지,education-music-history-ch1,Music History,,,blog-oiyo,
education-music-history-ch10,academy,published,ko,재즈의 진화: 스윙에서 비밥까지,education-music-history-ch10,Music History,,,blog-oiyo,
education-music-history-ch11,academy,published,ko,록의 혁명: 엘비스에서 비틀스까지,education-music-history-ch11,Music History,,,blog-oiyo,
education-music-history-ch12,academy,published,ko,팝 문화: 모타운에서 마이클 잭슨까지,education-music-history-ch12,Music History,,,blog-oiyo,
education-music-history-ch13,academy,published,ko,월드 뮤직: 문화가 만나고 뒤섞일 때,education-music-history-ch13,Music History,,,blog-oiyo,
education-music-history-ch14,academy,published,ko,"전자 비트: 신시사이저, 테크노, 그리고 힙합",education-music-history-ch14,Music History,,,blog-oiyo,
education-music-history-ch2,academy,published,ko,르네상스 음악: 폴리포니와 화성의 탄생,education-music-history-ch2,Music History,,,blog-oiyo,
education-music-history-ch3,academy,published,ko,"바로크의 장엄함: 바흐, 헨델, 그리고 오페라의 탄생",education-music-history-ch3,Music History,,,blog-oiyo,
education-music-history-ch4,academy,published,ko,"고전주의의 명료함: 하이든, 모차르트, 그리고 형식의 완성",education-music-history-ch4,Music History,,,blog-oiyo,
education-music-history-ch5,academy,published,ko,베토벤: 두 시대의 경계에 선 혁명가,education-music-history-ch5,Music History,,,blog-oiyo,
education-music-history-ch6,academy,published,ko,"낭만주의의 세기: 감성, 색채, 그리고 민족 정체성",education-music-history-ch6,Music History,,,blog-oiyo,
education-music-history-ch7,academy,published,ko,바그너와 종합 예술 작품,education-music-history-ch7,Music History,,,blog-oiyo,
education-music-history-ch8,academy,published,ko,"아메리카의 뿌리: 영가, 블루스, 그리고 재즈의 탄생",education-music-history-ch8,Music History,,,blog-oiyo,
education-music-history-ch9,academy,published,ko,모더니즘과 조성 화성의 붕괴,education-music-history-ch9,Music History,,,blog-oiyo,
education-negotiation-ch1,academy,published,ko,제1강: 협상의 본질과 BATNA,education-negotiation-ch1,Society & Wealth,,,blog-oiyo,
education-negotiation-ch5,academy,live,ko,협상 마스터 클래스 — 실전 종합과 고급 전략,education-negotiation-ch5,Academy,협상 기초,5,blog-oiyo,
education-nursing-ch1,academy,published,ko,"간호학 입문: 역사, 철학, 그리고 실무 범위",education-nursing-ch1,Nursing,,,blog-oiyo,
education-nursing-ch10,academy,published,ko,"내분비 간호: 당뇨병, 갑상선, 부신 질환",education-nursing-ch10,Nursing,,,blog-oiyo,
education-nursing-ch11,academy,published,ko,"소아 간호: 성장, 발달, 아동 건강",education-nursing-ch11,Nursing,,,blog-oiyo,
education-nursing-ch12,academy,published,ko,"모성 간호: 임신, 분만, 산후 관리",education-nursing-ch12,Nursing,,,blog-oiyo,
education-nursing-ch13,academy,published,ko,"노인 간호: 노화, 다약제 복용, 임종 돌봄",education-nursing-ch13,Nursing,,,blog-oiyo,
education-nursing-ch2,academy,published,ko,간호 과정: ADPIE 프레임워크,education-nursing-ch2,Nursing,,,blog-oiyo,
education-nursing-ch3,academy,published,ko,활력 징후: 사정과 정상 범위,education-nursing-ch3,Nursing,,,blog-oiyo,
education-nursing-ch4,academy,published,ko,"투약 관리: 원칙, 경로, 그리고 안전",education-nursing-ch4,Nursing,,,blog-oiyo,
education-nursing-ch5,academy,published,ko,상처 관리와 감염 관리,education-nursing-ch5,Nursing,,,blog-oiyo,
education-nursing-ch6,academy,published,ko,"심혈관 간호: 심부전, 심근경색, 심장 모니터링",education-nursing-ch6,Nursing,,,blog-oiyo,
education-nursing-ch7,academy,published,ko,"호흡기 간호: COPD, 천식, 기도 관리",education-nursing-ch7,Nursing,,,blog-oiyo,
education-nursing-ch8,academy,published,ko,"신경계 간호: 뇌졸중, 발작, 뇌 손상",education-nursing-ch8,Nursing,,,blog-oiyo,
education-nursing-ch9,academy,published,ko,소화기·신장 간호: 장부터 신장까지,education-nursing-ch9,Nursing,,,blog-oiyo,
education-pm-ch1,academy,published,ko,관리 프레임워크: 최적의 무기 선택하기,education-pm-ch1,Product Management,,,blog-oiyo,
education-pm-ch10,academy,live,ko,Ch10. 프로젝트 관리 종합 정리 — PMP 시험 준비와 실무 체크리스트,education-pm-ch10,Academy,프로젝트 관리,10,blog-oiyo,
education-pm-ch2,academy,published,ko,범위와 일정 관리: 시간의 설계도,education-pm-ch2,Product Management,,,blog-oiyo,
education-pm-ch3,academy,published,ko,자원 및 예산 할당: 실행의 연료 채우기,education-pm-ch3,Product Management,,,blog-oiyo,
education-pm-ch4,academy,published,ko,품질 및 리스크 관리: 성공의 방패,education-pm-ch4,Product Management,,,blog-oiyo,
education-pm-ch5,academy,published,ko,이해관계자 및 커뮤니케이션: 사람이라는 변수,education-pm-ch5,Product Management,,,blog-oiyo,
education-pm-ch6,academy,live,ko,Ch6. 프로젝트 통합 관리 — 전체를 하나로 묶는 기술,education-pm-ch6,Academy,프로젝트 관리,6,blog-oiyo,
education-pm-ch7,academy,live,ko,Ch7. 애자일 vs 워터폴 — 방법론 선택의 기술,education-pm-ch7,Academy,프로젝트 관리,7,blog-oiyo,
education-pm-ch8,academy,live,ko,Ch8. 조달 관리와 계약 — 외부 자원을 다루는 법,education-pm-ch8,Academy,프로젝트 관리,8,blog-oiyo,
education-pm-ch9,academy,live,ko,Ch9. 프로젝트 종료와 교훈 — 성공과 실패에서 배우기,education-pm-ch9,Academy,프로젝트 관리,9,blog-oiyo,
education-psychology-ch1,academy,published,ko,심리학의 기초와 인간 행동의 이해,education-psychology-ch1,Psychology,,,blog-oiyo,
education-psychology-ch10,academy,live,ko,Ch10. 심리학 기초 종합 정리 — 일상과 직장에서의 심리학 적용,education-psychology-ch10,Academy,심리학 기초,10,blog-oiyo,
education-psychology-ch2,academy,published,ko,뇌와 마음의 하드웨어: 신경과학과 감각 지각,education-psychology-ch2,Psychology,,,blog-oiyo,
education-psychology-ch3,academy,published,ko,사회적 공간 속의 나: 사회 심리학과 집단 역동,education-psychology-ch3,Psychology,,,blog-oiyo,
education-psychology-ch4,academy,published,ko,"내면의 엔진: 동기와 정서, 그리고 마음의 역동",education-psychology-ch4,Psychology,,,blog-oiyo,
education-psychology-ch5,academy,published,ko,마음의 그림자: 이상심리학과 치유의 여정,education-psychology-ch5,Psychology,,,blog-oiyo,
education-psychology-ch6,academy,published,ko,행복의 과학: 긍정 심리학과 충만한 삶,education-psychology-ch6,Psychology,,,blog-oiyo,
education-psychology-ch7,academy,live,ko,Ch7. 발달 심리학 — 탄생부터 노년까지의 마음,education-psychology-ch7,Academy,심리학 기초,7,blog-oiyo,
education-psychology-ch8,academy,live,ko,Ch8. 인지 심리학 — 기억·주의·사고의 작동 원리,education-psychology-ch8,Academy,심리학 기초,8,blog-oiyo,
education-psychology-ch9,academy,live,ko,Ch9. 임상 심리학과 심리치료 — 마음의 치유 과학,education-psychology-ch9,Academy,심리학 기초,9,blog-oiyo,
education-public-admin-ch1,academy,published,ko,행정학 Ch1. 행정의 본질과 학문적 성격,education-public-admin-ch1,Public Admin,,,blog-oiyo,
education-public-admin-ch10,academy,published,ko,행정학 Ch10. 공직 구조와 직무 분석 (계급제 vs 직위분류제),education-public-admin-ch10,Public Admin,,,blog-oiyo,
education-public-admin-ch11,academy,published,ko,행정학 Ch11. 재정행정의 기초와 예산의 원칙,education-public-admin-ch11,Public Admin,,,blog-oiyo,
education-public-admin-ch12,academy,published,ko,행정학 Ch12. 예산 결정 이론 (LIBS에서 ZBB까지),education-public-admin-ch12,Public Admin,,,blog-oiyo,
education-public-admin-ch13,academy,published,ko,행정학 Ch13. 예산 과정과 재정 민주주의,education-public-admin-ch13,Public Admin,,,blog-oiyo,
education-public-admin-ch14,academy,published,ko,행정학 Ch14. 행정 통제와 행정 개혁,education-public-admin-ch14,Public Admin,,,blog-oiyo,
education-public-admin-ch15,academy,published,ko,행정학 Ch15. 지방자치론과 주민 참여,education-public-admin-ch15,Public Admin,,,blog-oiyo,
education-public-admin-ch2,academy,published,ko,행정학 Ch2. 행정 이론의 변천과 패러다임,education-public-admin-ch2,Public Admin,,,blog-oiyo,
education-public-admin-ch3,academy,published,ko,행정학 Ch3. 행정 가치와 롤즈의 정의론,education-public-admin-ch3,Public Admin,,,blog-oiyo,
education-public-admin-ch4,academy,published,ko,행정학 Ch4. 정책학의 기초와 정책의제 설정,education-public-admin-ch4,Public Admin,,,blog-oiyo,
education-public-admin-ch5,academy,published,ko,행정학 Ch5. 정책 결정 모형과 집행 Theories,education-public-admin-ch5,Public Admin,,,blog-oiyo,
education-public-admin-ch6,academy,published,ko,행정학 Ch6. 조직 이론의 전개와 관료제,education-public-admin-ch6,Public Admin,,,blog-oiyo,
education-public-admin-ch7,academy,published,ko,행정학 Ch7. 조직 구조의 설계와 결정 요인,education-public-admin-ch7,Public Admin,,,blog-oiyo,
education-public-admin-ch8,academy,published,ko,행정학 Ch8. 민츠버그의 조직 유형과 현대적 조직,education-public-admin-ch8,Public Admin,,,blog-oiyo,
education-public-admin-ch9,academy,published,ko,행정학 Ch9. 인사행정의 기초와 공무원 제도,education-public-admin-ch9,Public Admin,,,blog-oiyo,
education-statistics-ch1,academy,published,ko,통계학의 본질: 불확실성 속에서 질서를 찾다,education-statistics-ch1,Statistics,,,blog-oiyo,
education-statistics-ch10,academy,published,ko,비모수 통계와 PCA: 상식을 넘어서는 데이터 분석,education-statistics-ch10,Statistics,,,blog-oiyo,
education-statistics-ch2,academy,published,ko,확률 분포: 데이터가 그리는 곡선의 비밀,education-statistics-ch2,Statistics,,,blog-oiyo,
education-statistics-ch3,academy,published,ko,가설 검정: 데이터로 진실을 판별하다,education-statistics-ch3,Statistics,,,blog-oiyo,
education-statistics-ch4,academy,published,ko,상관관계와 회귀분석: 관계의 과학,education-statistics-ch4,Statistics,,,blog-oiyo,
education-statistics-ch5,academy,published,ko,분산 분석(ANOVA): 여러 그룹의 차이를 비교하다,education-statistics-ch5,Statistics,,,blog-oiyo,
education-statistics-ch6,academy,published,ko,다중 회귀 분석: 복잡한 세상의 변수들,education-statistics-ch6,Statistics,,,blog-oiyo,
education-statistics-ch7,academy,published,ko,로지스틱 회귀 분석: ''예'' 또는 ''아니오''의 통계학,education-statistics-ch7,Statistics,,,blog-oiyo,
education-statistics-ch8,academy,published,ko,시계열 분석 기초: 시간의 흐름 속에 숨겨진 패턴,education-statistics-ch8,Statistics,,,blog-oiyo,
education-statistics-ch9,academy,published,ko,베이즈 통계학 입문: 경험이 지식이 되는 과정,education-statistics-ch9,Statistics,,,blog-oiyo,
education-technical-analysis-ch1,academy,published,ko,Ch1. 가격의 언어,education-technical-analysis-ch1,Technical Analysis,기술적 분석 핵심,1,blog-oiyo,
education-technical-analysis-ch10,academy,live,ko,Ch10. 기술적 분석 종합 정리 — 실전 체크리스트와 실수 방지,education-technical-analysis-ch10,Academy,기술적 분석 핵심,10,blog-oiyo,
education-technical-analysis-ch2,academy,published,ko,Ch2. 이동평균선과 추세,education-technical-analysis-ch2,Technical Analysis,기술적 분석 핵심,2,blog-oiyo,
education-technical-analysis-ch3,academy,published,ko,Ch3. 지지와 저항,education-technical-analysis-ch3,Technical Analysis,기술적 분석 핵심,3,blog-oiyo,
education-technical-analysis-ch4,academy,published,ko,Ch4. 실전 보조지표,education-technical-analysis-ch4,Technical Analysis,기술적 분석 핵심,4,blog-oiyo,
education-technical-analysis-ch5,academy,published,ko,Ch5. 거래량과 패턴,education-technical-analysis-ch5,Technical Analysis,기술적 분석 핵심,5,blog-oiyo,
education-technical-analysis-ch6,academy,live,ko,Ch6. 피보나치와 파동 이론,education-technical-analysis-ch6,Academy,기술적 분석 핵심,6,blog-oiyo,
education-technical-analysis-ch7,academy,live,ko,Ch7. 오실레이터와 모멘텀 지표,education-technical-analysis-ch7,Academy,기술적 분석 핵심,7,blog-oiyo,
education-technical-analysis-ch8,academy,live,ko,Ch8. 볼린저 밴드와 변동성 지표,education-technical-analysis-ch8,Academy,기술적 분석 핵심,8,blog-oiyo,
education-technical-analysis-ch9,academy,live,ko,Ch9. 다중 시간대 분석과 매매 시스템 구축,education-technical-analysis-ch9,Academy,기술적 분석 핵심,9,blog-oiyo,
education-zoology-ch1,academy,published,ko,동물학 입문: 동물 분류와 분류 체계,education-zoology-ch1,Zoology,,,blog-oiyo,
education-zoology-ch10,academy,published,ko,동물 행동: 동물 행동학과 행동의 과학,education-zoology-ch10,Zoology,,,blog-oiyo,
education-zoology-ch2,academy,published,ko,"원시 무척추동물: 해면동물, 해파리, 벌레류",education-zoology-ch2,Zoology,,,blog-oiyo,
education-zoology-ch3,academy,published,ko,"연체동물과 극피동물: 껍데기, 촉수, 가시",education-zoology-ch3,Zoology,,,blog-oiyo,
education-zoology-ch4,academy,published,ko,절지동물: 지구상에서 가장 성공한 동물들,education-zoology-ch4,Zoology,,,blog-oiyo,
education-zoology-ch5,academy,published,ko,"어류: 무악류, 연골어류, 경골어류",education-zoology-ch5,Zoology,,,blog-oiyo,
education-zoology-ch6,academy,published,ko,양서류: 두 환경의 지배자,education-zoology-ch6,Zoology,,,blog-oiyo,
education-zoology-ch7,academy,published,ko,파충류: 공룡에서 현대의 도마뱀과 뱀까지,education-zoology-ch7,Zoology,,,blog-oiyo,
education-zoology-ch8,academy,published,ko,"조류: 하늘, 노래, 이동의 지배자",education-zoology-ch8,Zoology,,,blog-oiyo,
education-zoology-ch9,academy,published,ko,포유류: 단공류에서 영장류까지,education-zoology-ch9,Zoology,,,blog-oiyo,
egocentric-bias-perspective,magazine,published,ko,자기중심적 편향 (Egocentric Bias): 세상은 나를 중심으로 돈다,egocentric-bias-perspective,Mind & Psychology,,,blog-oiyo,
egogram-personality-guide,magazine,published,ko,에고그램으로 보는 나의 성격 구조: CP·NP·A·FC·AC 완전 가이드,egogram-personality-guide,Psychology,,,blog-oiyo,
egogram-test,interactive,published,ko,에고그램 자아 상태 테스트 — 나의 다섯 가지 자아는?,egogram-test,Psychology,,,blog-oiyo,EgogramTest
egyptian-mythology-osiris-rebirth-cycles,magazine,published,ko,오시리스의 부활: 시련을 넘어 다시 태어나는 자의 신화,egyptian-mythology-osiris-rebirth-cycles,Mythology,,,blog-oiyo,
egyptian-neteru,magazine,published,ko,네테루: 자연의 힘,egyptian-neteru,Myth & Culture,,,blog-oiyo,
emotion-regulation-test,interactive,published,ko,감정 조절 전략 테스트 — 나는 감정을 어떻게 다루는가?,emotion-regulation-test,Psychology,,,blog-oiyo,EmotionRegulationTest
emotional-eating-test,interactive,published,ko,감정적 식사 테스트 — 나는 감정 때문에 먹나?,emotional-eating-test,Psychology,,,blog-oiyo,EmotionalEatingTest
emotional-intelligence-complete-guide,magazine,published,ko,감성지능(EQ) 완전 가이드: IQ보다 중요한 성공의 핵심 역량,emotional-intelligence-complete-guide,Psychology,,,blog-oiyo,
emotional-intelligence-guide,magazine,published,ko,감성 지능(EQ) 완전 가이드: 5가지 요소·직장·관계·향상법 총정리,emotional-intelligence-guide,Psychology,,,blog-oiyo,
emotional-intelligence-workplace,magazine,published,ko,직장 내 정서 지능(EQ): 지능지수(IQ)보다 중요한 성공의 열쇠,emotional-intelligence-workplace,Mind & Psychology,,,blog-oiyo,
emotional-regulation-weather,interactive,published,ko,하늘과 구름: 마음의 기상학을 이해하는 법,emotional-regulation-weather,Mind & Psychology,,,blog-oiyo,
empathy-compassion-guide,magazine,published,ko,공감 능력 완전 가이드: 정서적 공감·인지적 공감·자기연민의 과학,empathy-compassion-guide,Psychology,,,blog-oiyo,
empathy-test,interactive,published,ko,공감 능력 유형 테스트 — 나는 어떻게 공감하나요?,empathy-test,Psychology,,,blog-oiyo,EmpathyTest
empathy-types-and-boundaries,magazine,published,ko,공감 능력이 높으면 다 좋을까? — 3가지 공감 유형과 건강한 경계,empathy-types-and-boundaries,Magazine,,,blog-oiyo,
emphasis-via-inversion,magazine,published,ko,"강조의 미학, 도치 구문: 영어 문장에 생명력을 불어넣는 기술",emphasis-via-inversion,Education & Language,,,blog-oiyo,
endowment-effect-ownership,magazine,published,ko,소유 효과 (Endowment Effect): 내 것이 더 좋다,endowment-effect-ownership,Mind & Psychology,,,blog-oiyo,
energy-of-relationships,magazine,published,ko,인간관계는 자신이 뿜어낸 에너지의 결과물이다: 내면의 주파수가 만드는 인연,energy-of-relationships,Philosophy & Spirit,,,blog-oiyo,
enneagram-complete-types-guide,magazine,published,ko,에니어그램 9가지 유형 완전 가이드: 당신은 어떤 유형인가?,enneagram-complete-types-guide,Psychology,,,blog-oiyo,
enneagram-love-relationships,magazine,published,ko,에니어그램 유형별 연애 완전 가이드: 9가지 유형의 사랑 패턴,enneagram-love-relationships,Psychology,,,blog-oiyo,
enneagram-mbti-integration,magazine,published,ko,에니어그램 × MBTI 통합 분석: 두 체계가 만나는 72가지 성격 코드,enneagram-mbti-integration,Magazine,,,blog-oiyo,
enneagram-nine-peacemaker-path,magazine,published,ko,에니어그램 9번: 평화주의자의 내면적 성장과 평온,enneagram-nine-peacemaker-path,Mind & Psychology,,,blog-oiyo,
enneagram-test,interactive,published,ko,에니어그램 테스트 — 나의 9가지 성격 유형 찾기,enneagram-test,Psychology,,,blog-oiyo,EnneagramTest
enneagram-tritype-guide,magazine,published,ko,에니어그램 트리타입(Tritype) 완전 가이드: 세 가지 센터의 조합,enneagram-tritype-guide,Psychology,,,blog-oiyo,
enneagram-type1-perfectionist-guide,magazine,published,en,Enneagram Type 1: The Reformer & Perfectionist — Complete Guide,enneagram-type1-perfectionist-guide,Psychology,,,blog-oiyo,
enneagram-type1-perfectionist-guide,magazine,published,ja,エニアグラム1番タイプ：改革者・完璧主義者 完全ガイド,enneagram-type1-perfectionist-guide,Psychology,,,blog-oiyo,
enneagram-type1-perfectionist-guide,magazine,published,ko,에니어그램 1번 유형: 개혁가·완벽주의자 완전 가이드,enneagram-type1-perfectionist-guide,Psychology,,,blog-oiyo,
enneagram-type2-helper-guide,magazine,published,en,Enneagram Type 2: The Helper & Giver — Complete Guide,enneagram-type2-helper-guide,Psychology,,,blog-oiyo,
enneagram-type2-helper-guide,magazine,published,ja,エニアグラム2番タイプ：助ける人・世話好き 完全ガイド,enneagram-type2-helper-guide,Psychology,,,blog-oiyo,
enneagram-type2-helper-guide,magazine,published,ko,에니어그램 2번 유형: 조력자·돕는 사람 완전 가이드,enneagram-type2-helper-guide,Psychology,,,blog-oiyo,
enneagram-type3-achiever-guide,magazine,published,en,Enneagram Type 3: The Achiever & Performer — Complete Guide,enneagram-type3-achiever-guide,Psychology,,,blog-oiyo,
enneagram-type3-achiever-guide,magazine,published,ja,エニアグラム3番タイプ：達成者・パフォーマー 完全ガイド,enneagram-type3-achiever-guide,Psychology,,,blog-oiyo,
enneagram-type3-achiever-guide,magazine,published,ko,에니어그램 3번 유형: 성취자·달성하는 사람 완전 가이드,enneagram-type3-achiever-guide,Psychology,,,blog-oiyo,
enneagram-type4-individualist-guide,magazine,published,en,Enneagram Type 4: The Individualist & Romantic — Complete Guide,enneagram-type4-individualist-guide,Psychology,,,blog-oiyo,
enneagram-type4-individualist-guide,magazine,published,ja,エニアグラム4番タイプ：個人主義者・ロマンチスト 完全ガイド,enneagram-type4-individualist-guide,Psychology,,,blog-oiyo,
enneagram-type4-individualist-guide,magazine,published,ko,에니어그램 4번 유형: 개인주의자·예술가 완전 가이드,enneagram-type4-individualist-guide,Psychology,,,blog-oiyo,
enneagram-type5-investigator-guide,magazine,published,en,Enneagram Type 5: The Investigator & Observer — Complete Guide,enneagram-type5-investigator-guide,Psychology,,,blog-oiyo,
enneagram-type5-investigator-guide,magazine,published,ja,エニアグラム5番タイプ：研究者・観察者 完全ガイド,enneagram-type5-investigator-guide,Psychology,,,blog-oiyo,
enneagram-type5-investigator-guide,magazine,published,ko,에니어그램 5번 유형: 탐구자·관찰자 완전 가이드,enneagram-type5-investigator-guide,Psychology,,,blog-oiyo,
enneagram-type6-loyalist-guide,magazine,published,en,Enneagram Type 6: The Loyalist & Guardian — Complete Guide,enneagram-type6-loyalist-guide,Psychology,,,blog-oiyo,
enneagram-type6-loyalist-guide,magazine,published,ja,エニアグラム6番タイプ：忠実者・守護者 完全ガイド,enneagram-type6-loyalist-guide,Psychology,,,blog-oiyo,
enneagram-type6-loyalist-guide,magazine,published,ko,에니어그램 6번 유형: 충성가·안전 추구자 완전 가이드,enneagram-type6-loyalist-guide,Psychology,,,blog-oiyo,
enneagram-type7-enthusiast-guide,magazine,published,en,Enneagram Type 7: The Enthusiast & Adventurer — Complete Guide,enneagram-type7-enthusiast-guide,Psychology,,,blog-oiyo,
enneagram-type7-enthusiast-guide,magazine,published,ja,エニアグラム7番タイプ：熱狂者・冒険家 完全ガイド,enneagram-type7-enthusiast-guide,Psychology,,,blog-oiyo,
enneagram-type7-enthusiast-guide,magazine,published,ko,에니어그램 7번 유형: 열정가·모험가 완전 가이드,enneagram-type7-enthusiast-guide,Psychology,,,blog-oiyo,
enneagram-type8-challenger-guide,magazine,published,en,Enneagram Type 8: The Challenger & Protector — Complete Guide,enneagram-type8-challenger-guide,Psychology,,,blog-oiyo,
enneagram-type8-challenger-guide,magazine,published,ja,エニアグラム8番タイプ：挑戦者・保護者 完全ガイド,enneagram-type8-challenger-guide,Psychology,,,blog-oiyo,
enneagram-type8-challenger-guide,magazine,published,ko,에니어그램 8번 유형: 도전자·보호자 완전 가이드,enneagram-type8-challenger-guide,Psychology,,,blog-oiyo,
enneagram-type9-peacemaker-complete-guide,magazine,published,en,Enneagram Type 9: The Peacemaker & Mediator — Complete Guide,enneagram-type9-peacemaker-complete-guide,Psychology,,,blog-oiyo,
enneagram-type9-peacemaker-complete-guide,magazine,published,ja,エニアグラム9番タイプ：平和主義者・調停者 完全ガイド,enneagram-type9-peacemaker-complete-guide,Psychology,,,blog-oiyo,
enneagram-type9-peacemaker-complete-guide,magazine,published,ko,에니어그램 9번 유형: 평화주의자·중재자 완전 가이드,enneagram-type9-peacemaker-complete-guide,Psychology,,,blog-oiyo,
enneagram-wings-instincts-deep,magazine,published,ko,에니어그램의 날개와 본능: 성격의 입체적 해부,enneagram-wings-instincts-deep,Mysticism,,,blog-oiyo,
entrance-wealth-luck,magazine,published,ko,현관 풍수: 복이 들어오는 입구를 만드는 법,entrance-wealth-luck,Mysticism,,,blog-oiyo,
entropy-order-chaos-life-metaphor,magazine,published,ko,엔트로피(Entropy): 삶의 무질서를 다스리는 최소한의 질서,entropy-order-chaos-life-metaphor,Lifestyle & Growth,,,blog-oiyo,
entropy-thermodynamics-decay,magazine,published,ko,엔트로피: 모든 것은 왜 무너지는가,entropy-thermodynamics-decay,Lifestyle & Growth,,,blog-oiyo,
epigenetics-ancestral-memory,magazine,published,ko,후성유전학: 당신의 DNA에 새겨진 조상의 기억,epigenetics-ancestral-memory,Mind & Psychology,,,blog-oiyo,
epigenetics-ghost-in-your-genes,magazine,published,ko,후성유전학(Epigenetics): 당신의 습관이 유전자를 켠다,epigenetics-ghost-in-your-genes,Mind & Psychology,,,blog-oiyo,
epigenetics-trauma-inheritance,magazine,published,ko,후성유전학: 당신은 할머니의 트라우마를 물려받았다,epigenetics-trauma-inheritance,Lifestyle & Growth,,,blog-oiyo,
eq-test,interactive,published,ko,감성 지능(EQ) 테스트 — 나의 5가지 EQ 요소는?,eq-test,Psychology,,,blog-oiyo,EmotionalIntelligenceTest
eros-psyche-myth-integration,magazine,published,ko,에로스와 프시케: 감각적 쾌락과 정신적 기쁨의 통합,eros-psyche-myth-integration,Mythology,,,blog-oiyo,
etf-recommender,interactive,published,ko,ETF 추천기 — 투자 성향에 맞는 ETF 찾기,etf-recommender,Finance,,,blog-oiyo,EtfRecommender
etf-recommender-investment-guide,interactive,published,ko,ETF 추천기 — 투자 성향별 ETF 포트폴리오 설계 가이드,etf-recommender-investment-guide,Finance,,,blog-oiyo,EtfRecommender
evil-eye-envy-protection,magazine,published,ko,사악한 눈 (Evil Eye): 무기로서의 질투,evil-eye-envy-protection,Myth & Culture,,,blog-oiyo,
evolution-survival-friendliest,magazine,published,ko,진화: 다정한 것이 살아남는다,evolution-survival-friendliest,Lifestyle & Growth,,,blog-oiyo,
evolving-self-saju-mbti,magazine,published,ko,진화하는 자아: MBTI와 사주의 교차점에서 나를 읽다,evolving-self-saju-mbti,Mysticism,,,blog-oiyo,
exercise-metabolic-effects,magazine,published,ko,운동과 신체 활동의 대사적 효과: 미토콘드리아를 늘리는 가장 확실한 방법,exercise-metabolic-effects,Mind & Psychology,,,blog-oiyo,
existence-of-interpretation,magazine,published,ko,내면에 존재하는 것은 사실이 아니라 그에 대한 해석뿐이다: 관점을 바꾸면 세상이 바뀐다,existence-of-interpretation,Philosophy & Spirit,,,blog-oiyo,
existing-treatments-brain-energy,magazine,published,ko,뇌 에너지 이론으로 살펴보는 기존 치료법: 왜 어떤 치료는 효과가 있고 어떤 것은 없을까?,existing-treatments-brain-energy,Mind & Psychology,,,blog-oiyo,
explaining-activities,magazine,published,ko,설명하기 활동: 말하는 순간 진짜 지식이 된다,explaining-activities,Lifestyle & Growth,,,blog-oiyo,
explaining-brain-energy-theory,magazine,published,ko,뇌 에너지 이론이란 무엇인가?: 정신질환을 바라보는 통합적 시각,explaining-brain-energy-theory,Mind & Psychology,,,blog-oiyo,
face-reading-physiognomy-guide,magazine,published,ko,관상학 완전 가이드: 얼굴로 보는 성격과 운명의 과학,face-reading-physiognomy-guide,Fortune & Spirituality,,,blog-oiyo,
factors-of-mental-health,magazine,published,ko,정신 건강을 결정짓는 요인들: 유전부터 생활 습관까지,factors-of-mental-health,Psychology,,,blog-oiyo,
facts-vs-interpretation,magazine,published,ko,내면에 존재하는 것은 사실이 아니라 그에 대한 해석뿐이다: 삶을 재정의하는 인식의 힘,facts-vs-interpretation,Philosophy & Spirit,,,blog-oiyo,
fall-of-rome-modern-parallels,magazine,published,ko,로마의 몰락: 우리는 그 다음인가?,fall-of-rome-modern-parallels,Myth & Culture,,,blog-oiyo,
false-consensus-effect-bias,magazine,published,ko,허위 합의 효과: 모두가 내 말에 동의해,false-consensus-effect-bias,Mind & Psychology,,,blog-oiyo,
fasting-timer,interactive,published,ko,간헐적 단식 타이머 — 16:8 단식 시간 계산기,fasting-timer,Health,,,blog-oiyo,FastingTimer
fear-type-test,interactive,published,ko,두려움 유형 테스트 — 나를 가장 두렵게 하는 것은?,fear-type-test,Psychology,,,blog-oiyo,FearTypeTest
feng-shui-basics-guide,magazine,published,ko,풍수지리 기초 가이드: 집·직장·방향으로 운을 바꾸는 방법,feng-shui-basics-guide,Fortune & Spirituality,,,blog-oiyo,
feng-shui-modern-living-energy,magazine,published,ko,현대인을 위한 풍수(Feng Shui): 공간이 운명을 바꾼다,feng-shui-modern-living-energy,Mysticism,,,blog-oiyo,
financial-personality-types,academy,published,ko,나의 경제적 성향 이해하기: 부를 부르는 4가지 유형,financial-personality-types,Finance,,,blog-oiyo,
financial-psychology-complete,magazine,published,ko,돈의 심리학 완전 가이드: 당신의 돈 패턴을 바꾸는 심리학,financial-psychology-complete,Psychology,,,blog-oiyo,
finding-balance-yongshin,magazine,published,ko,용신(用神): 인생의 구명조끼를 찾는 법,finding-balance-yongshin,Mysticism,,,blog-oiyo,
finding-causes-and-solutions,magazine,published,ko,문제의 원인과 대처 방법 찾기: 왜 사람마다 증상이 다를까?,finding-causes-and-solutions,Mind & Psychology,,,blog-oiyo,
five-love-languages-connection,magazine,published,ko,5가지 사랑의 언어: 서로 다른 마음의 주파수를 맞추는 법,five-love-languages-connection,Mind & Psychology,,,blog-oiyo,
fix-poor-posture-easy-methods,magazine,published,ko,구부정한 자세 쉽게 바로잡는 방법: 거북목·라운드숄더 원인부터 교정까지,fix-poor-posture-easy-methods,Wellness,,,blog-oiyo,
flow-state-happiness-psychology,magazine,published,ko,몰입 (Flow State),flow-state-happiness-psychology,Psychology,,,blog-oiyo,
flow-state-optimal-experience,magazine,published,ko,몰입(Flow): 최적 경험의 심리학,flow-state-optimal-experience,Mind & Psychology,,,blog-oiyo,
flow-state-optimal-experience-psychology,magazine,published,ko,몰입(Flow): 시간이 멈추는 행복의 정점,flow-state-optimal-experience-psychology,Psychology,,,blog-oiyo,
fluid-factors-of-growth,magazine,published,ko,유동적 요인: 트라우마를 성장으로 바꾸는 회복탄력성의 비밀,fluid-factors-of-growth,Mind & Psychology,,,blog-oiyo,
focus-on-person-not-object,magazine,published,ko,‘대상’이 아니라 ‘사람’에 주목하라: 도구적 관계를 넘어선 인격적 만남,focus-on-person-not-object,Philosophy & Spirit,,,blog-oiyo,
focus-on-yourself,magazine,published,ko,그 누구도 아닌 나에게 집중해야 하는 이유: 타인의 기대를 넘어선 진정한 자아 찾기,focus-on-yourself,Philosophy & Spirit,,,blog-oiyo,
follower-count-not-trust,magazine,published,ko,팔로워 수는 신뢰의 증거가 아니다: 숫자가 가리는 관계의 본질,follower-count-not-trust,Philosophy & Spirit,,,blog-oiyo,
food-revolution,magazine,published,ko,식탁 위의 혁명: 당신의 식습관이 뇌를 바꾼다,food-revolution,Lifestyle & Growth,,,blog-oiyo,
foot-in-the-door-influence,magazine,published,ko,문간에 발 들여놓기 (Foot-in-the-Door): 승낙을 위한 작은 단계,foot-in-the-door-influence,Mind & Psychology,,,blog-oiyo,
fortune-2026-love-forecast,magazine,published,ko,2026년 12별자리 연애·결혼 운세: 누가 만나고 누가 헤어지는가,fortune-2026-love-forecast,Fortune & Spirituality,,,blog-oiyo,
fortune-2026-monthly-forecast,magazine,published,ko,2026년 월별 운세 완전 가이드: 1월~12월 핵심 천문 이벤트와 전략,fortune-2026-monthly-forecast,Fortune & Spirituality,,,blog-oiyo,
foundation-01-wealth,magazine,published,ko,"기초 1편. 부의 기초 체력: 자산, 부채, 그리고 복리",foundation-01-wealth,Society & Wealth,,,blog-oiyo,
fractals-chaos-theory-universal-patterns,magazine,published,ko,프랙탈과 카오스 이론: 무질서 속에 숨겨진 우주의 기하학,fractals-chaos-theory-universal-patterns,Lifestyle & Growth,,,blog-oiyo,
framing-effect-context,magazine,published,ko,프레이밍 효과: 말하기 나름,framing-effect-context,Mind & Psychology,,,blog-oiyo,
freecell,interactive,published,ko,프리셀 — 전략 카드 게임 프리셀,freecell,Game,,,blog-oiyo,FreeCell
freecell-resource-allocation,interactive,published,ko,프리셀과 자원 활용: 빈 슬롯의 가치와 최적의 알고리즘,freecell-resource-allocation,Strategy,,,blog-oiyo,FreeCell
freelance-side-income-guide,magazine,published,ko,부업·프리랜서 완전 가이드: 월 100만원 추가 수입 만들기,freelance-side-income-guide,Finance,,,blog-oiyo,
freelancer-tax-calculator,interactive,published,ko,프리랜서 세금 계산기 — 종합소득세·건강보험료 예상 계산,freelancer-tax-calculator,Finance,,,blog-oiyo,FreelancerTaxCalculator
freelancer-tax-complete-guide,interactive,published,ko,프리랜서 세금 완전 정복: 3.3% 원천징수부터 종합소득세 신고까지,freelancer-tax-complete-guide,Tax,,,blog-oiyo,
freelancer-tax-comprehensive-income,interactive,published,ko,"프리랜서 3.3%와 종합소득세: 세금 떼인 눈물, 환급으로 닦는 법",freelancer-tax-comprehensive-income,Finance,,,blog-oiyo,
fundamental-attribution-error-judgment,magazine,published,ko,기본적 귀인 오류: 타인 대 나 자신,fundamental-attribution-error-judgment,Psychology,,,blog-oiyo,
future-in-decisions,magazine,published,ko,지금 이 순간의 결정 속에 당신의 미래가 있다: 아들러의 목적론,future-in-decisions,Mind & Psychology,,,blog-oiyo,
future-not-hostage-to-past,magazine,published,ko,미래를 담보로 과거에 붙잡히지 마라: 트라우마를 넘어선 현재의 재구성,future-not-hostage-to-past,Philosophy & Spirit,,,blog-oiyo,
gamblers-fallacy-probability,magazine,published,ko,도박사의 오류: 주사위는 기억력이 없다,gamblers-fallacy-probability,Mind & Psychology,,,blog-oiyo,
game-2048,interactive,published,ko,2048 퍼즐 게임 — 숫자를 합쳐 2048을 만들어라,game-2048,Game,,,blog-oiyo,Game2048
game-2048-exponential-thinking,interactive,published,ko,2048: 지수적 성장의 게임 — 합성과 복리의 직관을 손으로 익히기,game-2048-exponential-thinking,Strategy,,,blog-oiyo,Game2048
game-theory-human-relationships,magazine,published,ko,인간관계와 게임 이론: 갈등 속에서 윈윈(Win-Win)을 찾는 법,game-theory-human-relationships,Myth & Culture,,,blog-oiyo,
gaslighting-manipulation,magazine,published,ko,가스라이팅 (Gaslighting): 현실 왜곡,gaslighting-manipulation,Mind & Psychology,,,blog-oiyo,
gaslighting-reality-distortion,magazine,published,ko,가스라이팅: 디지털 시대의 현실 왜곡,gaslighting-reality-distortion,Mind & Psychology,,,blog-oiyo,
gift-guide-by-personality,magazine,published,ko,받는 사람의 마음을 사로잡는 성격 유형별 선물 가이드,gift-guide-by-personality,Lifestyle,,,blog-oiyo,
gift-tax-guide,academy,published,ko,증여세 완전 정복: 면제 한도·계산·절세·증여세법 총정리,gift-tax-guide,Tax,,,blog-oiyo,
gilgamesh-arrogance-to-wisdom,magazine,published,ko,길가메시: 오만한 자가 현자로 변모하는 과정,gilgamesh-arrogance-to-wisdom,Mind & Psychology,,,blog-oiyo,
giving-up-changing-others,magazine,published,ko,타인을 바꾸려는 순간 내면의 평화는 깨진다: 통제할 수 없는 것을 내려놓는 지혜,giving-up-changing-others,Philosophy & Spirit,,,blog-oiyo,
global-cultural-etiquette-guide,magazine,published,ko,이방인의 예절: 세계 각국의 인사법과 비즈니스 에티켓 완벽 정리,global-cultural-etiquette-guide,Lifestyle,,,blog-oiyo,
global-etf-asset-allocation,interactive,published,ko,글로벌 ETF 추천: 내 성향에 딱 맞는 세계 자산 배분 지도 그리기,global-etf-asset-allocation,Finance,,,blog-oiyo,
global-etf-beginner-guide,interactive,published,ko,글로벌 ETF 완전 정복: 초보자를 위한 분산투자 전략과 세금 총정리,global-etf-beginner-guide,Finance,,,blog-oiyo,
gnosticism-hidden-god,magazine,published,ko,영지주의(Gnosticism): 신 너머의 신,gnosticism-hidden-god,Philosophy & Spirit,,,blog-oiyo,
goal-setting-okr-smart-guide,magazine,published,ko,목표 설정 완전 가이드: OKR·SMART·버킷리스트 실전 방법,goal-setting-okr-smart-guide,Self-Improvement,,,blog-oiyo,
golden-ratio-nature-aesthetics,magazine,published,ko,황금비와 피보나치 수열: 대자연이 선택한 완벽한 비율,golden-ratio-nature-aesthetics,Lifestyle & Growth,,,blog-oiyo,
gomoku,interactive,published,ko,오목 — 5개를 먼저 놓아라! 오목 게임,gomoku,Game,,,blog-oiyo,Gomoku
gomoku-five-in-a-row-strategy,interactive,published,ko,오목(五目): 연결의 힘 — 패턴 읽기와 선점의 전략,gomoku-five-in-a-row-strategy,Strategy,,,blog-oiyo,Gomoku
gomoku-strategic-thinking,academy,published,ko,오목의 승리 공식: 다섯 수 앞을 내다보는 전략적 사고,gomoku-strategic-thinking,Education,,,blog-oiyo,
gongmang-void-emptiness,magazine,published,ko,공망(空亡): 밑 빠진 독에 물 붓기?,gongmang-void-emptiness,Mysticism,,,blog-oiyo,
gpa-academic-performance-strategy,interactive,published,ko,학점 계산기: 단순한 성적을 넘어 나의 성실함을 증명하는 지표,gpa-academic-performance-strategy,Life,,,blog-oiyo,
gpa-calculator,interactive,published,ko,학점 계산기 — GPA 및 평균 학점 계산,gpa-calculator,Health,,,blog-oiyo,GpaCalculator
gratitude-style-test,interactive,published,ko,감사 성향 테스트 — 나는 얼마나 감사하며 사는가?,gratitude-style-test,Psychology,,,blog-oiyo,GratitudeStyleTest
grayscale-converter,interactive,published,ko,이미지 흑백 변환 — 컬러 사진을 흑백으로,grayscale-converter,Image,,,blog-oiyo,GrayscaleConverter
grayscale-essential-aesthetics,magazine,published,ko,흑백의 미학: 색을 걷어내고 본질에 집중하는 법,grayscale-essential-aesthetics,Design,,,blog-oiyo,
greek-creation-myth-power-struggle,magazine,published,ko,그리스 창세 신화: 지배자와 도전자의 끊임없는 투쟁,greek-creation-myth-power-struggle,Mythology,,,blog-oiyo,
grit-scale-test,interactive,published,ko,그릿 척도 테스트 — 나의 열정과 인내는 몇 점?,grit-scale-test,Psychology,,,blog-oiyo,GritScaleTest
groupthink-conformity,magazine,published,ko,집단사고: 조화의 위험성,groupthink-conformity,Mind & Psychology,,,blog-oiyo,
growth-mindset-fixed-mindset-guide,magazine,published,ko,성장 마인드셋 완전 가이드: 캐럴 드웩의 고정 vs 성장 사고방식,growth-mindset-fixed-mindset-guide,Self-Improvement,,,blog-oiyo,
growth-mindset-psychology,magazine,published,ko,성장 마인드셋 (Growth Mindset): ''아직''의 힘,growth-mindset-psychology,Psychology,,,blog-oiyo,
growth-mindset-test,interactive,published,ko,성장 마인드셋 테스트 — 고정형인가 성장형인가?,growth-mindset-test,Psychology,,,blog-oiyo,GrowthMindsetTest
gumiho-desire-taboo,magazine,published,ko,구미호: 욕망이라는 괴물,gumiho-desire-taboo,Myth & Culture,,,blog-oiyo,
gut-brain-axis-intuition,magazine,published,ko,장-뇌 축(Gut-Brain Axis): 직관의 생물학적 근거,gut-brain-axis-intuition,Mind & Psychology,,,blog-oiyo,
gut-brain-connection-mental-diet,magazine,published,ko,당신이 먹는 것이 바로 당신이다: 뇌와 장의 대화,gut-brain-connection-mental-diet,Psychology,,,blog-oiyo,
gut-microbiome-intuition,interactive,published,ko,내면의 은하계: 장-뇌 축(Gut-Brain Axis) 항해하기,gut-microbiome-intuition,Lifestyle & Growth,,,blog-oiyo,
gyeokguk-theory-structure,magazine,published,ko,격국론(格局論): 사주 구조의 완성도를 읽는 법,gyeokguk-theory-structure,Mysticism,,,blog-oiyo,
habit-formation-science-guide,magazine,published,ko,습관 형성 완전 가이드: 66일의 과학과 원자 습관의 비밀,habit-formation-science-guide,Self-Improvement,,,blog-oiyo,
habit-neuroplasticity,magazine,published,ko,뇌를 재배선하는 습관의 과학: 신경 가소성을 활용한 변화의 기술,habit-neuroplasticity,Science & Health,,,blog-oiyo,
hades-invitation-shadow-psychology,magazine,published,ko,하데스의 초대: 그림자의 심리학과 영적 변형,hades-invitation-shadow-psychology,Psychology,,,blog-oiyo,
halo-effect-bias,magazine,published,ko,후광 효과 (Halo Effect): 아름다운 것은 좋다,halo-effect-bias,Mind & Psychology,,,blog-oiyo,
happiness-and-responsibility,magazine,published,ko,행복은 삶을 책임질 때 비로소 완성된다: 아들러의 행복론,happiness-and-responsibility,Mind & Psychology,,,blog-oiyo,
harmonic-charts-soul-vibration,magazine,published,ko,하모닉 차트(Harmonic Charts): 영혼의 진동수를 읽다,harmonic-charts-soul-vibration,Mysticism,,,blog-oiyo,
hash-generator,interactive,published,ko,해시 생성기 — SHA-256 / SHA-384 / SHA-512 변환,hash-generator,Utility,,,blog-oiyo,HashGenerator
havruta-types,magazine,published,ko,하브루타 실전: 메타인지를 깨우는 8가지 대화법,havruta-types,Lifestyle & Growth,,,blog-oiyo,
healing-inner-child,magazine,published,ko,내면아이 치유: 어른이 된 나에게 바치는 위로,healing-inner-child,Mind & Psychology,,,blog-oiyo,
heart-revolution,magazine,published,ko,심장의 고요한 혁명: 용기가 어떻게 우리의 열망을 현실의 대지로 이끄는가,heart-revolution,Philosophy & Spirit,,,blog-oiyo,
hearts-game,interactive,published,ko,하츠 — 포인트를 피하라! 하츠 카드 게임,hearts-game,Game,,,blog-oiyo,HeartsGame
hearts-risk-transfer-strategy,interactive,published,ko,하트 게임과 리스크 전이: 타인에게 부담을 넘기는 고도의 심리전,hearts-risk-transfer-strategy,Psychology,,,blog-oiyo,HeartsGame
heavenly-stems-deep-wisdom,magazine,published,ko,천간(天干)의 지혜: 열 가지 우주적 원소의 깊은 이해,heavenly-stems-deep-wisdom,Mysticism,,,blog-oiyo,
hedonic-treadmill-happiness,magazine,published,ko,쾌락의 쳇바퀴: 왜 행복은 영원하지 않은가,hedonic-treadmill-happiness,Mind & Psychology,,,blog-oiyo,
height-predictor,interactive,published,ko,자녀 키 예측 계산기 — 부모 키로 예측하는 아이 최종 키,height-predictor,Health,,,blog-oiyo,HeightPredictor
height-predictor-growth-guide,interactive,published,ko,키 성장 예측기 — 부모 키로 예상 키 계산하기,height-predictor-growth-guide,Health,,,blog-oiyo,HeightPredictor
hercules-myth-madness-motherhood,magazine,published,ko,헤라클레스: 박탈당한 모성성이 만들어낸 고통과 광기,hercules-myth-madness-motherhood,Mythology,,,blog-oiyo,
hermeticism-seven-universal-laws,magazine,published,ko,헤르메티즘과 7가지 우주 법칙: 마음이 곧 우주다,hermeticism-seven-universal-laws,Philosophy & Spirit,,,blog-oiyo,
hero-journey-mythology,magazine,published,ko,영웅의 여정: 모든 위대한 이야기가 숨기고 있는 하나의 공식,hero-journey-mythology,Myth & Culture,,,blog-oiyo,
hero-myth-and-national-unconscious-complexes,magazine,published,ko,영웅신화와 민족무의식의 콤플렉스: 우리 내면의 거인들,hero-myth-and-national-unconscious-complexes,Mythology,,,blog-oiyo,
hero-myth-complexes,magazine,published,ko,영웅 신화의 콤플렉스와 현대인: 우리 안의 거인과 그림자,hero-myth-complexes,Mythology,,,blog-oiyo,
hero-myth-through-psychoanalysis,magazine,published,ko,정신분석의 눈으로 읽는 영웅신화: 자아의 성장 드라마,hero-myth-through-psychoanalysis,Mythology,,,blog-oiyo,
heros-journey-campbell,magazine,published,ko,영웅의 여정: 당신 인생의 지도,heros-journey-campbell,Myth & Culture,,,blog-oiyo,
heros-journey-monomyth-archetypes,magazine,published,ko,영웅의 여정: 당신의 삶이라는 위대한 신화,heros-journey-monomyth-archetypes,Mythology,,,blog-oiyo,
hicks-law-choices,magazine,published,ko,힉의 법칙 (Hick''s Law): 적을수록 좋다,hicks-law-choices,Mind & Psychology,,,blog-oiyo,
high-school-grad-openai-journey,magazine,published,ko,고졸 출신이 OpenAI에 입사한 과정: 학벌을 뛰어넘는 ''실력''의 힘,high-school-grad-openai-journey,Lifestyle & Growth,,,blog-oiyo,
hindsight-bias-prediction,magazine,published,ko,사후 확신 편향: 그럴 줄 알았어,hindsight-bias-prediction,Mind & Psychology,,,blog-oiyo,
hitori,interactive,published,ko,히토리 — 논리 퍼즐 히토리,hitori,Game,,,blog-oiyo,Hitori
hitori-decluttering-strategy,interactive,published,ko,히토리(Hitori)와 뺄셈의 미학: 복잡함을 지우고 진실을 남기는 법,hitori-decluttering-strategy,Philosophy,,,blog-oiyo,Hitori
home-as-stage-for-happiness,magazine,published,ko,집은 행복을 위해 가꿀 수 있는 삶의 무대다: 공간이 주는 위로와 힘,home-as-stage-for-happiness,Philosophy & Spirit,,,blog-oiyo,
home-buying-calculator,interactive,published,ko,내집마련 비용 계산기 — 주택 매수 총비용 한눈에,home-buying-calculator,Finance,,,blog-oiyo,HomeBuyingCalculator
home-buying-vs-renting-strategy,academy,published,ko,내 집 마련 vs 전세: 2024년 시장에서 나에게 유리한 거주 전략은?,home-buying-vs-renting-strategy,Finance,,,blog-oiyo,
horizontal-relationships,magazine,published,ko,‘가로의 관계’로 용기 부여하기: 동등한 존중의 치유적 힘,horizontal-relationships,Philosophy & Spirit,,,blog-oiyo,
hormones-and-metabolic-regulators,magazine,published,ko,호르몬과 대사 조절자: 뇌를 조종하는 숨은 손,hormones-and-metabolic-regulators,Mind & Psychology,,,blog-oiyo,
house-gods-seongju,magazine,published,ko,가택신: 집의 정령들,house-gods-seongju,Myth & Culture,,,blog-oiyo,
houyi-myth-depressive-position,magazine,published,ko,예: 끝내 행복해지지 못한 우울 자리 영웅의 인생,houyi-myth-depressive-position,Mythology,,,blog-oiyo,
how-to-increase-testosterone,magazine,published,ko,"테스토스테론 높이는 방법: 에너지가 넘치는 ‘테토남’, ‘테토녀’가 되는 비결",how-to-increase-testosterone,Lifestyle & Growth,,,blog-oiyo,
human-design-four-types-strategy,magazine,published,ko,휴먼 디자인: 당신의 결정을 돕는 에너지 지도 (4가지 유형),human-design-four-types-strategy,Mysticism,,,blog-oiyo,
humor-style-test,interactive,published,ko,유머 스타일 테스트 — 나는 어떻게 웃음을 사용하는가?,humor-style-test,Psychology,,,blog-oiyo,HumorStyleTest
hyperbolic-discounting-bias,magazine,published,ko,쌍곡형 할인 (Hyperbolic Discounting),hyperbolic-discounting-bias,Mind & Psychology,,,blog-oiyo,
hyperbolic-discounting-economy,magazine,published,ko,쌍곡형 할인 (Hyperbolic Discounting): 지금 100달러 vs 나중에 200달러,hyperbolic-discounting-economy,Mind & Psychology,,,blog-oiyo,
i-ching-foundations-flow-of-change,magazine,published,ko,주역(I Ching) 기초: 변화의 바다를 항해하는 나침반,i-ching-foundations-flow-of-change,Philosophy & Spirit,,,blog-oiyo,
icarus-ambition-crash,magazine,published,ko,이카루스: 비행의 값비싼 대가,icarus-ambition-crash,Myth & Culture,,,blog-oiyo,
ikigai-art-of-purpose,magazine,published,ko,이키가이(Ikigai): 아침에 눈을 뜨는 이유,ikigai-art-of-purpose,Lifestyle & Growth,,,blog-oiyo,
ikigai-finding-personal-mission,magazine,published,ko,이키가이 심화: 당신만의 사명을 발견하는 질문들,ikigai-finding-personal-mission,Lifestyle & Growth,,,blog-oiyo,
ikigai-four-circles-purpose-finding,magazine,published,ko,이키가이(Ikigai) 기초: 삶의 열정을 찾는 4가지 질문,ikigai-four-circles-purpose-finding,Lifestyle & Growth,,,blog-oiyo,
ikigai-life-purpose-guide,magazine,published,ko,이키가이(生き甲斐) 완전 가이드: 삶의 이유를 찾는 일본의 지혜,ikigai-life-purpose-guide,Philosophy,,,blog-oiyo,
ikigai-okinawa-longevity-secrets,magazine,published,ko,이키가이 심화: 오키나와 장수 노인들의 10가지 황금 습관,ikigai-okinawa-longevity-secrets,Lifestyle & Growth,,,blog-oiyo,
ilju-daily-pillar-core-self,magazine,published,ko,"일주(Ilju) 분석: 사주의 핵심, 나는 어떤 꽃인가?",ilju-daily-pillar-core-self,Mysticism,,,blog-oiyo,
image-base64-serialization-strategy,academy,published,ko,이미지를 텍스트로 치환하기: Base64 변환의 전략적 활용,image-base64-serialization-strategy,Technology,,,blog-oiyo,
image-cropper,interactive,published,ko,이미지 비율 크롭 — 원하는 비율로 사진 자르기,image-cropper,Image,,,blog-oiyo,ImageCropper
image-cropping-framing-perfection,magazine,published,ko,이미지 비율 크로퍼: 프레임을 바꾸면 가치가 달라진다,image-cropping-framing-perfection,Design,,,blog-oiyo,
image-degradation-internet-archaeology,magazine,published,ko,이미지 열화와 디지털 노스탤지어: 20년 된 짤방의 미학,image-degradation-internet-archaeology,Culture,,,blog-oiyo,
image-degrader,interactive,published,ko,이미지 품질 저하 도구 — 이미지 압축·품질 조정,image-degrader,Image,,,blog-oiyo,ImageDegrader
image-metadata-forensics,academy,published,ko,사진 뒤에 숨은 데이터: EXIF가 말해주는 셔터의 기록,image-metadata-forensics,Technology,,,blog-oiyo,
image-metadata-viewer,interactive,published,ko,이미지 메타데이터 뷰어 — 사진 EXIF 정보 확인,image-metadata-viewer,Image,,,blog-oiyo,MetadataViewer
image-optimization-speed-quality,academy,published,ko,이미지 최적화의 기술: 속도와 품질 사이의 완벽한 줄타기,image-optimization-speed-quality,Technology,,,blog-oiyo,
image-pixelation-privacy-art,academy,published,ko,이미지 픽셀 변환기: 개인정보 보호와 예술 사이의 줄타기,image-pixelation-privacy-art,Technology,,,blog-oiyo,
image-pixelator,interactive,published,ko,이미지 픽셀화 — 사진을 픽셀아트로 변환,image-pixelator,Image,,,blog-oiyo,ImagePixelator
image-processor,interactive,published,ko,이미지 처리 도구 — 리사이즈·필터·변환,image-processor,Image,,,blog-oiyo,ImageProcessor
image-tools-creative-suite,interactive,published,ko,"이미지 편집 도구 모음 — 픽셀화, 그레이스케일, 팔레트 추출, 크롭",image-tools-creative-suite,Technology,,,blog-oiyo,GrayscaleConverter
imposter-syndrome-doubt,magazine,published,ko,가면 증후군: 사기꾼이 된 기분,imposter-syndrome-doubt,Mind & Psychology,,,blog-oiyo,
imposter-syndrome-fraudulence,magazine,published,ko,가면 증후군: 사기꾼이 될까 봐 두려운 당신에게,imposter-syndrome-fraudulence,Mind & Psychology,,,blog-oiyo,
imposter-syndrome-test,interactive,published,ko,가면 증후군 테스트 — 나는 얼마나 사기꾼처럼 느끼나?,imposter-syndrome-test,Psychology,,,blog-oiyo,ImposterSyndromeTest
incorporation-timing-guide,interactive,live,ko,법인 전환 타이밍 가이드 — 개인사업자 vs 법인, 언제 바꾸는 것이 유리할까,incorporation-timing-guide,Tax,,0,blog-oiyo
individuation-process-self-realization,magazine,published,ko,개성화 과정(Individuation): 자기(Self)로 가는 7단계,individuation-process-self-realization,Mind & Psychology,,,blog-oiyo,
industrial-revolution-alienation,magazine,published,ko,산업혁명: 편안함의 대가,industrial-revolution-alienation,Myth & Culture,,,blog-oiyo,
inflammation-and-brain-health,magazine,published,ko,우리의 생존을 돕는 염증: 양날의 검이 된 면역 반응,inflammation-and-brain-health,Mind & Psychology,,,blog-oiyo,
inflation-calculator,interactive,published,ko,물가상승률 계산기 — 과거 돈의 현재 가치는?,inflation-calculator,Finance,,,blog-oiyo,InflationCalculator
inflation-calculator-purchasing-power,interactive,published,ko,인플레이션 계산기 — 물가 상승이 내 돈의 가치에 미치는 영향,inflation-calculator-purchasing-power,Finance,,,blog-oiyo,InflationCalculator
inflation-purchasing-power,academy,published,ko,화폐 가치 계산기: 내 월급만 빼고 다 오르는 물가 속에서 살아남기,inflation-purchasing-power,Finance,,,blog-oiyo,
inflation-purchasing-power-guide,interactive,published,ko,인플레이션과 구매력 완전 정복: 화폐 가치 하락의 이해와 자산 보호 전략,inflation-purchasing-power-guide,Finance,,,blog-oiyo,
information-overload-paralysis,magazine,published,ko,정보 과부하: 소방 호스로 물 마시기,information-overload-paralysis,Mind & Psychology,,,blog-oiyo,
inheritance-tax-guide,academy,published,ko,상속세 완전 정복: 면제 한도·세율·절세·상속세법 총정리,inheritance-tax-guide,Tax,,,blog-oiyo,
inner-child-wounded-self,magazine,published,ko,내면 아이(Inner Child): 상처받은 나를 치유하기,inner-child-wounded-self,Mind & Psychology,,,blog-oiyo,
intergenerational-trauma,magazine,published,ko,트라우마의 세대 간 유전: 우리 안에 흐르는 보이지 않는 상처의 대물림,intergenerational-trauma,Mind & Psychology,,,blog-oiyo,
intergenerational-trauma-healing,magazine,published,ko,핏줄과 별먼지: 세대 간 트라우마 치유하기,intergenerational-trauma-healing,Philosophy & Spirit,,,blog-oiyo,
intermittent-fasting-complete-guide,magazine,published,ko,"간헐적 단식 완전 가이드: 16:8·5:2·OMAD 방법 비교, 효과, 주의사항 총정리",intermittent-fasting-complete-guide,Health,,,blog-oiyo,
intermittent-fasting-metabolism,interactive,published,ko,간헐적 단식: 비우는 시간이 지키는 세포의 생명력,intermittent-fasting-metabolism,Health,,,blog-oiyo,
intermittent-fasting-timer-guide,interactive,published,ko,"간헐적 단식 타이머 — 16:8, 5:2, OMAD 방법과 실천 가이드",intermittent-fasting-timer-guide,Health,,,blog-oiyo,FastingTimer
interpretation-vs-facts,magazine,published,ko,내 안에 존재하는 것은 사실이 아니라 해석뿐이다: 관점을 바꾸면 세계가 바뀐다,interpretation-vs-facts,Philosophy & Spirit,,,blog-oiyo,
introvert-extrovert-psychology,magazine,published,ko,내향인·외향인 완전 가이드: 내성적 성격의 힘과 과학,introvert-extrovert-psychology,Psychology,,,blog-oiyo,
introvert-extrovert-science,magazine,published,ko,내향인이 아닌 척하는 것이 왜 힘든가 — 내향/외향의 뇌과학,introvert-extrovert-science,Magazine,,,blog-oiyo,
introvert-extrovert-test,interactive,published,ko,내향/외향 스펙트럼 테스트 — 나는 어디에 있나요?,introvert-extrovert-test,Psychology,,,blog-oiyo,IntroExtroTest
investment-beginner-complete,magazine,published,ko,투자 입문 완전 가이드: 주식·ETF·채권·부동산 시작하는 방법,investment-beginner-complete,Finance,,,blog-oiyo,
investment-personality-test,interactive,published,ko,투자 성향 테스트 — 나는 어떤 투자자 유형인가?,investment-personality-test,Finance,,,blog-oiyo,InvestmentPersonalityTest
investment-roi-guide,interactive,published,ko,투자 수익률(ROI) 완전 정복: 계산 방법·CAGR·실전 활용 가이드,investment-roi-guide,Finance,,,blog-oiyo,
invisible-gorilla-inattentional-blindness,magazine,published,ko,보이지 않는 고릴라: 보는 것이 믿는 것은 아니다,invisible-gorilla-inattentional-blindness,Mind & Psychology,,,blog-oiyo,
isa-calculator,interactive,published,ko,ISA 계산기 — 개인종합자산관리계좌 절세 효과 계산,isa-calculator,Finance,,,blog-oiyo,IsaCalculator
isa-tax-savings-oasis,interactive,published,ko,"ISA 계좌 활용법: 재테크의 오아시스, 세금 없이 수익을 지키는 법",isa-tax-savings-oasis,Finance,,,blog-oiyo,
izanagi-izanami-myth-balance,magazine,published,ko,이자나기와 이자나미: 갈등과 대립에서 균형과 안정으로,izanagi-izanami-myth-balance,Mythology,,,blog-oiyo,
janggi,interactive,published,ko,장기 — 한국 전통 전략 보드 게임 장기,janggi,Game,,,blog-oiyo,JanggiBoard
janggi-negotiation-strategy,interactive,published,ko,장기와 협상: 희생과 이득의 함수 관계,janggi-negotiation-strategy,Education,,,blog-oiyo,JanggiBoard
jeonse-vs-wolse-comparison,interactive,published,ko,전세 vs 월세 어떤 게 유리할까? — 기회비용으로 계산하는 실질 주거비,jeonse-vs-wolse-comparison,Finance,,,blog-oiyo,RentComparisonCalculator
jeonse-wolse-housing-cost,academy,published,ko,전세 vs 월세 비교: 내 상황에 맞는 최적의 주거 전략 찾기,jeonse-wolse-housing-cost,Finance,,,blog-oiyo,
jumong-myth-mother-attachment,magazine,published,ko,주몽: 어머니 애착으로 고뇌한 건국 영웅,jumong-myth-mother-attachment,Mythology,,,blog-oiyo,
jung-alchemy-symbolism-transformation,magazine,published,ko,융과 연금술(Alchemy): 마음을 제련하는 심리학,jung-alchemy-symbolism-transformation,Mind & Psychology,,,blog-oiyo,
jung-shadow-psychology,magazine,published,ko,융의 그림자: 당신이 외면하는 내면의 괴물이 당신을 완성한다,jung-shadow-psychology,Mind & Psychology,,,blog-oiyo,
jungian-shadow-work-meeting-dark-self,magazine,published,ko,그림자 작업(Shadow Work): 내 안의 어두운 타인을 만나다,jungian-shadow-work-meeting-dark-self,Mind & Psychology,,,blog-oiyo,
just-world-hypothesis-fairness,magazine,published,ko,공정한 세상 가설 (Just-World Hypothesis): 비난 게임,just-world-hypothesis-fairness,Mind & Psychology,,,blog-oiyo,
kabbalah-tree-of-life-archetypes,magazine,published,ko,카발라와 생명나무: 우주적 질서의 지도,kabbalah-tree-of-life-archetypes,Mysticism,,,blog-oiyo,
kaizen-continuous-improvement-lifestyle,magazine,published,ko,카이전(Kaizen): 1%의 변화가 만드는 기적,kaizen-continuous-improvement-lifestyle,Lifestyle & Growth,,,blog-oiyo,
karma-moral-causality,magazine,published,ko,카르마(업보): 복수가 아니라 물리학이다,karma-moral-causality,Philosophy & Spirit,,,blog-oiyo,
korail-act-overview,academy,published,ko,"코레일 시험 대비 철도법령(8): 한국철도공사법 - 우리의 일터, KORAIL의 법적 실체",korail-act-overview,Law & Exam,,,blog-oiyo,
korean-creation-myth-fear-and-hope,magazine,published,ko,창세신화: 태초 인류의 두려움과 소망,korean-creation-myth-fear-and-hope,Mythology,,,blog-oiyo,
korean-shamanism-muism,magazine,published,ko,무속(Muism): 한반도의 오래된 영혼,korean-shamanism-muism,Myth & Culture,,,blog-oiyo,
korean-traditional-fortune-guide,magazine,published,ko,한국 전통 점복 완전 가이드: 토정비결·명리학·천중일 이해하기,korean-traditional-fortune-guide,Fortune & Spirituality,,,blog-oiyo,
labor-law-quick-check,interactive,published,ko,노동법 빠른 검색 — 내 권리를 빠르게 확인,labor-law-quick-check,Utility,,,blog-oiyo,LaborLawQuickCheck
labor-rights-guide,magazine,live,ko,노동·실무 권리 완전 가이드 — 연봉·퇴직금·4대보험·프리랜서 총정리,labor-rights-guide,Society & Wealth,,0,blog-oiyo,
latte-factor-spending-habits,academy,published,ko,라테 팩터 완전 가이드: 작은 지출이 만드는 큰 차이와 소비 습관의 과학,latte-factor-spending-habits,Finance,,,blog-oiyo,
law-of-triviality-bikeshedding,magazine,published,ko,사소함의 법칙: 자전거 거치대 효과,law-of-triviality-bikeshedding,Mind & Psychology,,,blog-oiyo,
leadership-psychology-complete,magazine,published,ko,리더십 심리학 완전 가이드: 진정성 리더십과 팀을 이끄는 과학,leadership-psychology-complete,Self-Improvement,,,blog-oiyo,
leadership-style-test,interactive,published,ko,리더십 스타일 테스트 — 나는 어떤 리더인가?,leadership-style-test,Psychology,,,blog-oiyo,LeadershipStyleTest
leadership-styles-guide,magazine,published,ko,5가지 리더십 스타일 완전 가이드 — 나에게 맞는 리더십은?,leadership-styles-guide,Magazine,,,blog-oiyo,
learned-helplessness-seligman,magazine,published,ko,학습된 무기력: 왜 우리는 시도를 멈추는가,learned-helplessness-seligman,Mind & Psychology,,,blog-oiyo,
learning-style-test,interactive,published,ko,학습 유형 테스트 (VARK) — 나는 어떻게 배우나?,learning-style-test,Psychology,,,blog-oiyo,LearningStyleTest
learning-styles-efficiency,magazine,published,ko,공부 효율을 2배로 높이는 4가지 학습 스타일,learning-styles-efficiency,Education,,,blog-oiyo,
lecture-1,magazine,published,ko,제1강: 당신이라는 확률 (The Probability of You),lecture-1,Philosophy & Spirit,,,blog-oiyo,
lecture-1-ob,magazine,published,ko,제1강. 조직행동론(OB) – 개인·집단 수준 완전정리,lecture-1-ob,Society & Wealth,,,blog-oiyo,
lecture-10,magazine,published,ko,신화 제10강: 불사조의 노래 (변화와 재생),lecture-10,Myth & Culture,,,blog-oiyo,
lecture-10-leadership,magazine,published,ko,제10강. 리더십 & 조직문화 (사람을 움직이는 힘),lecture-10-leadership,Society & Wealth,,,blog-oiyo,
lecture-2,magazine,published,ko,제2강: 별들이 적어놓은 일기장 (The Law of Large Numbers),lecture-2,Society & Wealth,,,blog-oiyo,
lecture-2-org,magazine,published,ko,제2강. 조직이론 & 조직구조 (공기업 핵심),lecture-2-org,Society & Wealth,,,blog-oiyo,
lecture-22,magazine,published,ko,제22강: 수천 개의 코어를 가진 영웅,lecture-22,Myth & Culture,,,blog-oiyo,
lecture-3,magazine,published,ko,제3강: 우주의 마법 거울 (관찰의 힘),lecture-3,Philosophy & Spirit,,,blog-oiyo,
lecture-3-hrm,magazine,published,ko,제3강. 인사관리(HRM) – 확보·개발·평가·보상 완전정리,lecture-3-hrm,Society & Wealth,,,blog-oiyo,
lecture-4,magazine,published,ko,제4강: 당신이 태어난 날의 우주 기상 보고서 (The Cosmic Weather),lecture-4,Mysticism,,,blog-oiyo,
lecture-4-marketing,magazine,published,ko,제4강. 마케팅(Marketing) – STP & 4P 믹스 핵심정리,lecture-4-marketing,Society & Wealth,,,blog-oiyo,
lecture-5,magazine,published,ko,제5강: 우주의 리본 (양자 얽힘),lecture-5,Philosophy & Spirit,,,blog-oiyo,
lecture-5-om,magazine,published,ko,제5강. 생산운영관리(OM) – 공정·품질·재고 완전정리,lecture-5-om,Society & Wealth,,,blog-oiyo,
lecture-6,magazine,published,ko,제6강: 공감의 양자 얽힘,lecture-6,Philosophy & Spirit,,,blog-oiyo,
lecture-6-finance,magazine,published,ko,제6강. 재무관리(Finance) – 화폐의 시간가치 & 자본예산,lecture-6-finance,Society & Wealth,,,blog-oiyo,
lecture-7-accounting,magazine,published,ko,Lecture 7: 회계학(Accounting) – 재무제표의 이해와 분석,lecture-7-accounting,Society & Wealth,,,blog-oiyo,
lecture-8,magazine,published,ko,신화 제8강: 영웅 쌍둥이 (마야인의 회복탄력성),lecture-8,Myth & Culture,,,blog-oiyo,
lecture-8-strategy,magazine,published,ko,제8강. 경영전략 – 경쟁 우위와 SWOT 분석,lecture-8-strategy,Society & Wealth,,,blog-oiyo,
lecture-9,magazine,published,ko,신화 제9강: 길가메시의 여정 (의미의 탐색),lecture-9,Myth & Culture,,,blog-oiyo,
lecture-9-innovation,magazine,published,ko,제9강. 경영혁신 & 지식경영 (현대 경영의 화두),lecture-9-innovation,Society & Wealth,,,blog-oiyo,
lecture-civil-law-01,academy,published,ko,민법총칙 Ch1. 서론 — 민법의 의의와 법원,lecture-civil-law-01,Academy,민법총칙,1,blog-oiyo,
lecture-civil-law-02,academy,published,ko,민법총칙 Ch2. 권리의 주체 — 자연인과 법인,lecture-civil-law-02,Academy,민법총칙,2,blog-oiyo,
lecture-civil-law-03,academy,published,ko,민법총칙 Ch3. 권리의 객체 — 물건,lecture-civil-law-03,Academy,민법총칙,3,blog-oiyo,
lecture-civil-law-04,academy,published,ko,민법총칙 Ch4. 권리의 변동 — 법률행위와 대리,lecture-civil-law-04,Academy,민법총칙,4,blog-oiyo,
lecture-civil-law-05,academy,published,ko,민법총칙 Ch5. 기간과 소멸시효,lecture-civil-law-05,Academy,민법총칙,5,blog-oiyo,
life-is-a-game,magazine,published,ko,삶은 어려움을 극복하는 게임이다: 아들러의 성취 심리학,life-is-a-game,Philosophy & Spirit,,,blog-oiyo,
life-planning-complete-guide,interactive,live,ko,생애 설계 완전 가이드 — 결혼 비용·교육 자금·전세 안전도를 한 번에 보는 법,life-planning-complete-guide,Finance,,0,blog-oiyo,LifePlanningCalculator
life-purpose-and-people,magazine,published,ko,인생의 목적이 분명한 자는 자기를 채워줄 사람을 만난다: 지향점이 만드는 관계의 질서,life-purpose-and-people,Philosophy & Spirit,,,blog-oiyo,
life-values-and-happiness,magazine,published,ko,가치관과 행복의 관계 — 왜 성공해도 공허함을 느낄까?,life-values-and-happiness,Magazine,,,blog-oiyo,
life-values-test,interactive,published,ko,삶의 가치관 테스트 — 나에게 가장 중요한 것은?,life-values-test,Psychology,,,blog-oiyo,LifeValuesTest
lifestyle-3-elements,magazine,published,ko,내 마음의 지도: 아들러가 말하는 라이프스타일의 3가지 핵심 요소,lifestyle-3-elements,Mind & Psychology,,,blog-oiyo,
light-shadow-duet,magazine,published,ko,빛과 그림자의 이중주: 왜 용기와 희망은 하나의 직선 위에서 만나는가,light-shadow-duet,Philosophy & Spirit,,,blog-oiyo,
light-up,interactive,published,ko,라이트업 — 방을 밝혀라! 논리 퍼즐,light-up,Game,,,blog-oiyo,LightUp
lightup-logic-illumination,interactive,published,ko,라이트업(Light Up)과 문제 해결: 어두운 구석 없이 세상을 밝히는 논리의 힘,lightup-logic-illumination,Education,,,blog-oiyo,LightUp
lindy-effect-timeless-wisdom,magazine,published,ko,린디 효과(Lindy Effect): 살아남은 것이 강한 것이다,lindy-effect-timeless-wisdom,Myth & Culture,,,blog-oiyo,
loan-interest-complete-guide,interactive,published,ko,대출 이자 완전 정복: 원리금균등·원금균등·만기일시 상환 비교와 절약 전략,loan-interest-complete-guide,Finance,,,blog-oiyo,
logic-chain-reasoning-syllogism,magazine,published,ko,논리강좌 Ch4: 연쇄 추론과 삼단논법 — 조건문 사슬을 끊는 법,logic-chain-reasoning-syllogism,Logic & Philosophy,,,blog-oiyo,
logic-conditional-and-or-operators,magazine,published,ko,논리강좌 Ch3: ∧∨ 조합 조건문 완전 정복 — 복합 전건·후건의 모든 것,logic-conditional-and-or-operators,Logic & Philosophy,,,blog-oiyo,
logic-foundations-converse,magazine,published,ko,"논리적 사고의 기초: 명제와 역, 이, 대우 완벽 이해하기",logic-foundations-converse,Logic & Philosophy,,,blog-oiyo,
logic-inference-patterns-guide,magazine,published,ko,논리추론 Ch5: 필요조건·충분조건·명제의 역·이·대우 완전 정복,logic-inference-patterns-guide,Logic,,,blog-oiyo,
logic-proof-by-contradiction-induction,magazine,published,ko,논리추론 Ch7: 귀류법과 수학적 귀납법 — 증명의 두 가지 강력한 무기,logic-proof-by-contradiction-induction,Logic,,,blog-oiyo,
logic-quantifiers-and-negation,magazine,published,ko,"논리추론 Ch6: 양화사 논리 — ""모든""과 ""어떤""의 부정과 활용",logic-quantifiers-and-negation,Logic,,,blog-oiyo,
loneliness-test,interactive,published,ko,외로움 자가 점검 — 나는 얼마나 고립되어 있는가?,loneliness-test,Psychology,,,blog-oiyo,LonelinessTest
longevity-lifestyle-guide,magazine,published,ko,기대수명과 생활습관의 과학: 블루존 5곳·수명 결정 요인·장수 전략 총정리,longevity-lifestyle-guide,Health,,,blog-oiyo,
looking-glass-self-cooley,magazine,published,ko,거울 자아: 진짜 당신은 누구입니까?,looking-glass-self-cooley,Mind & Psychology,,,blog-oiyo,
lorem-ipsum-generator,interactive,published,ko,로렘 입숨 생성기 — 더미 텍스트 즉시 생성,lorem-ipsum-generator,Utility,,,blog-oiyo,LoremIpsumGenerator
loss-aversion-psychology,magazine,published,ko,손실 회피 (Loss Aversion): 잃는 고통,loss-aversion-psychology,Psychology,,,blog-oiyo,
lotto-generator,interactive,published,ko,로또 번호 생성기 — 행운의 번호 추첨,lotto-generator,Game,,,blog-oiyo,LottoGenerator
lotto-luck-science,interactive,published,ko,로또 번호와 행운의 과학: 확률 너머의 기대를 관리하는 법,lotto-luck-science,Strategy,,,blog-oiyo,LottoGenerator
love-language-complete-guide,magazine,published,ko,사랑의 언어 완전 가이드: 5가지 유형·연애·가족·직장 적용법,love-language-complete-guide,Psychology,,,blog-oiyo,
love-language-test,interactive,published,ko,사랑의 언어 테스트 — 나는 어떻게 사랑을 주고받나요?,love-language-test,Psychology,,,blog-oiyo,LoveLanguageTest
love-languages-complete-guide,magazine,published,ko,사랑의 언어 5가지 완전 가이드: 내 사랑 언어 찾기와 관계 개선법,love-languages-complete-guide,Psychology,,,blog-oiyo,
lucid-dreaming-astral-projection-consciousness,magazine,published,ko,자각몽과 유체이탈: 의식의 다차원적 탐험,lucid-dreaming-astral-projection-consciousness,Mind & Psychology,,,blog-oiyo,
lucid-dreaming-astral-projection-unconscious,magazine,published,ko,자각몽과 유체이탈: 무의식의 심연을 항해하는 법,lucid-dreaming-astral-projection-unconscious,Mind & Psychology,,,blog-oiyo,
lucid-dreaming-guide-reality-check,magazine,published,ko,자각몽(Lucid Dreaming): 꿈속에서 깨어나는 법,lucid-dreaming-guide-reality-check,Mysticism,,,blog-oiyo,
lucifer-effect-evil-situation,magazine,published,ko,루시퍼 이펙트 (Lucifer Effect): 선량한 사람은 왜 악해지는가,lucifer-effect-evil-situation,Mind & Psychology,,,blog-oiyo,
lucky-numbers-by-birth-guide,magazine,published,ko,생년월일로 알아보는 행운의 숫자·색깔·방향 완전 가이드,lucky-numbers-by-birth-guide,Fortune & Spirituality,,,blog-oiyo,
lunar-cycle-moon-energy-guide,magazine,published,ko,달의 사이클 완전 가이드: 신월·보름달 에너지 활용법,lunar-cycle-moon-energy-guide,Fortune & Spirituality,,,blog-oiyo,
ma-kwang-soo-life-advice,magazine,published,ko,마광수 인생조언: 허무 속에서 성실하게 사는 법,ma-kwang-soo-life-advice,Mind & Psychology,,,blog-oiyo,
machiavellianism-dark-psychology,magazine,published,ko,마키아벨리즘 (Machiavellianism): 군주론,machiavellianism-dark-psychology,Psychology,,,blog-oiyo,
machiavellianism-modern-workplace,magazine,published,ko,오피스의 군주: 직장에서의 마키아벨리즘,machiavellianism-modern-workplace,Mind & Psychology,,,blog-oiyo,
magazine-acquisition-tax-guide,magazine,published,ko,"부동산 취득세 완전 가이드 — 계산법, 세율, 절세 방법",magazine-acquisition-tax-guide,Magazine,,,blog-oiyo,
magazine-adhd-workplace-guide,magazine,published,ko,직장인 ADHD — 업무 효율을 높이는 실용적 전략,magazine-adhd-workplace-guide,Magazine,,,blog-oiyo,
magazine-ai-job-displacement-guide,magazine,published,ko,AI로 대체되는 직업 완전 분석 — 살아남는 직업과 미래 전략,magazine-ai-job-displacement-guide,Magazine,,,blog-oiyo,
magazine-ai-tools-productivity-guide,magazine,published,ko,AI 도구 생산성 가이드 — ChatGPT·Claude·Gemini 실전 활용법,magazine-ai-tools-productivity-guide,Magazine,,,blog-oiyo,
magazine-anger-management-guide,magazine,published,ko,분노 조절 완전 가이드 — 감정을 다스리는 심리학적 방법,magazine-anger-management-guide,Magazine,,,blog-oiyo,
magazine-anger-style-psychology,magazine,published,ko,분노 처리 방식의 심리학 — 당신의 화는 어디로 가는가,magazine-anger-style-psychology,Magazine,,,blog-oiyo,
magazine-apartment-subscription-guide,magazine,published,ko,청약 통장 완전 가이드 — 내 집 마련의 첫 단계,magazine-apartment-subscription-guide,Magazine,,,blog-oiyo,
magazine-attachment-test,interactive,published,ko,성인 애착 유형 테스트 — 관계 패턴을 읽는 지도,magazine-attachment-test,Magazine,,,blog-oiyo,
magazine-back-pain-guide,magazine,published,ko,허리 통증 완전 가이드 — 원인별 관리와 재발 예방,magazine-back-pain-guide,Magazine,,,blog-oiyo,
magazine-baking-guide,magazine,published,ko,베이킹 입문 완전 가이드 — 빵·쿠키·케이크를 처음 굽는 사람을 위한 기초,magazine-baking-guide,Magazine,,,blog-oiyo,
magazine-bond-investing-guide,magazine,published,ko,채권 투자 입문 가이드 — 안전 자산의 원리와 활용법,magazine-bond-investing-guide,Magazine,,,blog-oiyo,
magazine-boundary-psychology,magazine,published,ko,경계 설정의 심리학 — 아니오라고 말하는 것이 왜 이렇게 어려울까?,magazine-boundary-psychology,Magazine,,,blog-oiyo,
magazine-budget-travel-guide,magazine,published,ko,배낭 여행 완전 가이드 — 적은 돈으로 더 많이 경험하는 법,magazine-budget-travel-guide,Magazine,,,blog-oiyo,
magazine-burnout-guide,magazine,published,ko,번아웃 완전 가이드 — 왜 생기고 어떻게 회복하는가,magazine-burnout-guide,Magazine,,,blog-oiyo,
magazine-burnout-psychology,magazine,published,ko,번아웃의 심리학 — 열심히 했는데 왜 아무것도 하기 싫을까,magazine-burnout-psychology,Magazine,,,blog-oiyo,
magazine-burnout-recovery-guide,magazine,published,ko,번아웃 극복 완전 가이드 — 소진을 회복하는 방법,magazine-burnout-recovery-guide,Magazine,,,blog-oiyo,
magazine-camping-beginner-guide,magazine,published,ko,캠핑 입문 완전 가이드 — 처음 시작하는 장비와 노하우,magazine-camping-beginner-guide,Magazine,,,blog-oiyo,
magazine-cancer-prevention-guide,magazine,published,ko,암 예방 완전 가이드 — 생활 습관으로 암 위험 낮추는 법,magazine-cancer-prevention-guide,Magazine,,,blog-oiyo,
magazine-capital-gains-tax-guide,magazine,published,ko,"양도소득세 완전 가이드 — 계산법, 비과세, 절세 전략",magazine-capital-gains-tax-guide,Magazine,,,blog-oiyo,
magazine-car-purchase-guide,magazine,published,ko,자동차 구매 완전 가이드 — 신차·중고차·할부·리스·렌트 비교,magazine-car-purchase-guide,Magazine,,,blog-oiyo,
magazine-career-break-reentry-guide,magazine,published,ko,경력 단절 후 재취업 완전 가이드 — 다시 시작하는 법,magazine-career-break-reentry-guide,Magazine,,,blog-oiyo,
magazine-career-development-guide,magazine,published,ko,커리어 개발 완전 가이드 — 10년 후를 설계하는 전략,magazine-career-development-guide,Magazine,,,blog-oiyo,
magazine-checklist-car-rental,academy,published,ko,렌터카·중고차 점검 체크리스트 — 계약 전 확인할 항목,magazine-checklist-car-rental,Insights,,,blog-oiyo,
magazine-checklist-digital-used-trade,academy,published,ko,스마트폰·노트북 중고거래 체크리스트,magazine-checklist-digital-used-trade,Insights,,,blog-oiyo,
magazine-checklist-medical,academy,published,ko,치과·병원 비급여 진료 체크리스트,magazine-checklist-medical,Insights,,,blog-oiyo,
magazine-checklist-overseas-travel,academy,published,ko,해외여행·출장 출국 준비물 체크리스트,magazine-checklist-overseas-travel,Insights,,,blog-oiyo,
magazine-checklist-pet,academy,published,ko,반려동물 입양 전 체크리스트,magazine-checklist-pet,Insights,,,blog-oiyo,
magazine-checklist-real-estate-moving,academy,published,ko,집 구하기와 이사 당일 체크리스트,magazine-checklist-real-estate-moving,Insights,,,blog-oiyo,
magazine-chess-strategy-guide,magazine,published,ko,"체스의 전략 — 말의 가치, 포지션 플레이, 엔드게임 사고법",magazine-chess-strategy-guide,Magazine,,,blog-oiyo,
magazine-child-education-guide,magazine,published,ko,자녀 교육 완전 가이드 — 연령별 효과적인 부모의 역할,magazine-child-education-guide,Magazine,,,blog-oiyo,
magazine-children-money-education-guide,magazine,published,ko,자녀 경제교육 완전 가이드 — 돈을 가르치는 방법,magazine-children-money-education-guide,Magazine,,,blog-oiyo,
magazine-chinese-learning-guide,magazine,published,ko,중국어 독학 완전 가이드 — 0부터 HSK까지 혼자 공부하는 법,magazine-chinese-learning-guide,Magazine,,,blog-oiyo,
magazine-chronic-pain-guide,magazine,published,ko,만성 통증 완전 가이드 — 허리·목·두통 관리와 치료법,magazine-chronic-pain-guide,Magazine,,,blog-oiyo,
magazine-civil-servant-exam-guide,magazine,published,ko,공무원 시험 준비 완전 가이드 — 9급부터 7급까지,magazine-civil-servant-exam-guide,Magazine,,,blog-oiyo,
magazine-climate-change-guide,magazine,published,ko,기후 변화 완전 가이드 — 온실가스·탄소중립·생활 속 실천,magazine-climate-change-guide,Magazine,,,blog-oiyo,
magazine-coding-self-study-guide,magazine,published,ko,코딩 독학 완전 가이드 — 비전공자가 개발자 되는 법,magazine-coding-self-study-guide,Magazine,,,blog-oiyo,
magazine-coffee-guide,magazine,published,ko,커피 완전 가이드 — 원두 선택부터 홈카페 추출까지,magazine-coffee-guide,Magazine,,,blog-oiyo,
magazine-college-entrance-guide,magazine,published,ko,수능·대입 완전 가이드 — 전략적 입시 준비법,magazine-college-entrance-guide,Magazine,,,blog-oiyo,
magazine-communication-skills-guide,magazine,published,ko,소통 기술 완전 가이드 — 직장과 일상에서 통하는 대화법,magazine-communication-skills-guide,Magazine,,,blog-oiyo,
magazine-communication-style-psychology,magazine,published,ko,"소통 방식의 심리학 — 당신의 대화는 연결하는가, 단절하는가",magazine-communication-style-psychology,Magazine,,,blog-oiyo,
magazine-commute-productivity-guide,magazine,published,ko,출퇴근 시간을 생산적으로 — 왕복 2시간을 자산으로 바꾸는 법,magazine-commute-productivity-guide,Magazine,,,blog-oiyo,
magazine-compound-interest-guide,magazine,published,ko,복리의 마법 — 시간이 돈을 키우는 수학적 원리,magazine-compound-interest-guide,Magazine,,,blog-oiyo,
magazine-comprehensive-income-tax-guide,magazine,published,ko,종합소득세 신고 완전 가이드 — 5월에 꼭 알아야 할 것들,magazine-comprehensive-income-tax-guide,Magazine,,,blog-oiyo,
magazine-condolence-etiquette-guide,magazine,published,ko,경조사 예절 완전 가이드 — 장례·결혼·돌잔치 상황별 매너,magazine-condolence-etiquette-guide,Magazine,,,blog-oiyo,
magazine-conflict-style-psychology,magazine,published,ko,"갈등 대처 방식의 심리학 — 당신은 싸우는가, 피하는가, 해결하는가",magazine-conflict-style-psychology,Magazine,,,blog-oiyo,
magazine-cooking-basics-guide,magazine,published,ko,요리 기초 완전 가이드 — 초보자도 맛있게 만드는 법,magazine-cooking-basics-guide,Magazine,,,blog-oiyo,
magazine-coping-style-psychology,magazine,published,ko,"스트레스 대처 방식의 심리학 — 당신은 문제를 피하는가, 맞서는가",magazine-coping-style-psychology,Magazine,,,blog-oiyo,
magazine-cosmic-query-guide,magazine,live,ko,코스믹 쿼리 가이드 — 우주를 묻는 10개의 큰 질문,magazine-cosmic-query-guide,Science,,0,blog-oiyo,
magazine-creativity-type-psychology,magazine,published,ko,창의성 유형의 심리학 — 창의력에는 다섯 가지 언어가 있다,magazine-creativity-type-psychology,Magazine,,,blog-oiyo,
magazine-credit-card-strategy-guide,magazine,published,ko,신용카드 활용 전략 완전 가이드 — 혜택 극대화와 신용 관리,magazine-credit-card-strategy-guide,Magazine,,,blog-oiyo,
magazine-credit-score-guide,magazine,published,ko,신용점수 완전 가이드 — 점수 올리는 법과 관리 전략,magazine-credit-score-guide,Magazine,,,blog-oiyo,
magazine-crypto-bitcoin-guide,magazine,published,ko,비트코인·암호화폐 입문 가이드 — 원리부터 투자 리스크까지,magazine-crypto-bitcoin-guide,Magazine,,,blog-oiyo,
magazine-cycling-guide,magazine,published,ko,자전거 타기 완전 가이드 — 입문부터 출퇴근·라이딩까지,magazine-cycling-guide,Magazine,,,blog-oiyo,
magazine-debt-management-guide,magazine,published,ko,채무 관리 완전 가이드 — 빚에서 벗어나는 단계별 전략,magazine-debt-management-guide,Magazine,,,blog-oiyo,
magazine-decision-making-psychology,magazine,published,ko,의사결정 방식의 심리학 — 당신은 어떻게 결정하는가,magazine-decision-making-psychology,Magazine,,,blog-oiyo,
magazine-decluttering-guide,magazine,published,ko,정리정돈 완전 가이드 — 공간을 비워 삶을 바꾸는 법,magazine-decluttering-guide,Magazine,,,blog-oiyo,
magazine-dental-care-guide,magazine,published,ko,구강 관리 완전 가이드 — 충치·치주 질환 예방과 올바른 양치법,magazine-dental-care-guide,Magazine,,,blog-oiyo,
magazine-developer-toolkit,interactive,published,ko,프론트엔드 작업 효율을 높이는 개발자·디자이너 유틸리티,magazine-developer-toolkit,Magazine,,,blog-oiyo,
magazine-diabetes-prevention-guide,magazine,published,ko,당뇨 예방·관리 완전 가이드 — 혈당 조절과 합병증 예방,magazine-diabetes-prevention-guide,Magazine,,,blog-oiyo,
magazine-diet-psychology-guide,magazine,published,ko,다이어트 심리학 완전 가이드 — 요요 없이 체중을 영구적으로 줄이는 법,magazine-diet-psychology-guide,Magazine,,,blog-oiyo,
magazine-digital-detox-guide,magazine,published,ko,디지털 디톡스 — 스마트폰에서 벗어나 집중력을 되찾는 법,magazine-digital-detox-guide,Magazine,,,blog-oiyo,
magazine-digital-minimalism-guide,magazine,published,ko,디지털 미니멀리즘 완전 가이드 — 스마트폰과 건강한 관계 맺기,magazine-digital-minimalism-guide,Magazine,,,blog-oiyo,
magazine-disc-personality-psychology,magazine,published,ko,"DISC 성격 유형의 심리학 — D·I·S·C, 나는 어떤 유형인가",magazine-disc-personality-psychology,Magazine,,,blog-oiyo,
magazine-dividend-investing-guide,magazine,published,ko,배당 투자 전략 완전 가이드 — 안정적인 현금흐름 만드는 법,magazine-dividend-investing-guide,Magazine,,,blog-oiyo,
magazine-divorce-guide,magazine,published,ko,"이혼 완전 가이드 — 절차, 재산분할, 양육권",magazine-divorce-guide,Magazine,,,blog-oiyo,
magazine-drawing-guide,magazine,published,ko,그림 그리기 입문 완전 가이드 — 처음 시작하는 드로잉 기초,magazine-drawing-guide,Magazine,,,blog-oiyo,
magazine-earned-income-tax-credit-guide,magazine,published,ko,근로·자녀 장려금 완전 가이드 — 놓치면 손해인 정부 지원금,magazine-earned-income-tax-credit-guide,Magazine,,,blog-oiyo,
magazine-economics-basics-guide,magazine,published,ko,경제학 기초 완전 가이드 — 수요·공급부터 GDP·인플레이션까지,magazine-economics-basics-guide,Magazine,,,blog-oiyo,
magazine-education-accounting-lab,interactive,published,ko,원가관리 인터랙티브 — 손익분기점 직접 계산하기,magazine-education-accounting-lab,Magazine,,,blog-oiyo,
magazine-education-color-lab,interactive,published,ko,퍼스널 컬러 인터랙티브 — 감각을 구조로 바꾸기,magazine-education-color-lab,Magazine,,,blog-oiyo,
magazine-education-devtools-lab,interactive,published,ko,개발자 유틸리티 인터랙티브 — 단위 변환의 감각,magazine-education-devtools-lab,Magazine,,,blog-oiyo,
magazine-education-finance-lab,interactive,published,ko,금융·투자 인터랙티브 — 기대수익률과 자본비용의 지도,magazine-education-finance-lab,Magazine,,,blog-oiyo,
magazine-education-game-theory-lab,interactive,published,ko,게임이론 인터랙티브 — 배신과 협력의 균형,magazine-education-game-theory-lab,Magazine,,,blog-oiyo,
magazine-education-investment-lab,interactive,published,ko,투자 판단 인터랙티브 — NPV로 의사결정하기,magazine-education-investment-lab,Magazine,,,blog-oiyo,
magazine-education-logic-lab,interactive,published,ko,논리 인터랙티브 — 참과 거짓이 갈라지는 순간,magazine-education-logic-lab,Magazine,,,blog-oiyo,
magazine-education-macro-lab,interactive,published,ko,거시경제 인터랙티브 — 정책 변화와 그래프,magazine-education-macro-lab,Magazine,,,blog-oiyo,
magazine-education-portfolio-lab,interactive,published,ko,채권·포트폴리오 인터랙티브 — 위험과 수익의 균형,magazine-education-portfolio-lab,Magazine,,,blog-oiyo,
magazine-education-productivity-lab,interactive,published,ko,생산성 인터랙티브 — 타이핑 속도와 집중력,magazine-education-productivity-lab,Magazine,,,blog-oiyo,
magazine-education-psychology-lab,interactive,published,ko,심리 인터랙티브 — 관계 패턴을 구조로 읽기,magazine-education-psychology-lab,Magazine,,,blog-oiyo,
magazine-education-statistics-lab,interactive,published,ko,통계 인터랙티브 — 표본오차의 감각 만들기,magazine-education-statistics-lab,Magazine,,,blog-oiyo,
magazine-education-strategy-lab,interactive,published,ko,경영전략 인터랙티브 — SWOT를 지도로 읽기,magazine-education-strategy-lab,Magazine,,,blog-oiyo,
magazine-education-trade-lab,interactive,published,ko,국제무역 인터랙티브 — 비교우위가 생기는 순간,magazine-education-trade-lab,Magazine,,,blog-oiyo,
magazine-education-variance-lab,interactive,published,ko,생산·원가 인터랙티브 — 차이가 쌓이는 방식,magazine-education-variance-lab,Magazine,,,blog-oiyo,
magazine-egogram-psychology,magazine,published,ko,"에고그램(Egogram)의 심리학 — CP·NP·A·FC·AC, 내 안의 다섯 자아",magazine-egogram-psychology,Magazine,,,blog-oiyo,
magazine-elderly-parent-care-guide,magazine,published,ko,부모 돌봄 완전 가이드 — 노부모 케어와 돌봄 부담 줄이기,magazine-elderly-parent-care-guide,Magazine,,,blog-oiyo,
magazine-electric-vehicle-guide,magazine,published,ko,전기차 완전 가이드 — 구매·충전·유지비·보조금 총정리,magazine-electric-vehicle-guide,Magazine,,,blog-oiyo,
magazine-emergency-preparedness-guide,magazine,published,ko,재난 대비 완전 가이드 — 지진·화재·홍수에 살아남는 법,magazine-emergency-preparedness-guide,Magazine,,,blog-oiyo,
magazine-emotion-regulation-psychology,magazine,published,ko,감정 조절의 심리학 — 감정을 억누르는 것이 답일까?,magazine-emotion-regulation-psychology,Magazine,,,blog-oiyo,
magazine-emotional-intelligence-guide,magazine,published,ko,감성 지능(EQ) 완전 가이드 — 감정을 읽고 리드하는 능력,magazine-emotional-intelligence-guide,Magazine,,,blog-oiyo,
magazine-emotional-intelligence-psychology,magazine,published,ko,감성지능(EQ)의 심리학 — IQ보다 중요한 능력이 있다,magazine-emotional-intelligence-psychology,Magazine,,,blog-oiyo,
magazine-empathy-psychology,magazine,published,ko,"공감의 심리학 — 느끼는 공감, 이해하는 공감, 행동하는 공감",magazine-empathy-psychology,Magazine,,,blog-oiyo,
magazine-employment-insurance-guide,magazine,published,ko,"실업급여 완전 가이드 — 수급 조건, 금액 계산, 신청 방법",magazine-employment-insurance-guide,Magazine,,,blog-oiyo,
magazine-english-learning-guide,magazine,published,ko,영어 공부 완전 가이드 — 성인이 영어를 잘하는 현실적인 방법,magazine-english-learning-guide,Magazine,,,blog-oiyo,
magazine-english-pronunciation-guide,magazine,published,ko,영어 발음 교정 완전 가이드 — 원어민에 가깝게 말하는 법,magazine-english-pronunciation-guide,Magazine,,,blog-oiyo,
magazine-enneagram-introduction,magazine,published,ko,에니어그램 입문 — 9가지 성격 유형의 지도,magazine-enneagram-introduction,Magazine,,,blog-oiyo,
magazine-estate-auction-guide,magazine,published,ko,부동산 경매 투자 입문 가이드 — 시세보다 싸게 사는 법,magazine-estate-auction-guide,Magazine,,,blog-oiyo,
magazine-etf-beginner-guide,magazine,published,ko,ETF 입문 가이드 — 인덱스 투자로 시작하는 장기 자산 관리,magazine-etf-beginner-guide,Magazine,,,blog-oiyo,
magazine-etf-investing-guide,magazine,published,ko,ETF 투자 완전 가이드 — 초보자가 시작하는 가장 현명한 방법,magazine-etf-investing-guide,Magazine,,,blog-oiyo,
magazine-exercise-habit-guide,magazine,published,ko,운동 습관 완전 가이드 — 운동을 평생 지속하는 과학적 방법,magazine-exercise-habit-guide,Magazine,,,blog-oiyo,
magazine-family-holiday-conflict-guide,magazine,published,ko,명절 가족 갈등 완전 가이드 — 평화로운 명절을 위한 심리 전략,magazine-family-holiday-conflict-guide,Magazine,,,blog-oiyo,
magazine-fire-movement-guide,magazine,published,ko,FIRE 운동 완전 가이드 — 경제적 자유와 조기 은퇴의 현실,magazine-fire-movement-guide,Magazine,,,blog-oiyo,
magazine-focus-concentration-guide,magazine,published,ko,집중력 향상 완전 가이드 — 디지털 시대에 집중하는 법,magazine-focus-concentration-guide,Magazine,,,blog-oiyo,
magazine-food-allergy-guide,magazine,published,ko,식품 알레르기 완전 가이드 — 알레르기 확인과 안전한 식생활,magazine-food-allergy-guide,Magazine,,,blog-oiyo,
magazine-freelancer-career-guide,magazine,published,ko,프리랜서 커리어 완전 가이드 — 직장 없이 안정적으로 버는 법,magazine-freelancer-career-guide,Magazine,,,blog-oiyo,
magazine-freelancer-guide,magazine,published,ko,프리랜서 완전 가이드 — 계약·세금·보험·수입 안정화 전략,magazine-freelancer-guide,Magazine,,,blog-oiyo,
magazine-freelancer-tax-guide,magazine,published,ko,프리랜서·N잡러를 위한 세금 가이드 — 종합소득세 완전 정복,magazine-freelancer-tax-guide,Magazine,,,blog-oiyo,
magazine-future-jobs-certifications,magazine,published,ko,AI 시대의 미래 직업과 자격증 변화,magazine-future-jobs-certifications,Insights,,,blog-oiyo,
magazine-game-addiction-guide,magazine,published,ko,게임 중독 극복 완전 가이드 — 과학적으로 게임 조절하는 법,magazine-game-addiction-guide,Magazine,,,blog-oiyo,
magazine-gap-year-guide,magazine,published,ko,갭이어 완전 가이드 — 쉬어가는 해를 낭비하지 않는 법,magazine-gap-year-guide,Magazine,,,blog-oiyo,
magazine-gift-tax-guide,magazine,published,ko,"증여세 완전 가이드 — 세율, 면세 한도, 현명한 증여 전략",magazine-gift-tax-guide,Magazine,,,blog-oiyo,
magazine-global-tax-investing-guide,magazine,published,ko,해외 주식 세금 완전 가이드 — 양도세·배당세 정산법,magazine-global-tax-investing-guide,Magazine,,,blog-oiyo,
magazine-gomoku-strategy-guide,magazine,published,ko,"오목의 전략 — 역사, 규칙, 이기는 사고법",magazine-gomoku-strategy-guide,Magazine,,,blog-oiyo,
magazine-government-pension-comparison,magazine,published,ko,공무원 연금 vs 국민연금 완전 비교 — 노후 소득의 모든 것,magazine-government-pension-comparison,Magazine,,,blog-oiyo,
magazine-graduate-school-guide,magazine,published,ko,대학원 진학 완전 가이드 — 석사·박사 선택부터 입시까지,magazine-graduate-school-guide,Magazine,,,blog-oiyo,
magazine-growth-mindset-psychology,magazine,published,ko,"성장 마인드셋의 심리학 — 능력은 타고나는 것인가, 키워지는 것인가",magazine-growth-mindset-psychology,Magazine,,,blog-oiyo,
magazine-gut-health-guide,magazine,published,ko,장 건강 완전 가이드 — 장내 미생물과 면역·정신건강의 연결,magazine-gut-health-guide,Magazine,,,blog-oiyo,
magazine-habit-formation-guide,magazine,published,ko,습관 형성 과학 완전 가이드 — 작은 습관이 인생을 바꾸는 법,magazine-habit-formation-guide,Magazine,,,blog-oiyo,
magazine-hair-care-guide,magazine,published,ko,머리카락 관리 완전 가이드 — 탈모 예방부터 모발 건강까지,magazine-hair-care-guide,Magazine,,,blog-oiyo,
magazine-health-checkup-guide,magazine,published,ko,건강검진 완전 가이드 — 국가검진부터 추가검진까지,magazine-health-checkup-guide,Magazine,,,blog-oiyo,
magazine-health-insurance-guide,magazine,published,ko,건강보험료 완전 가이드 — 직장인·지역가입자·피부양자 기준,magazine-health-insurance-guide,Magazine,,,blog-oiyo,
magazine-hiking-guide,magazine,published,ko,등산 완전 가이드 — 초보자도 안전하게 산을 오르는 법,magazine-hiking-guide,Magazine,,,blog-oiyo,
magazine-home-cooking-meal-prep-guide,magazine,published,ko,밀프렙 완전 가이드 — 주 1회 준비로 7일 집밥 먹는 법,magazine-home-cooking-meal-prep-guide,Magazine,,,blog-oiyo,
magazine-home-workout-guide,magazine,published,ko,홈트레이닝 완전 가이드 — 집에서 헬스장 효과 내는 법,magazine-home-workout-guide,Magazine,,,blog-oiyo,
magazine-house-cleaning-routine-guide,magazine,published,ko,집 청소 루틴 완전 가이드 — 깨끗한 집을 유지하는 시스템,magazine-house-cleaning-routine-guide,Magazine,,,blog-oiyo,
magazine-houseplant-guide,magazine,published,ko,반려식물 완전 가이드 — 초보자도 죽이지 않는 식물 키우기,magazine-houseplant-guide,Magazine,,,blog-oiyo,
magazine-hypertension-guide,magazine,published,ko,고혈압 완전 가이드 — 혈압 관리와 합병증 예방,magazine-hypertension-guide,Magazine,,,blog-oiyo,
magazine-inheritance-tax-guide,magazine,published,ko,"상속세 완전 가이드 — 세율, 공제, 계산법과 절세 전략",magazine-inheritance-tax-guide,Magazine,,,blog-oiyo,
magazine-insurance-guide,magazine,published,ko,보험 완전 가이드 — 꼭 필요한 보험과 필요 없는 보험 구분법,magazine-insurance-guide,Magazine,,,blog-oiyo,
magazine-interior-design-guide,magazine,published,ko,집 인테리어 셀프 완전 가이드 — 돈 덜 쓰고 예쁘게 바꾸는 법,magazine-interior-design-guide,Magazine,,,blog-oiyo,
magazine-intermittent-fasting-guide,magazine,published,ko,"간헐적 단식 완전 가이드 — 효과와 방법, 주의사항",magazine-intermittent-fasting-guide,Magazine,,,blog-oiyo,
magazine-introvert-extrovert-psychology,magazine,published,ko,내향성과 외향성의 심리학 — 조용한 사람이 약한 것이 아니다,magazine-introvert-extrovert-psychology,Magazine,,,blog-oiyo,
magazine-investment-guide,magazine,published,ko,"투자 입문 — 주식·채권·부동산·ETF, 처음 시작하기 전에 알아야 할 것",magazine-investment-guide,Magazine,,,blog-oiyo,
magazine-investment-psychology-guide,magazine,published,ko,투자 심리학 — 돈을 잃게 만드는 심리적 편향 완전 가이드,magazine-investment-psychology-guide,Magazine,,,blog-oiyo,
magazine-isa-guide,magazine,published,ko,ISA 계좌 완전 가이드 — 만능 절세 통장 제대로 활용하기,magazine-isa-guide,Magazine,,,blog-oiyo,
magazine-japanese-learning-guide,magazine,published,ko,일본어 독학 완전 가이드 — 히라가나부터 JLPT까지,magazine-japanese-learning-guide,Magazine,,,blog-oiyo,
magazine-jeonse-fraud-prevention-guide,magazine,published,ko,전세사기 완전 예방 가이드 — 계약 전 반드시 확인하는 것들,magazine-jeonse-fraud-prevention-guide,Magazine,,,blog-oiyo,
magazine-jeonse-vs-rent-guide,magazine,published,ko,전세 vs 월세 — 어느 쪽이 유리한가? 재무 계산으로 따져보기,magazine-jeonse-vs-rent-guide,Magazine,,,blog-oiyo,
magazine-job-change-guide,magazine,published,ko,이직 완전 가이드 — 연봉 협상부터 퇴사까지 실전 전략,magazine-job-change-guide,Magazine,,,blog-oiyo,
magazine-job-interview-guide,magazine,published,ko,취업 면접 완전 가이드 — 합격률 높이는 면접 전략과 답변법,magazine-job-interview-guide,Magazine,,,blog-oiyo,
magazine-journaling-guide,magazine,published,ko,일기 쓰기 완전 가이드 — 글쓰기로 삶을 바꾸는 법,magazine-journaling-guide,Magazine,,,blog-oiyo,
magazine-korean-history-guide,magazine,published,ko,한국사 핵심 완전 가이드 — 고조선부터 현대까지 흐름 잡기,magazine-korean-history-guide,Magazine,,,blog-oiyo,
magazine-labor-law-rights-guide,magazine,published,ko,근로자 권리 완전 가이드 — 알아야 할 노동법,magazine-labor-law-rights-guide,Magazine,,,blog-oiyo,
magazine-leadership-style-psychology,magazine,published,ko,리더십 스타일의 심리학 — 지시하는 리더가 최고는 아니다,magazine-leadership-style-psychology,Magazine,,,blog-oiyo,
magazine-learning-style-guide,magazine,published,ko,학습 스타일 심리학 — 나는 어떻게 배울 때 가장 잘 기억하는가,magazine-learning-style-guide,Magazine,,,blog-oiyo,
magazine-lease-contract-guide,magazine,published,ko,전세·월세 계약 완전 가이드 — 사기 예방과 권리 보호,magazine-lease-contract-guide,Magazine,,,blog-oiyo,
magazine-legal-interest-guide,magazine,published,ko,법정이자율 완전 정복 — 민사·상사·소송촉진법 이자 계산법,magazine-legal-interest-guide,Magazine,,,blog-oiyo,
magazine-life-insurance-guide,magazine,published,ko,생명보험 완전 가이드 — 가족을 위한 보험 선택법,magazine-life-insurance-guide,Magazine,,,blog-oiyo,
magazine-life-values-psychology,magazine,published,ko,삶의 가치관 심리학 — 무엇이 당신에게 진정으로 중요한가,magazine-life-values-psychology,Magazine,,,blog-oiyo,
magazine-loneliness-guide,magazine,published,ko,외로움 극복 완전 가이드 — 연결감 회복과 관계 건강법,magazine-loneliness-guide,Magazine,,,blog-oiyo,
magazine-lost-ark-stone-odds,interactive,published,ko,게임 세공 확률에 숨은 수학적 원리,magazine-lost-ark-stone-odds,Magazine,,,blog-oiyo,
magazine-love-language-psychology,magazine,published,ko,사랑의 언어 심리학 — 우리가 서로를 사랑하는 방식이 다른 이유,magazine-love-language-psychology,Magazine,,,blog-oiyo,
magazine-mac-buying-guide,magazine,published,ko,"Mac 구매 타이밍 가이드 — 언제, 어떤 모델을 사야 하는가",magazine-mac-buying-guide,Magazine,,,blog-oiyo,
magazine-marriage-preparation-guide,magazine,published,ko,결혼 준비 완전 가이드 — 비용부터 절차까지,magazine-marriage-preparation-guide,Magazine,,,blog-oiyo,
magazine-mbti-career-psychology,magazine,published,ko,MBTI와 직업 심리학 — 성격 유형이 진로에 미치는 영향,magazine-mbti-career-psychology,Magazine,,,blog-oiyo,
magazine-mbti-cognitive-functions,magazine,published,ko,MBTI 8가지 인지기능 — 겉모습 너머의 성격 구조,magazine-mbti-cognitive-functions,Magazine,,,blog-oiyo,
magazine-mbti-compass-test,interactive,published,ko,4문항 MBTI 컴퍼스 — 오늘의 인지 스타일 테스트,magazine-mbti-compass-test,Magazine,,,blog-oiyo,
magazine-mbti-love-psychology,magazine,published,ko,MBTI와 연애 심리학 — 성격 유형이 사랑하는 방식에 미치는 영향,magazine-mbti-love-psychology,Magazine,,,blog-oiyo,
magazine-meeting-cost-psychology,magazine,published,ko,회의비 계산기로 본 회의의 경제학 — 이 회의는 얼마짜리인가,magazine-meeting-cost-psychology,Magazine,,,blog-oiyo,
magazine-memory-learning-guide,magazine,published,ko,기억력을 높이는 학습법 — 뇌과학이 증명한 효과적인 암기 전략,magazine-memory-learning-guide,Magazine,,,blog-oiyo,
magazine-menopause-guide,magazine,published,ko,갱년기 완전 가이드 — 증상 이해와 관리 방법,magazine-menopause-guide,Magazine,,,blog-oiyo,
magazine-mental-health-treatment-guide,magazine,published,ko,정신건강 치료 완전 가이드 — 상담과 치료 받는 법,magazine-mental-health-treatment-guide,Magazine,,,blog-oiyo,
magazine-migraine-headache-guide,magazine,published,ko,두통·편두통 완전 가이드 — 원인별 치료와 예방,magazine-migraine-headache-guide,Magazine,,,blog-oiyo,
magazine-mindfulness-guide,magazine,published,ko,마음챙김(Mindfulness) 완전 가이드 — 뇌과학으로 보는 명상의 효과,magazine-mindfulness-guide,Magazine,,,blog-oiyo,
magazine-mindfulness-meditation-guide,magazine,published,ko,마음챙김 명상 완전 가이드 — 처음 시작하는 명상 입문,magazine-mindfulness-meditation-guide,Magazine,,,blog-oiyo,
magazine-minimalism-life-guide,magazine,published,ko,미니멀리즘 라이프 가이드 — 덜 소유하고 더 잘 사는 법,magazine-minimalism-life-guide,Magazine,,,blog-oiyo,
magazine-motivation-type-psychology,magazine,published,ko,동기 유형의 심리학 — 무엇이 당신을 움직이는가,magazine-motivation-type-psychology,Magazine,,,blog-oiyo,
magazine-moving-guide,magazine,published,ko,이사 완전 가이드 — 준비부터 정착까지 놓치지 말아야 할 것들,magazine-moving-guide,Magazine,,,blog-oiyo,
magazine-national-pension-guide,magazine,published,ko,"국민연금 완전 가이드 — 수령액 계산, 전략, 주의사항",magazine-national-pension-guide,Magazine,,,blog-oiyo,
magazine-negotiation-psychology,magazine,published,ko,협상의 심리학 — 연봉 협상부터 일상 협상까지,magazine-negotiation-psychology,Magazine,,,blog-oiyo,
magazine-negotiation-skills-guide,magazine,published,ko,협상 기술 완전 가이드 — 연봉·거래·일상에서 이기는 협상법,magazine-negotiation-skills-guide,Magazine,,,blog-oiyo,
magazine-newlywed-finance-guide,magazine,published,ko,신혼부부 재테크 완전 가이드 — 결혼 후 돈 관리 시작법,magazine-newlywed-finance-guide,Magazine,,,blog-oiyo,
magazine-nutrition-basics-guide,magazine,published,ko,영양 완전 가이드 — 단백질·탄수화물·지방·비타민 바로 알기,magazine-nutrition-basics-guide,Magazine,,,blog-oiyo,
magazine-nutrition-diet-guide,magazine,published,ko,영양과 식단 완전 가이드 — 뇌과학으로 먹는 법,magazine-nutrition-diet-guide,Magazine,,,blog-oiyo,
magazine-optimism-psychology,magazine,published,ko,낙관주의의 심리학 — 긍정적으로 보는 것이 과학적으로 옳은 이유,magazine-optimism-psychology,Magazine,,,blog-oiyo,
magazine-overseas-shopping-guide,magazine,published,ko,해외직구 완전 가이드 — 아마존·직구 절차부터 관세까지,magazine-overseas-shopping-guide,Magazine,,,blog-oiyo,
magazine-panic-disorder-guide,magazine,published,ko,공황장애 완전 가이드 — 공황 발작 이해와 극복법,magazine-panic-disorder-guide,Magazine,,,blog-oiyo,
magazine-parental-leave-guide,magazine,published,ko,육아휴직 완전 가이드 — 신청부터 복직까지,magazine-parental-leave-guide,Magazine,,,blog-oiyo,
magazine-parenting-psychology-guide,magazine,published,ko,부모와 자녀 심리학 — 애착이 평생을 결정하는 방법,magazine-parenting-psychology-guide,Magazine,,,blog-oiyo,
magazine-parents-elder-care-guide,magazine,published,ko,부모님 노후 준비 가이드 — 함께 준비해야 할 것들,magazine-parents-elder-care-guide,Magazine,,,blog-oiyo,
magazine-pension-savings-guide,magazine,published,ko,연금저축 vs IRP — 노후 준비 절세 계좌 완전 가이드,magazine-pension-savings-guide,Magazine,,,blog-oiyo,
magazine-perfectionism-psychology,magazine,published,ko,"완벽주의의 심리학 — 높은 기준이 성장인가, 함정인가",magazine-perfectionism-psychology,Magazine,,,blog-oiyo,
magazine-personal-bankruptcy-guide,magazine,published,ko,개인회생·파산 완전 가이드 — 빚 문제 해결의 법적 선택지,magazine-personal-bankruptcy-guide,Magazine,,,blog-oiyo,
magazine-personal-branding-guide,magazine,published,ko,퍼스널 브랜딩 완전 가이드 — 나를 알리는 기술,magazine-personal-branding-guide,Magazine,,,blog-oiyo,
magazine-personal-finance-beginner,magazine,published,ko,재테크 입문 완전 가이드 — 20·30대가 지금 당장 해야 할 것들,magazine-personal-finance-beginner,Magazine,,,blog-oiyo,
magazine-pet-care-guide,magazine,published,ko,반려동물 완전 가이드 — 강아지·고양이 입양부터 건강관리까지,magazine-pet-care-guide,Magazine,,,blog-oiyo,
magazine-photography-basics-guide,magazine,published,ko,사진 촬영 완전 가이드 — 스마트폰부터 카메라까지 잘 찍는 법,magazine-photography-basics-guide,Magazine,,,blog-oiyo,
magazine-pilates-guide,magazine,published,ko,필라테스 완전 가이드 — 코어 강화와 자세 교정의 과학,magazine-pilates-guide,Magazine,,,blog-oiyo,
magazine-postpartum-depression-guide,magazine,published,ko,산후우울증 완전 가이드 — 증상 인식부터 회복까지,magazine-postpartum-depression-guide,Magazine,,,blog-oiyo,
magazine-posture-correction-guide,magazine,published,ko,자세 교정 완전 가이드 — 거북목·굽은 등·골반 틀어짐 바로잡기,magazine-posture-correction-guide,Magazine,,,blog-oiyo,
magazine-pregnancy-preparation-guide,magazine,published,ko,임신 준비 완전 가이드 — 계획 임신부터 초기 임신 관리까지,magazine-pregnancy-preparation-guide,Magazine,,,blog-oiyo,
magazine-procrastination-psychology,magazine,published,ko,미루기의 심리학 — 왜 나는 알면서도 미루는가?,magazine-procrastination-psychology,Magazine,,,blog-oiyo,
magazine-property-tax-guide,magazine,published,ko,"부동산 재산세 완전 가이드 — 계산법, 납부 시기, 절세 포인트",magazine-property-tax-guide,Magazine,,,blog-oiyo,
magazine-public-enterprise-guide,magazine,published,ko,공기업 취업 완전 가이드 — 필기·면접·NCS 준비 전략,magazine-public-enterprise-guide,Magazine,,,blog-oiyo,
magazine-public-speaking-guide,magazine,published,ko,발표·대중 연설 완전 가이드 — 긴장을 이기고 설득력 높이는 법,magazine-public-speaking-guide,Magazine,,,blog-oiyo,
magazine-qualification-strategy-guide,magazine,published,ko,전문자격증 준비 전략 — 어떤 자격증을 언제 어떻게 따야 하는가,magazine-qualification-strategy-guide,Magazine,,,blog-oiyo,
magazine-quitting-smoking-guide,magazine,published,ko,금연 완전 가이드 — 과학적으로 담배 끊는 법,magazine-quitting-smoking-guide,Magazine,,,blog-oiyo,
magazine-reading-habit-guide,magazine,published,ko,독서 습관 완전 가이드 — 1년에 50권 읽는 현실적인 방법,magazine-reading-habit-guide,Magazine,,,blog-oiyo,
magazine-real-estate-investment-guide,magazine,published,ko,부동산 투자 입문 가이드 — 아파트·상가·리츠 비교,magazine-real-estate-investment-guide,Magazine,,,blog-oiyo,
magazine-real-estate-tax-guide,magazine,published,ko,부동산 세금 완전 가이드 — 취득·보유·양도세 한눈에 정리,magazine-real-estate-tax-guide,Magazine,,,blog-oiyo,
magazine-relationship-communication-guide,magazine,published,ko,연인 관계 소통 완전 가이드 — 갈등을 줄이고 친밀감을 높이는 법,magazine-relationship-communication-guide,Magazine,,,blog-oiyo,
magazine-relationships-communication-guide,magazine,published,ko,관계와 소통 심리학 — 더 깊은 인간관계를 만드는 방법,magazine-relationships-communication-guide,Magazine,,,blog-oiyo,
magazine-remote-work-guide,magazine,published,ko,원격근무 완전 가이드 — 집에서 최고의 성과를 내는 방법,magazine-remote-work-guide,Magazine,,,blog-oiyo,
magazine-resilience-psychology,magazine,published,ko,회복탄력성의 심리학 — 역경에서 더 강해지는 사람들의 비결,magazine-resilience-psychology,Magazine,,,blog-oiyo,
magazine-resume-writing-guide,magazine,published,ko,이력서·자소서 완전 가이드 — 채용 담당자가 5초 안에 보는 것,magazine-resume-writing-guide,Magazine,,,blog-oiyo,
magazine-retirement-abroad-guide,magazine,published,ko,은퇴 후 해외 이민 완전 가이드 — 노후 해외 생활 현실,magazine-retirement-abroad-guide,Magazine,,,blog-oiyo,
magazine-retirement-asset-allocation,magazine,published,ko,노후 자산 배분 전략 — 연령별 포트폴리오 설계 완전 가이드,magazine-retirement-asset-allocation,Magazine,,,blog-oiyo,
magazine-riasec-career-test,magazine,published,ko,RIASEC 직업흥미검사 — 직업 궁합을 읽는 법,magazine-riasec-career-test,Magazine,,,blog-oiyo,
magazine-running-guide,magazine,published,ko,달리기 완전 가이드 — 초보 러너를 위한 시작법과 부상 방지,magazine-running-guide,Magazine,,,blog-oiyo,
magazine-salary-calculator-guide,magazine,published,ko,"연봉 실수령액 계산 완전 가이드 — 세금, 4대보험, 실제 받는 금액",magazine-salary-calculator-guide,Magazine,,,blog-oiyo,
magazine-self-care-guide,magazine,published,ko,셀프케어 완전 가이드 — 나를 돌보는 과학적 방법,magazine-self-care-guide,Magazine,,,blog-oiyo,
magazine-self-compassion-psychology,magazine,published,ko,자기자비의 심리학 — 자신에게 친절한 사람이 더 강하다,magazine-self-compassion-psychology,Magazine,,,blog-oiyo,
magazine-self-discovery-guide,magazine,published,ko,내가 뭘 좋아하는지 알아가는 방법 — 자기 발견의 심리학,magazine-self-discovery-guide,Magazine,,,blog-oiyo,
magazine-self-employed-insurance-guide,magazine,published,ko,자영업자·사업자 보험 완전 가이드 — 노후와 사고에 대비하는 법,magazine-self-employed-insurance-guide,Magazine,,,blog-oiyo,
magazine-self-employed-tax-guide,magazine,published,ko,자영업자·소상공인 세금 완전 가이드 — 절세와 사업자 관리,magazine-self-employed-tax-guide,Magazine,,,blog-oiyo,
magazine-self-esteem-psychology,magazine,published,ko,자존감의 심리학 — 나 자신을 얼마나 소중히 여기는가,magazine-self-esteem-psychology,Magazine,,,blog-oiyo,
magazine-senior-health-guide,magazine,published,ko,시니어 건강 관리 완전 가이드 — 50대부터 건강하게 사는 법,magazine-senior-health-guide,Magazine,,,blog-oiyo,
magazine-severance-pay-guide,magazine,published,ko,퇴직금 완전 가이드 — 계산법부터 절세 수령까지,magazine-severance-pay-guide,Magazine,,,blog-oiyo,
magazine-side-hustle-ideas-guide,magazine,published,ko,부업 아이디어 완전 가이드 — 직장인이 월 50만~300만 원 더 버는 법,magazine-side-hustle-ideas-guide,Magazine,,,blog-oiyo,
magazine-side-income-guide,magazine,published,ko,부업·사이드 인컴 완전 가이드 — 직장인이 추가 수입을 만드는 현실적 방법,magazine-side-income-guide,Magazine,,,blog-oiyo,
magazine-skin-care-guide,magazine,published,ko,피부 관리 완전 가이드 — 피부 타입별 루틴과 성분 선택법,magazine-skin-care-guide,Magazine,,,blog-oiyo,
magazine-sleep-improvement-guide,magazine,published,ko,수면 개선 완전 가이드 — 깊은 잠을 자는 과학적 방법,magazine-sleep-improvement-guide,Magazine,,,blog-oiyo,
magazine-sleep-optimization-guide,magazine,published,ko,수면 최적화 완전 가이드 — 뇌과학으로 더 잘 자는 법,magazine-sleep-optimization-guide,Magazine,,,blog-oiyo,
magazine-small-business-closure-guide,magazine,published,ko,소상공인 폐업 절차 완전 가이드 — 손실 최소화 전략,magazine-small-business-closure-guide,Magazine,,,blog-oiyo,
magazine-smartphone-addiction-guide,magazine,published,ko,스마트폰 중독 탈출 가이드 — 디지털 건강 되찾기,magazine-smartphone-addiction-guide,Magazine,,,blog-oiyo,
magazine-social-anxiety-guide,magazine,published,ko,사회불안 극복 완전 가이드 — 타인의 시선이 두려울 때,magazine-social-anxiety-guide,Magazine,,,blog-oiyo,
magazine-social-anxiety-psychology,magazine,published,ko,사회불안의 심리학 — 타인의 시선이 두려운 이유,magazine-social-anxiety-psychology,Magazine,,,blog-oiyo,
magazine-social-media-marketing-guide,magazine,published,ko,SNS 마케팅 완전 가이드 — 인스타그램·유튜브·블로그 시작하기,magazine-social-media-marketing-guide,Magazine,,,blog-oiyo,
magazine-speed-reading-guide,magazine,published,ko,속독법 완전 가이드 — 읽기 속도를 2배 올리는 훈련법,magazine-speed-reading-guide,Magazine,,,blog-oiyo,
magazine-startup-basics-guide,magazine,published,ko,스타트업 창업 기초 완전 가이드 — 아이디어에서 법인까지,magazine-startup-basics-guide,Magazine,,,blog-oiyo,
magazine-startup-guide,magazine,published,ko,창업 입문 가이드 — 아이디어에서 사업자 등록까지,magazine-startup-guide,Magazine,,,blog-oiyo,
magazine-stock-dollar-cost-averaging,magazine,published,ko,물타기 vs 분할매수 — 주식 투자 전략의 올바른 이해,magazine-stock-dollar-cost-averaging,Magazine,,,blog-oiyo,
magazine-stock-terms-guide,magazine,published,ko,주식 용어 완전 가이드 — 초보자가 알아야 할 핵심 개념 50,magazine-stock-terms-guide,Magazine,,,blog-oiyo,
magazine-stress-management-guide,magazine,published,ko,스트레스 관리 완전 가이드 — 뇌과학으로 접근하는 회복법,magazine-stress-management-guide,Magazine,,,blog-oiyo,
magazine-stretching-flexibility-guide,magazine,published,ko,스트레칭·유연성 완전 가이드 — 뻣뻣한 몸을 부드럽게 만드는 법,magazine-stretching-flexibility-guide,Magazine,,,blog-oiyo,
magazine-student-loan-guide,magazine,published,ko,학자금 대출 완전 가이드 — 취업 후 상환부터 금리 비교까지,magazine-student-loan-guide,Magazine,,,blog-oiyo,
magazine-study-abroad-guide,magazine,published,ko,어학연수·유학 완전 가이드 — 준비부터 현지 생활까지,magazine-study-abroad-guide,Magazine,,,blog-oiyo,
magazine-study-methods-guide,magazine,published,ko,공부 잘하는 방법론 — 인지과학이 증명한 효과적인 학습 전략,magazine-study-methods-guide,Magazine,,,blog-oiyo,
magazine-swimming-guide,magazine,published,ko,수영 완전 가이드 — 초보자도 제대로 배우는 수영 입문,magazine-swimming-guide,Magazine,,,blog-oiyo,
magazine-tax-return-guide,magazine,published,ko,연말정산 완전 가이드 — 13월의 월급 최대로 받는 법,magazine-tax-return-guide,Magazine,,,blog-oiyo,
magazine-tea-guide,magazine,published,ko,차(茶) 입문 완전 가이드 — 녹차·홍차·우롱차부터 한국 전통차까지,magazine-tea-guide,Magazine,,,blog-oiyo,
magazine-time-management-guide,magazine,published,ko,시간 관리의 심리학 — 왜 계획대로 안 되고 어떻게 바꾸는가,magazine-time-management-guide,Magazine,,,blog-oiyo,
magazine-traffic-accident-guide,magazine,published,ko,교통사고 대처 완전 가이드 — 사고 직후부터 합의까지,magazine-traffic-accident-guide,Magazine,,,blog-oiyo,
magazine-typing-agility,interactive,published,ko,타이핑 속도와 디지털 생산성,magazine-typing-agility,Magazine,,,blog-oiyo,
magazine-ubermensch-guide,magazine,live,ko,위버멘쉬 가이드 — 자기 극복·관계·세계관을 다시 세우는 113개의 질문,magazine-ubermensch-guide,Philosophy & Spirit,,0,blog-oiyo,
magazine-unconscious-neuroscience-guide,magazine,live,ko,무의식의 뇌과학 가이드 — 이해할 수 없는 나를 설명하는 8개의 지도,magazine-unconscious-neuroscience-guide,Psychology,,0,blog-oiyo,
magazine-us-stock-investment-guide,magazine,published,ko,미국 주식 투자 입문 가이드 — 계좌 개설부터 세금까지,magazine-us-stock-investment-guide,Magazine,,,blog-oiyo,
magazine-vegan-diet-guide,magazine,published,ko,채식·비건 식단 입문 가이드 — 건강하게 시작하는 법,magazine-vegan-diet-guide,Magazine,,,blog-oiyo,
magazine-volunteer-guide,magazine,published,ko,봉사활동 완전 가이드 — 의미 있는 봉사 찾고 시작하는 법,magazine-volunteer-guide,Magazine,,,blog-oiyo,
magazine-wealth-building-mindset-guide,magazine,published,ko,부자 마인드셋 완전 가이드 — 돈에 대한 생각을 바꾸는 법,magazine-wealth-building-mindset-guide,Magazine,,,blog-oiyo,
magazine-weight-training-guide,magazine,published,ko,근력 운동 완전 가이드 — 초보자도 할 수 있는 웨이트 트레이닝,magazine-weight-training-guide,Magazine,,,blog-oiyo,
magazine-wine-guide,magazine,published,ko,와인 완전 가이드 — 초보자도 즐기는 와인 입문,magazine-wine-guide,Magazine,,,blog-oiyo,
magazine-work-from-home-guide,magazine,published,ko,재택근무 완전 가이드 — 집에서 일하면서 생산성 유지하는 법,magazine-work-from-home-guide,Magazine,,,blog-oiyo,
magazine-work-style-psychology,magazine,published,ko,일하는 방식의 심리학 — 왜 우리는 같은 일을 다르게 하는가,magazine-work-style-psychology,Magazine,,,blog-oiyo,
magazine-working-holiday-guide,magazine,published,ko,워킹홀리데이 완전 가이드 — 나라별 신청 방법부터 현지 취업까지,magazine-working-holiday-guide,Magazine,,,blog-oiyo,
magazine-workplace-conflict-guide,magazine,published,ko,직장 내 갈등 대처 가이드 — 심리학적으로 현명하게 해결하는 법,magazine-workplace-conflict-guide,Magazine,,,blog-oiyo,
magazine-world-history-guide,magazine,published,ko,세계사 핵심 완전 가이드 — 고대 문명부터 현대까지 흐름 잡기,magazine-world-history-guide,Magazine,,,blog-oiyo,
magazine-year-end-tax-guide,magazine,published,ko,연말정산 완전 가이드 — 13월의 월급을 최대화하는 법,magazine-year-end-tax-guide,Magazine,,,blog-oiyo,
magazine-yoga-guide,magazine,published,ko,요가 완전 가이드 — 입문자를 위한 종류별 요가와 기본 자세,magazine-yoga-guide,Magazine,,,blog-oiyo,
magazine-youth-housing-policy-guide,magazine,published,ko,청년 주거 지원 정책 완전 가이드 — 청약·대출·임대주택 모두 정리,magazine-youth-housing-policy-guide,Magazine,,,blog-oiyo,
magazine-youth-welfare-policy-guide,magazine,published,ko,청년 정부 지원 정책 완전 가이드 — 놓치면 손해인 혜택들,magazine-youth-welfare-policy-guide,Magazine,,,blog-oiyo,
magazine-zero-waste-guide,magazine,published,ko,제로웨이스트 완전 가이드 — 쓰레기 줄이는 실천 가이드,magazine-zero-waste-guide,Magazine,,,blog-oiyo,
maslow-hierarchy-self-transcendence,magazine,published,ko,매슬로의 욕구 단계설: 자아실현을 넘어 초월로,maslow-hierarchy-self-transcendence,Mind & Psychology,,,blog-oiyo,
maslows-hierarchy-human-needs,magazine,published,ko,매슬로우의 욕구 단계: 동기의 피라미드,maslows-hierarchy-human-needs,Mind & Psychology,,,blog-oiyo,
mayan-calendar-thirteen-tones-creation,magazine,published,ko,마야 달력과 13개의 은하수 음계: 창조의 리듬을 타는 법,mayan-calendar-thirteen-tones-creation,Mysticism,,,blog-oiyo,
mayan-tzolkin,magazine,published,ko,창조의 13개 달: 마야 촐킨,mayan-tzolkin,Mysticism,,,blog-oiyo,
mayan-wisdom-in-lakech-connection,magazine,published,ko,"인 라케시(In Lak''ech): 너는 또 다른 나, 마야의 위대한 공존 철학",mayan-wisdom-in-lakech-connection,Mysticism,,,blog-oiyo,
mbti-career-test,interactive,published,ko,MBTI 직업 적성 테스트 — 나에게 맞는 직업은?,mbti-career-test,Psychology,,,blog-oiyo,MbtiCareerTest
mbti-cognitive-functions-complete,magazine,published,ko,MBTI 인지 기능 완전 가이드: 8가지 인지 기능의 진짜 의미,mbti-cognitive-functions-complete,Psychology,,,blog-oiyo,
mbti-complete-deep-guide,magazine,published,ko,MBTI 완전 심화 가이드: 16가지 유형·8기능·발달 과정 총정리,mbti-complete-deep-guide,Psychology,,,blog-oiyo,
mbti-loops-grips-mental-rut,magazine,published,ko,MBTI 루프(Loop)와 그립(Grip): 멘탈이 무너지는 2가지 패턴,mbti-loops-grips-mental-rut,Psychology,,,blog-oiyo,
mbti-love-style-complete,magazine,published,ko,MBTI 유형별 연애 스타일 완전 가이드: 16가지 유형 사랑의 언어,mbti-love-style-complete,Psychology,,,blog-oiyo,
mbti-love-test,interactive,published,ko,MBTI 연애 유형 테스트 — 나의 사랑 방식은?,mbti-love-test,Psychology,,,blog-oiyo,MbtiLoveTest
mbti-pair-dynamics-relationship-growth,magazine,published,ko,"관계 역동(Dynamics): 우리는 왜 싸우고, 왜 사랑하는가?",mbti-pair-dynamics-relationship-growth,Mind & Psychology,,,blog-oiyo,
mbti-relationship-patterns,magazine,published,ko,MBTI 연애 패턴 완전 분석: 16유형이 사랑에서 보이는 모습과 이상형,mbti-relationship-patterns,Magazine,,,blog-oiyo,
mbti-salary-expert,interactive,published,ko,MBTI 연봉 전문가 — 성격 유형별 연봉 인상 전략,mbti-salary-expert,Finance,,,blog-oiyo,MbtiSalaryExpert
mbti-salary-negotiation-guide,academy,published,ko,MBTI별 연봉의 비밀: 당신의 성격이 최고의 협상 무기가 되는 법,mbti-salary-negotiation-guide,Finance,,,blog-oiyo,
mbti-shadow-functions-stress-personality,magazine,published,ko,MBTI 그림자 기능: 스트레스 받을 때 튀어나오는 낯선 나의 모습,mbti-shadow-functions-stress-personality,Mind & Psychology,,,blog-oiyo,
mbti-stress-escape-guide,magazine,published,ko,MBTI 유형별 스트레스 탈출 완전 가이드: 내 유형에 맞는 힐링법,mbti-stress-escape-guide,Psychology,,,blog-oiyo,
meaning-of-akashic-records,magazine,published,ko,아카식 레코드 (Akashic Records): 우주의 도서관,meaning-of-akashic-records,Philosophy & Spirit,,,blog-oiyo,
meaning-of-almanac,magazine,published,ko,"알마낙(Almanac): 농부의 달력, 자연의 호흡",meaning-of-almanac,Mysticism,,,blog-oiyo,
meaning-of-archetypes,magazine,published,ko,아키타입 (Archetypes): 내 안의 영웅을 찾아서,meaning-of-archetypes,Mysticism,,,blog-oiyo,
meaning-of-astrology,magazine,published,ko,점성술의 의미: 천체와 인간의 조응,meaning-of-astrology,Mysticism,,,blog-oiyo,
meaning-of-attachment-theory,magazine,published,ko,애착 이론 (Attachment Theory): 사랑의 방정식,meaning-of-attachment-theory,Mind & Psychology,,,blog-oiyo,
meaning-of-big5,magazine,published,ko,Big 5 (성격 5요인): 현대 심리학이 정의한 나의 지도,meaning-of-big5,Mind & Psychology,,,blog-oiyo,
meaning-of-biorhythms,magazine,published,ko,바이오리듬(Biorhythm): 내 몸 안의 보이지 않는 파도,meaning-of-biorhythms,Mysticism,,,blog-oiyo,
meaning-of-celtic-mythology,magazine,published,ko,켈트 신화: 드루이드의 숲과 나무의 언어,meaning-of-celtic-mythology,Mythology,,,blog-oiyo,
meaning-of-chronotypes,magazine,published,ko,크로노타입 (Chronotypes): 당신의 생체 시계는 몇 시인가요?,meaning-of-chronotypes,Mind & Psychology,,,blog-oiyo,
meaning-of-cognitive-biases,magazine,published,ko,인지 편향 (Cognitive Biases): 내 머릿속의 사기꾼,meaning-of-cognitive-biases,Mind & Psychology,,,blog-oiyo,
meaning-of-color-psychology,magazine,published,ko,색채 심리학 (Color Psychology): 마음을 물들이는 빛의 언어,meaning-of-color-psychology,Psychology,,,blog-oiyo,
meaning-of-eastern-philosophy,magazine,published,ko,동양 철학: 도(道)의 길과 다르마(Dharma)의 길,meaning-of-eastern-philosophy,Philosophy,,,blog-oiyo,
meaning-of-egyptian-astrology,magazine,published,ko,이집트 점성술 (Egyptian Astrology): 나일강에 흐르는 영혼,meaning-of-egyptian-astrology,Mysticism,,,blog-oiyo,
meaning-of-enneagram,magazine,published,ko,에니어그램 (Enneagram): 가면을 벗고 본질로,meaning-of-enneagram,Mysticism,,,blog-oiyo,
meaning-of-forces-in-mythology,magazine,published,ko,신화 속에서 역동하는 힘들의 의미: 우리 안의 심리적 에너지,meaning-of-forces-in-mythology,Mythology,,,blog-oiyo,
meaning-of-gut-microbiome,magazine,published,ko,장내 미생물 (Gut Microbiome): 내 안의 또 다른 우주,meaning-of-gut-microbiome,Mind & Psychology,,,blog-oiyo,
meaning-of-hellenistic-astrology,magazine,published,ko,헬레니즘 점성술 (Hellenistic Astrology): 잊혀진 운명의 기술,meaning-of-hellenistic-astrology,Mysticism,,,blog-oiyo,
meaning-of-hexaco,magazine,published,ko,HEXACO (HEXACO): 성격의 여섯 번째 비밀,meaning-of-hexaco,Lifestyle & Growth,,,blog-oiyo,
meaning-of-hormones,magazine,published,ko,호르몬 (Hormones): 나를 지배하는 화학 메신저,meaning-of-hormones,Mind & Psychology,,,blog-oiyo,
meaning-of-hsp,magazine,published,ko,HSP (매우 예민한 사람): 섬세함은 신이 주신 선물,meaning-of-hsp,Mind & Psychology,,,blog-oiyo,
meaning-of-human-design,magazine,published,ko,휴먼 디자인 (Human Design): 나라는 우주의 사용설명서,meaning-of-human-design,Mysticism,,,blog-oiyo,
meaning-of-hwarang,magazine,published,ko,화랑 (Hwarang): 꽃처럼 피어난 청춘의 기상,meaning-of-hwarang,Myth & Culture,,,blog-oiyo,
meaning-of-kabbalah,magazine,published,ko,카발라 (Kabbalah): 신에게 이르는 빛의 사다리,meaning-of-kabbalah,Mysticism,,,blog-oiyo,
meaning-of-learning-styles,magazine,published,ko,학습 유형 (Learning Styles): 뇌가 좋아하는 공부법,meaning-of-learning-styles,Lifestyle & Growth,,,blog-oiyo,
meaning-of-life,magazine,published,ko,인생의 의미는 주변에 의해 정해지지 않는다: 아들러의 자유론,meaning-of-life,Philosophy & Spirit,,,blog-oiyo,
meaning-of-mayan-mythology,magazine,published,ko,마야 점성술: 시간의 수호자와 은하의 리듬,meaning-of-mayan-mythology,Mysticism,,,blog-oiyo,
meaning-of-mbti,magazine,published,ko,MBTI (16가지 성격 유형): 나를 설명하는 가장 쉬운 언어,meaning-of-mbti,Mind & Psychology,,,blog-oiyo,
meaning-of-musok,magazine,published,ko,무속 (Musok): 한국인의 영혼을 달래온 오래된 위로,meaning-of-musok,Mysticism,,,blog-oiyo,
meaning-of-nordic-runes,magazine,published,ko,룬의 속삭임: 돌에 새겨진 북유럽의 지혜,meaning-of-nordic-runes,Mysticism,,,blog-oiyo,
meaning-of-numerology,magazine,published,ko,수비학 (Numerology): 숫자 속에 숨겨진 우주의 질서,meaning-of-numerology,Mysticism,,,blog-oiyo,
meaning-of-palja,magazine,published,ko,팔자(Palja): 여덟 글자에 담긴 우주의 암호,meaning-of-palja,Mysticism,,,blog-oiyo,
meaning-of-perfectionism,magazine,published,ko,완벽주의 (Perfectionism): 탁월함을 가장한 불안,meaning-of-perfectionism,Mind & Psychology,,,blog-oiyo,
meaning-of-riasec,magazine,published,ko,홀랜드 검사 (RIASEC): 내 일의 정답을 찾아서,meaning-of-riasec,Lifestyle & Growth,,,blog-oiyo,
meaning-of-tci,magazine,published,ko,"TCI (기질 및 성격 검사): 타고난 나, 만들어진 나",meaning-of-tci,Mind & Psychology,,,blog-oiyo,
meaning-of-time,magazine,published,ko,시간 (Time): 왜 즐거운 시간은 빨리 갈까?,meaning-of-time,Philosophy & Spirit,,,blog-oiyo,
meaning-of-vedic-astrology,magazine,published,ko,베다 점성술: 별들의 빛과 카르마의 지도,meaning-of-vedic-astrology,Mysticism,,,blog-oiyo,
meaning-of-yin-yang,magazine,published,ko,음양 (Yin-Yang): 세상 만물이 춤추는 원리,meaning-of-yin-yang,Philosophy & Spirit,,,blog-oiyo,
meaning-of-zi-wei-dou-shu,magazine,published,ko,자미두수: 별들의 조정과 운명의 지도,meaning-of-zi-wei-dou-shu,Mysticism,,,blog-oiyo,
meaningful-consumption,magazine,published,ko,가치 있는 소비로 삶에 의미를 더하다: 소유를 넘어선 존재의 확장,meaningful-consumption,Philosophy & Spirit,,,blog-oiyo,
medical-astrology-planetary-body,magazine,published,ko,점성의학(Medical Astrology): 행성과 신체의 대우주 조응,medical-astrology-planetary-body,Mysticism,,,blog-oiyo,
meditation-beginner-complete-guide,magazine,published,ko,명상 입문 완전 가이드: 과학이 증명한 명상의 효과와 시작하는 방법,meditation-beginner-complete-guide,Self-Improvement,,,blog-oiyo,
medusa-female-rage,magazine,published,ko,메두사: 괴물은 희생자였다,medusa-female-rage,Myth & Culture,,,blog-oiyo,
meeting-cost-calculator,interactive,published,ko,회의 비용 계산기 — 이 회의의 진짜 비용은?,meeting-cost-calculator,Finance,,,blog-oiyo,MeetingCostCalculator
meeting-cost-corporate-efficiency,interactive,published,ko,"회의 비용 계산기: 지금 이 순간, 우리 회사의 돈은 어떻게 타고 있는가?",meeting-cost-corporate-efficiency,Business,,,blog-oiyo,
meeting-cost-productivity,interactive,published,ko,회의 비용의 진실: 당신의 회의는 얼마짜리인가?,meeting-cost-productivity,Lifestyle,,,blog-oiyo,
meeting-style-collaboration-guide,interactive,live,ko,회의 스타일 가이드 — 말 많은 회의에서 살아남는 6가지 협업 유형,meeting-style-collaboration-guide,Education,,0,blog-oiyo,MeetingStyleTest
memory-card-game,interactive,published,ko,카드 짝 맞추기 — 기억력 훈련 메모리 게임,memory-card-game,Game,,,blog-oiyo,MemoryCardGame
mental-addiction-hungry-ghosts,magazine,published,ko,중독(Addiction)과 아귀(Hungry Ghosts): 채워지지 않는 갈증,mental-addiction-hungry-ghosts,Psychology,,,blog-oiyo,
mental-anxiety-leap-faith,magazine,published,ko,불안(Anxiety)과 도약: 키르케고르의 현기증,mental-anxiety-leap-faith,Psychology,,,blog-oiyo,
mental-depression-dark-night,magazine,published,ko,우울(Depression)과 영혼의 어두운 밤(Dark Night of the Soul),mental-depression-dark-night,Psychology,,,blog-oiyo,
mental-health-quotes,magazine,published,ko,멘탈관리에 도움이 되는 글귀: 깊은 심리학적 조언과 위로,mental-health-quotes,Psychology,,,blog-oiyo,
mental-health-survey,magazine,published,ko,방법을 바꾸려면 정신 건강의 실태부터 알아야 한다: 현대 정신 의학의 한계,mental-health-survey,Psychology,,,blog-oiyo,
mental-illness-drug-alcohol,magazine,published,ko,약물과 알코올이 정신질환을 일으키는 원리: 대사와 미토콘드리아의 관점,mental-illness-drug-alcohol,Mind & Psychology,,,blog-oiyo,
mental-illness-family-history,magazine,published,ko,정신질환은 가족력의 영향을 얼마나 받을까?: 유전과 후생유전의 진실,mental-illness-family-history,Psychology,,,blog-oiyo,
mercury-retrograde-guide,magazine,published,ko,수성 역행 완전 가이드: 역행 기간 주의사항과 활용법,mercury-retrograde-guide,Fortune & Spirituality,,,blog-oiyo,
mercury-retrograde-survival-guide,magazine,published,ko,수성 역행(Mercury Retrograde): 소통의 오류가 주는 기회,mercury-retrograde-survival-guide,Mysticism,,,blog-oiyo,
mere-exposure-effect-psychology,magazine,published,ko,단순 노출 효과 (The Mere Exposure Effect),mere-exposure-effect-psychology,Psychology,,,blog-oiyo,
metabolic-health-new-beginning,magazine,published,ko,대사 건강과 정신 건강을 위한 새로운 시작: 『브레인 에너지』의 결론,metabolic-health-new-beginning,Mind & Psychology,,,blog-oiyo,
metabolic-treatment-plan,magazine,published,ko,대사 치료 계획 접근법: 나만의 정신 건강 회복 지도 그리기,metabolic-treatment-plan,Mind & Psychology,,,blog-oiyo,
metacognition-activities,magazine,published,ko,메타인지를 깨우는 7가지 수업 활동: 교실을 메타인지 실험실로,metacognition-activities,Lifestyle & Growth,,,blog-oiyo,
metacognition-and-class,magazine,published,ko,메타인지와 수업: 학습과 성장의 핵심,metacognition-and-class,Lifestyle & Growth,,,blog-oiyo,
metacognition-strategies,magazine,published,ko,메타인지를 높이는 5가지 수업 전략: 생각하는 교실 만들기,metacognition-strategies,Lifestyle & Growth,,,blog-oiyo,
metacognition-thinking,magazine,published,ko,메타인지: 나 자신을 믿지 않는 기술,metacognition-thinking,Mind & Psychology,,,blog-oiyo,
metcalfes-law-creativity-networks,magazine,live,ko,메트칼프의 법칙과 창조성 — 연결의 수가 아니라 연결의 질이 폭발할 때,metcalfes-law-creativity-networks,Strategy,,0,blog-oiyo,
microbiome-gut-brain-axis,magazine,published,ko,마이크로바이옴: 당신은 군집이다,microbiome-gut-brain-axis,Lifestyle & Growth,,,blog-oiyo,
millers-law-memory-limit,magazine,published,ko,밀러의 법칙 (Miller''s Law): 마법의 숫자 7,millers-law-memory-limit,Mind & Psychology,,,blog-oiyo,
mindfulness-monkey-mind,interactive,published,ko,원숭이와 관찰자: 메타인지를 통한 마음의 주도권 되찾기,mindfulness-monkey-mind,Mind & Psychology,,,blog-oiyo,
mindfulness-neuroscience,magazine,published,ko,마인드풀니스와 뇌과학: 평온을 위한 뇌의 재배합,mindfulness-neuroscience,Science & Health,,,blog-oiyo,
mindfulness-test,interactive,published,ko,마음챙김 수준 테스트 — 나는 지금 이 순간에 얼마나 있는가?,mindfulness-test,Psychology,,,blog-oiyo,MindfulnessTest
mindset-anxiety-management,magazine,published,ko,불안 관리 완전 가이드: 걱정을 멈추고 현재를 살아가는 방법,mindset-anxiety-management,Psychology,,,blog-oiyo,
minesweeper,interactive,published,ko,지뢰 찾기 — 클래식 마인스위퍼,minesweeper,Game,,,blog-oiyo,Minesweeper
minesweeper-risk-management,interactive,published,ko,지뢰찾기에서 배우는 정보 분석과 리스크 관리의 기술,minesweeper-risk-management,Education,,,blog-oiyo,Minesweeper
minimalism-mind-digital-detox,magazine,published,ko,마음의 미니멀리즘: 물건과 디지털 소음 비우기,minimalism-mind-digital-detox,Lifestyle & Growth,,,blog-oiyo,
minor-arcana-4-elements-meaning,magazine,published,ko,"마이너 아르카나의 4원소: 지팡이, 컵, 검, 동전의 비밀",minor-arcana-4-elements-meaning,Mysticism,,,blog-oiyo,
mitochondria-life-energy-biohacking,magazine,published,ko,미토콘드리아: 당신의 생체 배터리를 최적화하는 법,mitochondria-life-energy-biohacking,Mind & Psychology,,,blog-oiyo,
money-personality-test,interactive,published,ko,머니 성격 테스트 — 나의 돈 관리 유형은?,money-personality-test,Psychology,,,blog-oiyo,MoneyPersonalityTest
money-saving-frugal-living,magazine,published,ko,절약 생활 완전 가이드: 월 50만원 이상 아끼는 실전 방법,money-saving-frugal-living,Finance,,,blog-oiyo,
monthly-travel-destinations,magazine,published,ko,월별 추천 해외여행지: 12개월의 글로벌 여행 가이드,monthly-travel-destinations,Lifestyle & Growth,,,blog-oiyo,
moon-sign-complete-guide,magazine,published,ko,달 별자리(Moon Sign) 완전 가이드: 12개 달 별자리 특성과 감정 패턴 분석,moon-sign-complete-guide,Fortune & Spirituality,,,blog-oiyo,
moon-sign-secret-self,magazine,published,ko,당신의 달 별자리는 무엇인가요? - 가면 뒤에 숨겨진 '내면의 아이,moon-sign-secret-self,Mysticism,,,blog-oiyo,
morning-pages-creative-recovery,magazine,published,ko,모닝 페이지: 당신의 창조적 잠재력을 깨우는 3쪽의 기적,morning-pages-creative-recovery,Lifestyle & Growth,,,blog-oiyo,
morning-routine-science-guide,magazine,published,ko,아침 루틴 완전 가이드: 성공한 사람들의 황금 아침을 만드는 과학,morning-routine-science-guide,Self-Improvement,,,blog-oiyo,
motivation-type-test,interactive,published,ko,동기 유형 테스트 — 나를 움직이는 것은?,motivation-type-test,Psychology,,,blog-oiyo,MotivationTypeTest
mythological-thinking-of-primitive-humans,magazine,published,ko,원시 인류의 신화적 사고: 논리 이전의 상징 세계,mythological-thinking-of-primitive-humans,Mind & Psychology,,,blog-oiyo,
mythology-eros-psyche-love-soul,magazine,published,ko,에로스와 프시케(Eros & Psyche): 사랑을 통한 영혼의 성숙,mythology-eros-psyche-love-soul,Mythology,,,blog-oiyo,
mythology-narcissus-echo-self-love,magazine,published,ko,"나르키소스와 에코(Narcissus & Echo): 현대의 비극, 나르시시즘",mythology-narcissus-echo-self-love,Mythology,,,blog-oiyo,
mythology-oedipus-rex-fate-dignity,magazine,published,ko,오이디푸스 왕(Oedipus Rex): 운명을 마주하는 인간의 존엄,mythology-oedipus-rex-fate-dignity,Mythology,,,blog-oiyo,
narcissism-psychology-guide,magazine,published,ko,나르시시즘 완전 가이드: 자기애적 성격의 심리학과 관계에서의 영향,narcissism-psychology-guide,Psychology,,,blog-oiyo,
narcissism-test,interactive,published,ko,자기애 성향 테스트 — 나는 얼마나 자기중심적인가?,narcissism-test,Psychology,,,blog-oiyo,NarcissismTest
narcissus-echo-chamber,magazine,published,ko,나르키소스와 디지털 연못,narcissus-echo-chamber,Myth & Culture,,,blog-oiyo,
narcissus-echo-myth-vanity,magazine,published,ko,나르키소스와 에코: 자기 대상화의 감옥과 타자의 상실,narcissus-echo-myth-vanity,Mythology,,,blog-oiyo,
national-pension-complete-guide,interactive,published,ko,국민연금 완전 정복: 개념·계산·수령·법령 총정리,national-pension-complete-guide,Tax,,,blog-oiyo,
navigating-depression-holistic-guide,magazine,published,ko,"우울증이라는 긴 터널을 지나는 법: 약물, 상담, 그리고 생활",navigating-depression-holistic-guide,Mind & Psychology,,,blog-oiyo,
ncs-communication-skills-guide,academy,published,ko,NCS 의사소통능력 완벽 정복: 공기업 필기 18% 배점 핵심 전략,ncs-communication-skills-guide,Public Admin,,,blog-oiyo,
ncs-information-tech-skills-guide,academy,published,ko,NCS 정보능력 완벽 정복: 컴퓨터 활용·정보 처리·정보 보안 핵심 전략,ncs-information-tech-skills-guide,Public Admin,,,blog-oiyo,
ncs-interpersonal-skills-guide,academy,published,ko,NCS 대인관계능력 완전 정복 — 팀워크·갈등관리·협상·리더십,ncs-interpersonal-skills-guide,Public Admin,,,blog-oiyo,
ncs-numeracy-skills-guide,academy,published,ko,NCS 수리능력 완벽 정복: 증가율·비율·도표 계산 실전 전략,ncs-numeracy-skills-guide,Public Admin,,,blog-oiyo,
ncs-organizational-skills-guide,academy,published,ko,NCS 조직이해능력 완벽 정복: 경영·체제·업무 이해 핵심 전략,ncs-organizational-skills-guide,Public Admin,,,blog-oiyo,
ncs-problem-solving-skills-guide,academy,published,ko,NCS 문제해결능력 완벽 정복: SWOT·의사결정·창의적 사고 실전 전략,ncs-problem-solving-skills-guide,Public Admin,,,blog-oiyo,
ncs-resource-management-skills-guide,academy,published,ko,NCS 자원관리능력 완벽 정복: 시간·예산·물적·인적 자원 관리 핵심 전략,ncs-resource-management-skills-guide,Public Admin,,,blog-oiyo,
ncs-self-development-skills-guide,academy,published,ko,NCS 자기개발능력 완전 정복 — 자아인식·자기관리·경력개발,ncs-self-development-skills-guide,Public Admin,,,blog-oiyo,
ncs-technical-skills-guide,academy,published,ko,NCS 기술능력 완전 정복 — 기술이해·기술적용·기술개발,ncs-technical-skills-guide,Public Admin,,,blog-oiyo,
ncs-work-ethics-guide,academy,published,ko,NCS 직업윤리 완전 정복 — 근로윤리·공동체윤리·청렴·준법,ncs-work-ethics-guide,Public Admin,,,blog-oiyo,
negativity-bias-brain,magazine,published,ko,"부정성 편향: 나쁜 것은 벨크로, 좋은 것은 테프론",negativity-bias-brain,Mind & Psychology,,,blog-oiyo,
networking-relationship-building,magazine,published,ko,네트워킹 완전 가이드: 진정성 있는 인맥을 만드는 과학,networking-relationship-building,Self-Improvement,,,blog-oiyo,
neuro-alchemy-music,magazine,published,ko,음악의 신경 연금술: 주파수가 뇌 구조를 재배열하는 법,neuro-alchemy-music,Lifestyle & Growth,,,blog-oiyo,
neuroplasticity-habit-formation,magazine,published,ko,신경가소성: 불안한 뇌를 다시 배선하기,neuroplasticity-habit-formation,Lifestyle & Growth,,,blog-oiyo,
neuroplasticity-habits,magazine,published,ko,신경가소성: 당신의 운명을 다시 쓰는 과학,neuroplasticity-habits,Lifestyle & Growth,,,blog-oiyo,
neuroscience-default-mode-network-creativity,magazine,published,ko,멍때리는 뇌의 비밀: 디폴트 모드 네트워크(DMN)와 창조성,neuroscience-default-mode-network-creativity,Mind & Psychology,,,blog-oiyo,
neuroscience-neuroplasticity-brain-rewiring,magazine,published,ko,뇌 가소성(Neuroplasticity): 당신의 뇌는 다시 쓰일 수 있다,neuroscience-neuroplasticity-brain-rewiring,Mind & Psychology,,,blog-oiyo,
neuroscience-of-habits-atomic-change,magazine,published,ko,습관의 뇌과학: 의지력보다 강력한 시스템 설계,neuroscience-of-habits-atomic-change,Lifestyle & Growth,,,blog-oiyo,
neurotransmitters-and-drug-effects,magazine,published,ko,신경전달물질과 정신과 약의 진짜 효과: 대사적 관점에서의 재해석,neurotransmitters-and-drug-effects,Mind & Psychology,,,blog-oiyo,
new-beginning-metabolic-health,magazine,published,ko,새로운 시작: 대사 건강과 정신 건강의 통합,new-beginning-metabolic-health,Mind & Psychology,,,blog-oiyo,
new-horizons-of-treatment,magazine,published,ko,치료의 새로운 지평: 대사 치료가 여는 정신 의학의 미래,new-horizons-of-treatment,Mind & Psychology,,,blog-oiyo,
nietzsche-ubermensch-will-to-power,magazine,published,ko,"니체와 위버멘쉬: 낙타, 사자, 그리고 아이",nietzsche-ubermensch-will-to-power,Philosophy,,,blog-oiyo,
noble-courage-self-protection,magazine,published,ko,자기를 지키는 것이야말로 가장 고귀한 용기다: 내면의 성벽을 쌓는 일에 대하여,noble-courage-self-protection,Philosophy & Spirit,,,blog-oiyo,
normalcy-bias-disaster,magazine,published,ko,정상화 편향 (Normalcy Bias),normalcy-bias-disaster,Mind & Psychology,,,blog-oiyo,
north-node-south-node-karma,magazine,published,ko,노드(Nodes): 당신의 영혼이 가야 할 운명의 나침반,north-node-south-node-karma,Mysticism,,,blog-oiyo,
not-everyone-important,magazine,published,ko,모두에게 중요한 존재일 필요 없다: 인간관계의 무게를 덜어내는 지혜,not-everyone-important,Philosophy & Spirit,,,blog-oiyo,
nudge-theory-choice-architecture,magazine,published,ko,넛지 이론 (Nudge Theory): 더 나은 선택 설계하기,nudge-theory-choice-architecture,Mind & Psychology,,,blog-oiyo,
number-guessing,interactive,published,ko,숫자 맞추기 게임 — 1부터 100 사이의 숫자를 맞춰보세요,number-guessing,Game,,,blog-oiyo,NumberGuessingGame
numerology-complete-guide,magazine,published,ko,수비학(數秘學) 완전 가이드: 내 생년월일로 보는 운명수와 생애 주기,numerology-complete-guide,Fortune & Spirituality,,,blog-oiyo,
numerology-foundations-vibration,magazine,published,ko,수비학(Numerology) 기초: 숫자에 숨겨진 우주의 코드,numerology-foundations-vibration,Mysticism,,,blog-oiyo,
nutrition-and-mental-health,magazine,published,ko,먹는 것이 어떻게 정신 건강을 바꾸는가: 대사 건강을 위한 식단 가이드,nutrition-and-mental-health,Psychology,,,blog-oiyo,
nutrition-supplement-guide,magazine,published,ko,영양제 근거 기반 완전 가이드: 효과 있는 것 vs 과장된 것 총정리,nutrition-supplement-guide,Health,,,blog-oiyo,
odin-thor-myth-existentialism,magazine,published,ko,오딘과 토르: 유한한 세계를 살아가는 의지와 힘,odin-thor-myth-existentialism,Mythology,,,blog-oiyo,
oedipus-fate-determinism,magazine,published,ko,오이디푸스: 당신은 논리인가 운명인가?,oedipus-fate-determinism,Myth & Culture,,,blog-oiyo,
oedipus-myth-repressed-desire,magazine,published,ko,오이디푸스: 억압된 인간 욕망의 진실,oedipus-myth-repressed-desire,Mythology,,,blog-oiyo,
okuninushi-myth-idealized-object,magazine,published,ko,오오쿠니누시: 민중의 좌절된 욕망을 보충해주는 이상화 대상,okuninushi-myth-idealized-object,Mythology,,,blog-oiyo,
only-i-can-hurt-myself,magazine,published,ko,나에게 상처를 줄 수 있는 건 오직 나 자신뿐: 감정의 주도권을 되찾는 법,only-i-can-hurt-myself,Philosophy & Spirit,,,blog-oiyo,
optimism-test,interactive,published,ko,낙관주의-비관주의 테스트 — 나는 미래를 어떻게 보는가?,optimism-test,Psychology,,,blog-oiyo,OptimismTest
ordinary-cloak,magazine,published,ko,평범함의 찬란한 망토: 왜 우리는 반드시 ‘대단한 사람’이 되지 않아도 충분한가,ordinary-cloak,Lifestyle & Growth,,,blog-oiyo,
osiris-egyptian-myth-rebirth,magazine,published,ko,오시리스의 역설: 이집트 신화로 보는 죽음과 재생의 지혜,osiris-egyptian-myth-rebirth,Mythology,,,blog-oiyo,
osiris-isis-horus-myth-resurrection,magazine,published,ko,"오시리스, 이시스, 호루스: 죽음에서 부활에 이르는 길",osiris-isis-horus-myth-resurrection,Mythology,,,blog-oiyo,
overview-effect-perspective,magazine,published,ko,조망 효과: 우주에서 본 지구,overview-effect-perspective,Mind & Psychology,,,blog-oiyo,
painters-of-life,magazine,published,ko,인간은 자기 인생을 그리는 화가다: 창조적 자아의 힘,painters-of-life,Mind & Psychology,,,blog-oiyo,
palette-extractor,interactive,published,ko,이미지 색상 팔레트 추출기 — 사진에서 색상 코드 추출,palette-extractor,Image,,,blog-oiyo,PaletteExtractor
palm-reading-complete-guide,magazine,published,ko,손금 보는 법 완전 가이드: 생명선·감정선·운명선·지능선 완전 해석,palm-reading-complete-guide,Fortune & Spirituality,,,blog-oiyo,
pangu-myth-national-narcissism,magazine,published,ko,반고: 천지 사이에 우뚝 선 중국 민족의 자아도취감,pangu-myth-national-narcissism,Mythology,,,blog-oiyo,
panopticon-surveillance-society,magazine,published,ko,판옵티콘: 감옥은 당신 머릿속에 있다,panopticon-surveillance-society,Myth & Culture,,,blog-oiyo,
paradox-of-choice-freedom,magazine,published,ko,선택의 역설 (Paradox of Choice): 적을수록 좋다,paradox-of-choice-freedom,Mind & Psychology,,,blog-oiyo,
pareidolia-seeing-faces,magazine,published,ko,파레이돌리아 (Pareidolia): 구름 속의 얼굴,pareidolia-seeing-faces,Mind & Psychology,,,blog-oiyo,
parenting-psychology-guide,magazine,published,ko,자녀 양육 심리학 완전 가이드: 과학이 증명한 좋은 부모 되기,parenting-psychology-guide,Psychology,,,blog-oiyo,
parenting-style-test,interactive,published,ko,양육 방식 테스트 — 나는 어떤 부모 유형인가요?,parenting-style-test,Psychology,,,blog-oiyo,ParentingStyleTest
participle-phrases-clarity,magazine,published,ko,생동감 넘치는 문장 만들기: 현재분사와 과거분사의 실전 활용법,participle-phrases-clarity,Education & Language,,,blog-oiyo,
password-generator,interactive,published,ko,안전한 비밀번호 생성기 — 강력한 비밀번호 즉시 만들기,password-generator,Utility,,,blog-oiyo,PasswordGenerator
peak-end-rule-memory-bias,magazine,published,ko,피크엔드 법칙: 우리는 어떻게 기억하는가,peak-end-rule-memory-bias,Mind & Psychology,,,blog-oiyo,
pension-calculator,interactive,published,ko,국민연금 예상 수령액 계산기 — 내 노후 준비 점검,pension-calculator,Finance,,,blog-oiyo,PensionCalculator
pension-irp-tax-refund,interactive,published,ko,연금저축과 IRP: 13월의 월급을 만드는 가장 확실한 절세 치트키,pension-irp-tax-refund,Finance,,,blog-oiyo,
perfectionism-psychology,magazine,published,ko,완벽주의자의 딜레마 — 왜 완벽할수록 더 불행해질까?,perfectionism-psychology,Magazine,,,blog-oiyo,
perfectionism-test,interactive,published,ko,완벽주의 유형 테스트 — 나의 완벽주의는 건강한가요?,perfectionism-test,Psychology,,,blog-oiyo,PerfectionismTest
perseus-myth-mother-individuation,magazine,published,ko,페르세우스: 어머니의 영향에서 벗어나 주체가 되기 위한 조건,perseus-myth-mother-individuation,Mythology,,,blog-oiyo,
personal-boundaries-test,interactive,published,ko,개인 경계선 강도 테스트 — 나의 경계는 얼마나 건강한가?,personal-boundaries-test,Psychology,,,blog-oiyo,PersonalBoundariesTest
personal-color-autumn-warm-deep-guide,magazine,published,ko,가을 웜 딥(Autumn Warm Deep) 퍼스널컬러 완전 가이드,personal-color-autumn-warm-deep-guide,Beauty,,,blog-oiyo,
personal-color-autumn-warm-mute-guide,magazine,published,ko,가을 웜 뮤트(Autumn Warm Mute) 퍼스널컬러 완전 가이드,personal-color-autumn-warm-mute-guide,Beauty,,,blog-oiyo,
personal-color-spring-warm-light-guide,interactive,published,ko,봄 웜 라이트 퍼스널컬러 완벽 가이드: 복숭아꽃 타입의 색채 세계,personal-color-spring-warm-light-guide,Lifestyle & Growth,,,blog-oiyo,
personal-color-spring-warm-mute-guide,magazine,published,ko,봄 웜 뮤트(Spring Warm Mute) 퍼스널컬러 완전 가이드,personal-color-spring-warm-mute-guide,Beauty,,,blog-oiyo,
personal-color-spring-warm-vivid-guide,magazine,published,ko,봄 웜 비비드(Spring Warm Vivid) 퍼스널컬러 완전 가이드,personal-color-spring-warm-vivid-guide,Beauty,,,blog-oiyo,
personal-color-summer-cool-light-guide,magazine,published,ko,여름 쿨 라이트(Summer Cool Light) 퍼스널컬러 완전 가이드,personal-color-summer-cool-light-guide,Beauty,,,blog-oiyo,
personal-color-summer-cool-mute-guide,magazine,published,ko,여름 쿨 뮤트(Summer Cool Mute) 퍼스널컬러 완전 가이드,personal-color-summer-cool-mute-guide,Beauty,,,blog-oiyo,
personal-color-winter-cool-bright-guide,magazine,published,ko,겨울 쿨 브라이트(Winter Cool Bright) 퍼스널컬러 완전 가이드,personal-color-winter-cool-bright-guide,Beauty,,,blog-oiyo,
personal-color-winter-cool-deep-guide,magazine,published,ko,겨울 쿨 딥(Winter Cool Deep) 퍼스널컬러 완전 가이드,personal-color-winter-cool-deep-guide,Beauty,,,blog-oiyo,
pet-age-calculator,interactive,published,ko,반려동물 나이 계산기 — 강아지·고양이 인간 나이로 환산,pet-age-calculator,Health,,,blog-oiyo,PetAgeCalculator
pet-age-human-comparison,interactive,published,ko,"반려동물 나이 계산기: 우리 강아지, 사람으로 치면 몇 살일까?",pet-age-human-comparison,Life,,,blog-oiyo,
peter-pan-syndrome-kidult,magazine,published,ko,피터팬 증후군: 착륙을 거부하는 어른들,peter-pan-syndrome-kidult,Mind & Psychology,,,blog-oiyo,
philosophy-existentialism-freedom-responsibility,magazine,published,ko,실존주의: 당신이라는 책의 저자는 오직 당신뿐이다,philosophy-existentialism-freedom-responsibility,Philosophy,,,blog-oiyo,
physics-of-synchronicity,magazine,published,ko,동시성의 물리학: 칼 융과 양자 얽힘의 교차점,physics-of-synchronicity,Lifestyle & Growth,,,blog-oiyo,
placebo-effect-belief,magazine,published,ko,플라시보 효과: 뇌 속의 약국,placebo-effect-belief,Mind & Psychology,,,blog-oiyo,
planetary-aspects-inner-dialogue,magazine,published,ko,아스펙트(Aspects): 행성들의 내면 대화,planetary-aspects-inner-dialogue,Mysticism,,,blog-oiyo,
plato-allegory-of-the-cave-reality,magazine,published,ko,플라톤의 동굴의 비유: 당신이 보는 세상은 진짜인가?,plato-allegory-of-the-cave-reality,Philosophy & Spirit,,,blog-oiyo,
positive-psychology-wellbeing-guide,magazine,published,ko,긍정 심리학 완전 가이드: 행복의 과학과 PERMA 모델,positive-psychology-wellbeing-guide,Psychology,,,blog-oiyo,
power-of-purpose,magazine,published,ko,분명한 삶의 목적이 갖는 힘: 스트레스를 이기는 대사적 방패,power-of-purpose,Mind & Psychology,,,blog-oiyo,
power-of-vulnerability,magazine,published,ko,취약함의 힘: 브레네 브라운이 말하는 진정한 연결의 시작,power-of-vulnerability,Mind & Psychology,,,blog-oiyo,
power-of-words,magazine,published,ko,무심코 내뱉는 말이 인연을 바꾼다: 말의 무게와 관계의 연금술,power-of-words,Philosophy & Spirit,,,blog-oiyo,
power-to-choose-happiness,magazine,published,ko,누구에게나 행복을 선택할 힘이 있다: 환경을 이기는 내면의 결단,power-to-choose-happiness,Philosophy & Spirit,,,blog-oiyo,
pregnancy-calculator,interactive,published,ko,임신 주수 계산기 — 출산 예정일 및 임신 주수 계산,pregnancy-calculator,Health,,,blog-oiyo,PregnancyCalculator
pregnancy-cycle-womens-health,interactive,published,ko,주기의 과학: 내 몸의 리듬을 이해하는 여성 건강 가이드,pregnancy-cycle-womens-health,Health,,,blog-oiyo,
primal-movement-somatic-healing-body,magazine,published,ko,프라이멀 무브먼트와 소마틱 힐링: 몸의 기억을 깨우는 원초적 움직임,primal-movement-somatic-healing-body,Lifestyle & Growth,,,blog-oiyo,
primitive-spirituality-and-regicide-motif,magazine,published,ko,원시 인류의 정신성과 ‘왕 살해’ 모티프: 프로이트가 본 문명의 시작,primitive-spirituality-and-regicide-motif,Mind & Psychology,,,blog-oiyo,
printing-press-ai-revolution,magazine,published,ko,인쇄기와 AI: 정보 쓰나미,printing-press-ai-revolution,Myth & Culture,,,blog-oiyo,
procrastination-type-test,interactive,published,ko,미루기 유형 테스트 — 나는 왜 미루는가?,procrastination-type-test,Psychology,,,blog-oiyo,ProcrastinationTypeTest
productivity-system-complete,magazine,published,ko,생산성 시스템 완전 가이드: GTD·제텔카스텐·빌딩 세컨드 브레인,productivity-system-complete,Self-Improvement,,,blog-oiyo,
progression-direction-inner-clock,magazine,published,ko,프로그레션(Progression)과 디렉션: 인생의 내적 시계,progression-direction-inner-clock,Mysticism,,,blog-oiyo,
property-tax-calculator,interactive,published,ko,재산세 계산기 — 부동산 보유세 미리 계산하기,property-tax-calculator,Finance,,,blog-oiyo,PropertyTaxCalculator
property-tax-complete-guide,interactive,published,ko,재산세 완전 정복: 과세 기준·세율·납부 시기·절세 전략 총정리,property-tax-complete-guide,Tax,,,blog-oiyo,
protecting-oneself-noble-courage,magazine,published,ko,자기를 지키는 것이야말로 가장 고귀한 용기다: 건강한 경계가 만드는 자유,protecting-oneself-noble-courage,Philosophy & Spirit,,,blog-oiyo,
psychoanalytic-perspectives-on-myth,magazine,published,ko,신화를 해석하는 정신분석의 관점들: 프로이트 대 융,psychoanalytic-perspectives-on-myth,Mind & Psychology,,,blog-oiyo,
psychology-career-values-test,interactive,published,ko,직업가치관 테스트: 10가지 핵심 가치로 나에게 맞는 커리어 방향 찾기,psychology-career-values-test,Magazine,심리테스트 심층 시리즈,11,blog-oiyo,직업가치관 테스트 (20문항)
psychology-enneagram-full-test,interactive,published,ko,에니어그램 성격 유형 테스트: 9가지 유형으로 나의 본질 발견하기,psychology-enneagram-full-test,Magazine,심리테스트 심층 시리즈,9,blog-oiyo,에니어그램 성격 유형 테스트 (27문항)
psychology-love-profile-test,interactive,published,ko,통합 연애 프로파일러: 애착유형 × 사랑언어 × 갈등방식으로 나의 연애 스타일 완전 분석,psychology-love-profile-test,Magazine,심리테스트 심층 시리즈,10,blog-oiyo,통합 연애 프로파일러 (28문항)
psychology-of-flow,magazine,published,ko,몰입의 심리학: 최상의 수행 능력을 끌어내는 몰입(Flow)의 기술,psychology-of-flow,Mind & Psychology,,,blog-oiyo,
psychology-of-money,magazine,published,ko,부의 심리학: 돈과 맺는 정서적 관계가 당신의 자산을 결정한다,psychology-of-money,Mind & Psychology,,,blog-oiyo,
psychology-of-synchronicity,magazine,published,ko,동시성(Synchronicity): 우연은 우주의 윙크다,psychology-of-synchronicity,Psychology,,,blog-oiyo,
psychology-test-guide,magazine,live,ko,나에게 맞는 심리테스트 찾기 — 목적별 완전 가이드,psychology-test-guide,Psychology,,0,blog-oiyo,
psychology-wordle-game,interactive,published,ko,워들(Wordle)로 배우는 심리학: 내 마음을 설명하는 단어들,psychology-wordle-game,Education,,,blog-oiyo,PsychologyWordle
ptg-awakening-safety-protection,magazine,published,ko,PTG 8장. 각성의 단계: 안전과 보호라는 단단한 울타리,ptg-awakening-safety-protection,Mind & Psychology,,,blog-oiyo,
ptg-awareness-total-acceptance,magazine,published,ko,PTG 7장. 인식의 단계: 전적인 수용의 힘,ptg-awareness-total-acceptance,Mind & Psychology,,,blog-oiyo,
ptg-being-integration,magazine,published,ko,PTG 10장. 존재의 단계: 찢긴 상처를 삶으로 껴안는 ''통합,ptg-being-integration,Mind & Psychology,,,blog-oiyo,
ptg-daily-trauma,magazine,published,ko,작지만 치명적인 일상의 트라우마: 스몰 t를 돌보는 법,ptg-daily-trauma,Mind & Psychology,,,blog-oiyo,
ptg-formation-new-story,magazine,published,ko,PTG 9장. 형성의 단계: 내 삶을 다시 쓰는 ''새로운 이야기,ptg-formation-new-story,Mind & Psychology,,,blog-oiyo,
ptg-staying-at-the-heights,magazine,published,ko,PTG 12장. 높은 곳에 머무르기: 성장을 삶의 양식으로 완성하기,ptg-staying-at-the-heights,Mind & Psychology,,,blog-oiyo,
ptg-system,magazine,published,ko,트라우마는 어떻게 성장이 되는가: PTG의 심리적 메커니즘,ptg-system,Mind & Psychology,,,blog-oiyo,
ptg-transformation-wisdom-growth,magazine,published,ko,PTG 11장. 전환의 단계: 고통을 거름 삼아 피어난 ''지혜와 성장,ptg-transformation-wisdom-growth,Mind & Psychology,,,blog-oiyo,
purpose-and-mental-health,magazine,published,ko,분명한 삶의 목적이 갖는 힘: 스트레스를 넘어 뇌 에너지를 깨우는 법,purpose-and-mental-health,Psychology,,,blog-oiyo,
purpose-driven-relationships,magazine,published,ko,인생의 목적이 분명한 자는 자기를 채워줄 사람을 만난다: 목적이 끌어당기는 진정한 동료,purpose-driven-relationships,Philosophy & Spirit,,,blog-oiyo,
pygmalion-effect-expectation,magazine,published,ko,피그말리온 효과: 기대가 현실을 창조한다,pygmalion-effect-expectation,Mind & Psychology,,,blog-oiyo,
pygmalion-effect-self-fulfilling-prophecy,magazine,published,ko,피그말리온 효과: 당신의 기대가 현실을 만든다,pygmalion-effect-self-fulfilling-prophecy,Mind & Psychology,,,blog-oiyo,
quantifiers-all-some,magazine,published,ko,모든과 어떤: 양상 논리와 수량자가 만드는 진실의 지도,quantifiers-all-some,Logic & Philosophy,,,blog-oiyo,
quantum-biology-hormones,magazine,published,ko,호르몬의 양자 생물학: 화학 물질 너머의 진동,quantum-biology-hormones,Lifestyle & Growth,,,blog-oiyo,
quantum-entanglement-einstein-bohr-debate,magazine,published,ko,양자 얽힘: 아인슈타인도 믿지 못한 ''유령 같은 상호작용,quantum-entanglement-einstein-bohr-debate,Philosophy & Spirit,,,blog-oiyo,
quantum-entanglement-synchronicity,magazine,published,ko,양자 얽힘과 공시성: 물리적 세계와 의미의 연결,quantum-entanglement-synchronicity,Philosophy & Spirit,,,blog-oiyo,
quantum-mechanics-observer,magazine,published,ko,관찰자 효과: 아무도 보지 않으면 달은 없는 것인가?,quantum-mechanics-observer,Lifestyle & Growth,,,blog-oiyo,
quantum-zeno-effect-observation-reality,magazine,published,ko,양자 제논 효과: 관찰이 어떻게 현실을 붙잡는가,quantum-zeno-effect-observation-reality,Philosophy & Spirit,,,blog-oiyo,
questioning-activities,magazine,published,ko,질문하기 활동: 질문이 바뀌면 생각이 바뀐다,questioning-activities,Lifestyle & Growth,,,blog-oiyo,
radical-acceptance-tara-brach,magazine,published,ko,근본적 수용: 내면의 자유를 위한 열쇠,radical-acceptance-tara-brach,Mind & Psychology,,,blog-oiyo,
railway-accident-reporting,academy,published,ko,코레일 시험 대비 철도법령(10): 철도 사고 조사와 안전 보고 의무,railway-accident-reporting,Law & Exam,,,blog-oiyo,
railway-driver-licenses,academy,published,ko,코레일 시험 대비 철도법령(4): 철도차량 운전면허의 종류와 취득 및 교육훈련,railway-driver-licenses,Law & Exam,,,blog-oiyo,
railway-framework-act,academy,published,ko,코레일 시험 대비 철도법령(7): 철도산업발전기본법 - 한국 철도의 거버넌스와 미래,railway-framework-act,Law & Exam,,,blog-oiyo,
railway-operation-composition,academy,published,ko,코레일 시험 대비 철도법령(5): 철도차량 운전규칙 - 열차의 조성과 운전 원칙,railway-operation-composition,Law & Exam,,,blog-oiyo,
railway-safety-act-basics,academy,published,ko,"코레일 시험 대비 철도법령(1): 철도안전법의 목적, 정의 및 국가의 책무",railway-safety-act-basics,Law & Exam,,,blog-oiyo,
railway-safety-system,academy,published,ko,코레일 시험 대비 철도법령(2): 철도안전 관리체계와 승인 및 검사 절차,railway-safety-system,Law & Exam,,,blog-oiyo,
railway-service-act,academy,published,ko,코레일 시험 대비 철도법령(9): 철도사업법 - 운송 사업의 면허와 운임 결정 체계,railway-service-act,Law & Exam,,,blog-oiyo,
railway-signals-signs,academy,published,ko,"코레일 시험 대비 철도법령(6): 철도 신호, 전호, 표지의 모든 것",railway-signals-signs,Law & Exam,,,blog-oiyo,
railway-staff-exams,academy,published,ko,"코레일 시험 대비 철도법령(3): 철도종사자의 기본 자격, 신체검사와 적성검사",railway-staff-exams,Law & Exam,,,blog-oiyo,
re-evaluating-treatments,magazine,published,ko,뇌 에너지 이론으로 재해석하는 기존 치료법: 전기 충격에서 수술까지,re-evaluating-treatments,Mind & Psychology,,,blog-oiyo,
reactance-psychology-freedom,magazine,published,ko,심리적 반발 (Reactance),reactance-psychology-freedom,Psychology,,,blog-oiyo,
real-estate-brokerage-fee-guide,interactive,published,ko,부동산 중개수수료 완전 가이드 — 2024년 상한 요율과 계산법,real-estate-brokerage-fee-guide,Finance,,,blog-oiyo,BrokerageCalculator
reciprocity-norm-social,magazine,published,ko,상호성의 법칙: 선물의 빚,reciprocity-norm-social,Mind & Psychology,,,blog-oiyo,
relationship-boundaries-guide,magazine,published,ko,건강한 경계선 완전 가이드: NO라고 말하는 심리학,relationship-boundaries-guide,Psychology,,,blog-oiyo,
relationship-communication-guide,magazine,published,ko,연애 소통 완전 가이드: 갈등 없이 깊어지는 대화법,relationship-communication-guide,Psychology,,,blog-oiyo,
relationship-shadow-projection,magazine,published,ko,거울 효과: 그림자 투영과 통합,relationship-shadow-projection,Philosophy & Spirit,,,blog-oiyo,
relationships-as-energy,magazine,published,ko,인간관계는 자신이 뿜어낸 에너지의 결과물이다: 내면의 주파수가 만드는 인연,relationships-as-energy,Philosophy & Spirit,,,blog-oiyo,
renaissance-humanism-center,magazine,published,ko,르네상스 인본주의: 인간이 척도다,renaissance-humanism-center,Myth & Culture,,,blog-oiyo,
rent-comparison-calculator,interactive,published,ko,전세 vs 월세 비교 계산기 — 어떤 선택이 유리할까?,rent-comparison-calculator,Finance,,,blog-oiyo,RentComparisonCalculator
rent-vs-buy-comparison-calculator,interactive,published,ko,"전월세 비교 계산기 — 월세 vs 전세, 어느 쪽이 유리한가",rent-vs-buy-comparison-calculator,Finance,,,blog-oiyo,RentComparisonCalculator
rental-yield-calculator,interactive,published,ko,임대 수익률 계산기 — 부동산 투자 수익성 분석,rental-yield-calculator,Finance,,,blog-oiyo,RentalYieldCalculator
rental-yield-investment-guide,interactive,published,ko,"부동산 임대수익률 완전 분석 — 순수익률, 레버리지, 공실 리스크까지",rental-yield-investment-guide,Finance,,,blog-oiyo,RentalYieldCalculator
rental-yield-leverage-strategy,academy,published,ko,부동산 임대수익률 분석: 월급 외 파이프라인을 구축하는 숫자 공부,rental-yield-leverage-strategy,Finance,,,blog-oiyo,
resilience-science,magazine,published,ko,회복탄력성 — 왜 어떤 사람은 같은 역경에서 더 강해질까?,resilience-science,Magazine,,,blog-oiyo,
resilience-test,interactive,published,ko,회복탄력성 자가 진단 — 나는 역경에서 얼마나 잘 회복하나요?,resilience-test,Psychology,,,blog-oiyo,ResilienceTest
reversi,interactive,published,ko,리버시 (오델로) — 상대 돌을 뒤집어라,reversi,Game,,,blog-oiyo,Reversi
reversi-reversal-strategy,interactive,published,ko,오델로(리버시)에서 배우는 반전의 미학: 위기를 기회로 바꾸는 점유의 전략,reversi-reversal-strategy,Strategy,,,blog-oiyo,Reversi
riasec-career-complete-guide,magazine,published,ko,RIASEC 직업 적성 완전 가이드: 6가지 유형 분석·직업 매핑·홀랜드 이론 총정리,riasec-career-complete-guide,Psychology,,,blog-oiyo,
riasec-career-test,interactive,published,ko,RIASEC 직업 흥미 유형 검사 — 내게 맞는 직업 찾기,riasec-career-test,Psychology,,,blog-oiyo,RiasecCareerTest
ringelmann-effect-social-loafing,magazine,published,ko,링겔만 효과 (The Ringelmann Effect),ringelmann-effect-social-loafing,Mind & Psychology,,,blog-oiyo,
risk-tolerance-test,interactive,published,ko,위험 선호도 테스트 — 나는 안정형인가 모험형인가?,risk-tolerance-test,Psychology,,,blog-oiyo,RiskToleranceTest
roi-calculator,interactive,published,ko,ROI 계산기 — 투자 수익률 간편 계산,roi-calculator,Finance,,,blog-oiyo,RoiCalculator
roi-efficiency-investment-analysis,interactive,published,ko,"ROI 수익률 분석: 똑똑한 투자자가 가장 먼저 묻는 질문 ""이거 남는 장사인가요?",roi-efficiency-investment-analysis,Business,,,blog-oiyo,
role-of-mitochondria,magazine,published,ko,미토콘드리아는 정확히 어떤 일을 하는가?: 에너지 생산 그 이상의 역할,role-of-mitochondria,Mind & Psychology,,,blog-oiyo,
saju-2026-annual-fortune,magazine,published,ko,2026년 병오년 사주 운세 가이드: 십간별 세운 분석,saju-2026-annual-fortune,Fortune & Spirituality,,,blog-oiyo,
saju-basics-what-is-four-pillars,magazine,published,ko,시간의 건축학: 사주팔자(四柱八字)라는 바코드 해독하기,saju-basics-what-is-four-pillars,Mysticism,,,blog-oiyo,
saju-career-by-daymaster,magazine,published,ko,일간(日干)으로 보는 사주 직업 적성: 10천간별 최적 커리어 완전 가이드,saju-career-by-daymaster,Fortune & Spirituality,,,blog-oiyo,
saju-career-calling,magazine,published,ko,사주와 진로(Career): 밥그릇(Job)인가 소명(Calling)인가?,saju-career-calling,Mysticism,,,blog-oiyo,
saju-daewoon-seyun-guide,magazine,published,ko,사주 대운·세운·월운 완전 가이드: 내 인생의 시간표 읽는 법,saju-daewoon-seyun-guide,Fortune & Spirituality,,,blog-oiyo,
saju-daymaster-ten-types,magazine,published,ko,사주 일간(日干) 완전 분석: 10천간으로 보는 나의 본질과 성격,saju-daymaster-ten-types,Fortune & Spirituality,,,blog-oiyo,
saju-five-elements-harmony-energy,magazine,published,ko,사주와 오행: 내 안의 다섯 가지 원소(Five Elements) 읽기,saju-five-elements-harmony-energy,Mysticism,,,blog-oiyo,
saju-health-five-elements,magazine,published,ko,사주 오행(五行)으로 보는 건강 분석: 내 몸의 약한 부위와 건강 관리법,saju-health-five-elements,Fortune & Spirituality,,,blog-oiyo,
saju-health-guide-complete,magazine,published,ko,사주로 보는 건강 완전 가이드: 오행과 신체 기관의 연결,saju-health-guide-complete,Fortune & Spirituality,,,blog-oiyo,
saju-ilju-sixty-cycles,magazine,published,ko,사주 일주(日柱) 60갑자 완전 가이드: 내 일주의 에너지와 특성,saju-ilju-sixty-cycles,Fortune & Spirituality,,,blog-oiyo,
saju-love-pattern-analysis,magazine,published,ko,사주로 보는 연애 유형: 정재·편재·정관·편관으로 읽는 나의 사랑 패턴,saju-love-pattern-analysis,Fortune & Spirituality,,,blog-oiyo,
saju-ten-gods-archetypes-of-desire,magazine,published,ko,십신(十神) 심리학: 인간 욕망의 10가지 얼굴,saju-ten-gods-archetypes-of-desire,Mysticism,,,blog-oiyo,
saju-ten-gods-psychology,magazine,published,ko,사주 십성(十星) 심리학: 인간 욕망의 10가지 얼굴,saju-ten-gods-psychology,Psychology,,,blog-oiyo,
saju-twelve-deities-guide,magazine,published,ko,사주 12신살(十二神殺) 완전 가이드: 숨겨진 에너지 코드 해석,saju-twelve-deities-guide,Fortune & Spirituality,,,blog-oiyo,
salary-calculator,interactive,published,ko,연봉 실수령액 계산기 — 세전/세후 급여 차이 완벽 정리,salary-calculator,Finance,,,blog-oiyo,SalaryCalculator
salary-calculator-complete-guide,interactive,published,ko,연봉 실수령액 완전 가이드: 4대보험·소득세 공제 총정리,salary-calculator-complete-guide,Tax,,,blog-oiyo,
samjae-three-disasters-myth,magazine,published,ko,삼재(Sam-jae): 9년마다 찾아오는 공포의 진실,samjae-three-disasters-myth,Mysticism,,,blog-oiyo,
satisfaction-octagon,magazine,published,ko,충만한 삶을 위한 옥타곤: 인생 만족도를 결정하는 8가지 기둥,satisfaction-octagon,Philosophy & Spirit,,,blog-oiyo,
saturn-cycle-life-exams,magazine,published,ko,토성 주기(Saturn Cycle): 인생의 중간고사와 기말고사,saturn-cycle-life-exams,Mysticism,,,blog-oiyo,
saturn-return-cosmic-rite-of-passage,magazine,published,ko,사턴 리턴(Saturn Return): 진짜 어른이 되기 위한 우주적 통과의례,saturn-return-cosmic-rite-of-passage,Mysticism,,,blog-oiyo,
saturn-return-meaning,magazine,published,ko,토성 회귀(Saturn Return): 우주가 보내는 성인식,saturn-return-meaning,Mysticism,,,blog-oiyo,
savanna-principle-evolution,magazine,published,ko,사바나 원칙 (Savanna Principle): 현대 세계의 고대 뇌,savanna-principle-evolution,Mind & Psychology,,,blog-oiyo,
savings-strategy-complete-guide,interactive,published,ko,저축 전략 완전 가이드: 목표별 저축법·금융상품 비교·세금 혜택 총정리,savings-strategy-complete-guide,Finance,,,blog-oiyo,
science-ai-soul-singularity,magazine,published,ko,AI와 영혼: 기계는 깨달음을 얻을 수 있는가?,science-ai-soul-singularity,Lifestyle & Growth,,,blog-oiyo,
science-future-aquarius,magazine,published,ko,물병자리 시대(Age of Aquarius): 믿음(Believe)에서 앎(Know)으로,science-future-aquarius,Lifestyle & Growth,,,blog-oiyo,
science-holographic-universe,magazine,published,ko,홀로그램 우주(Holographic Universe)와 인드라망,science-holographic-universe,Lifestyle & Growth,,,blog-oiyo,
science-quantum-observer,magazine,published,ko,양자역학(Quantum Physics)과 관찰자 효과: 우리가 현실을 창조하는가?,science-quantum-observer,Lifestyle & Growth,,,blog-oiyo,
science-spiral-dynamics-evolution,magazine,published,ko,나선형 역동(Spiral Dynamics): 인류 의식의 진화 지도,science-spiral-dynamics-evolution,Lifestyle & Growth,,,blog-oiyo,
science-synchronicity-jung-pauli,magazine,published,ko,동시성(Synchronicity): 융과 파울리의 만남,science-synchronicity-jung-pauli,Lifestyle & Growth,,,blog-oiyo,
sciences-biology-epigenetics-karma,magazine,published,ko,후성유전학(Epigenetics)과 카르마: 유전자는 운명이 아니다,sciences-biology-epigenetics-karma,Lifestyle & Growth,,,blog-oiyo,
sciences-biology-nde-afterlife,magazine,published,ko,임사체험(NDE): 뇌과학이 본 사후세계,sciences-biology-nde-afterlife,Lifestyle & Growth,,,blog-oiyo,
sciences-biology-pineal-third-eye,magazine,published,ko,송과체(Pineal Gland)와 제3의 눈: 신의 자리,sciences-biology-pineal-third-eye,Lifestyle & Growth,,,blog-oiyo,
self-compassion-test,interactive,published,ko,자기연민 테스트 — 나는 나에게 얼마나 친절한가?,self-compassion-test,Psychology,,,blog-oiyo,SelfCompassionTest
self-esteem-recovery-guide,magazine,published,ko,자존감 회복의 과학: 낮은 자존감 원인·측정·향상 전략 완전 가이드,self-esteem-recovery-guide,Psychology,,,blog-oiyo,
self-esteem-test,interactive,published,ko,자존감 체크 테스트 — 나는 나 자신을 얼마나 사랑하나요?,self-esteem-test,Psychology,,,blog-oiyo,SelfEsteemTest
self-serving-bias-success-failure,magazine,published,ko,"이기적 편향 (Self-Serving Bias): 성공은 내 탓, 실패는 네 탓",self-serving-bias-success-failure,Mind & Psychology,,,blog-oiyo,
semun-yearly-luck-strategy,magazine,published,ko,세운(Yearly Luck): 올해의 파도를 타는 법,semun-yearly-luck-strategy,Mysticism,,,blog-oiyo,
sensory-processing-test,interactive,published,ko,감각 예민도 테스트 (HSP) — 나는 고감각인인가?,sensory-processing-test,Psychology,,,blog-oiyo,SensoryProcessingTest
seven-chakras-energy-centers-alignment,magazine,published,ko,차크라 입문: 당신 내면의 7가지 에너지 소용돌이,seven-chakras-energy-centers-alignment,Philosophy & Spirit,,,blog-oiyo,
seven-deadly-sins-capitalism,magazine,published,ko,7대 죄악: 현대적 재해석,seven-deadly-sins-capitalism,Philosophy & Spirit,,,blog-oiyo,
severance-calculator,interactive,published,ko,퇴직금 계산기 — 예상 퇴직금 미리 계산하기,severance-calculator,Finance,,,blog-oiyo,SeveranceCalculator
severance-pay-employment-exit,interactive,published,ko,퇴직금의 모든 것: 새로운 시작을 위한 가장 든든한 종잣돈 관리법,severance-pay-employment-exit,Finance,,,blog-oiyo,
severance-pay-guide,interactive,published,ko,퇴직금 완전 정복: 계산법·세금·IRP·법령 총정리,severance-pay-guide,Tax,,,blog-oiyo,
shadow-of-comparison,magazine,published,ko,비교의 그늘 아래 가려진 자기 가치 회복하기: 아들러의 지혜,shadow-of-comparison,Mind & Psychology,,,blog-oiyo,
shadow-work-jungian-integration,magazine,published,ko,그림자 작업(Shadow Work): 당신이 거부한 내면의 보물 찾기,shadow-work-jungian-integration,Mind & Psychology,,,blog-oiyo,
shadow-work-relationships-mirror,magazine,published,ko,그림자 투사: 관계의 갈등을 성장의 기회로 만드는 법,shadow-work-relationships-mirror,Mind & Psychology,,,blog-oiyo,
shun-myth-true-self-transformation,magazine,published,ko,순: 거짓자기가 참자기로 바뀌기 위한 조건,shun-myth-true-self-transformation,Mythology,,,blog-oiyo,
simulation-theory-matrix,magazine,published,ko,시뮬레이션 이론: 현실은 비디오 게임인가?,simulation-theory-matrix,Lifestyle & Growth,,,blog-oiyo,
sinsal-modern-interpretation,magazine,published,ko,"신살론(神殺論)의 현대적 재해석: 미신인가, 심리 패턴인가?",sinsal-modern-interpretation,Mysticism,,,blog-oiyo,
sinsal-myth-or-statistics,magazine,published,ko,"신살(神殺)의 현대적 재해석: 미신인가, 통계학인가?",sinsal-myth-or-statistics,Mythology,,,blog-oiyo,
sisyphus-burnout,magazine,published,ko,시지프스와 행복한 번아웃의 기술,sisyphus-burnout,Myth & Culture,,,blog-oiyo,
sleep-architecture-deep-rest,magazine,published,ko,"수면의 건축학: 꿈, 리셋, 그리고 뇌 청소",sleep-architecture-deep-rest,Lifestyle & Growth,,,blog-oiyo,
sleep-calculator,interactive,published,ko,수면 계산기 — 최적 기상 시간·취침 시간 계산하기,sleep-calculator,Health,,,blog-oiyo,SleepCalculator
sleep-chronotype-test,interactive,published,ko,"수면 크로노타입 테스트 — 나는 사자형, 곰형, 늑대형, 돌고래형?",sleep-chronotype-test,Psychology,,,blog-oiyo,SleepChronotypeTest
sleep-circadian-rhythm-energy,magazine,published,ko,"수면, 일주기 리듬, 그리고 뇌 에너지: 뇌를 청소하고 충전하는 시간",sleep-circadian-rhythm-energy,Mind & Psychology,,,blog-oiyo,
sleep-science-optimization-guide,magazine,published,ko,수면 과학 완전 가이드: 최고의 수면을 위한 검증된 방법들,sleep-science-optimization-guide,Self-Improvement,,,blog-oiyo,
snake-game,interactive,published,ko,스네이크 게임 — 클래식 뱀 게임,snake-game,Game,,,blog-oiyo,SnakeGame
social-anxiety-overcome-guide,magazine,published,ko,사회불안 극복 완전 가이드: 수줍음을 넘어서는 심리학,social-anxiety-overcome-guide,Psychology,,,blog-oiyo,
social-anxiety-test,interactive,published,ko,사회불안 자가 진단 — 나의 사회적 불안 수준은?,social-anxiety-test,Psychology,,,blog-oiyo,SocialAnxietyTest
social-contract-rousseau-freedom,magazine,published,ko,사회계약론: 우리는 왜 복종하는가,social-contract-rousseau-freedom,Myth & Culture,,,blog-oiyo,
social-media-personality-test,interactive,published,ko,소셜 미디어 성격 테스트 — 나는 어떤 SNS 유형?,social-media-personality-test,Psychology,,,blog-oiyo,SocialMediaPersonalityTest
social-prescribing-loneliness,magazine,published,ko,사회적 처방: 외로움을 치료하는 현대 의학의 새로운 패러다임,social-prescribing-loneliness,Psychology & Society,,,blog-oiyo,
social-proof-consensus,magazine,published,ko,사회적 증거: 모두가 그렇게 하니까,social-proof-consensus,Mind & Psychology,,,blog-oiyo,
social-proof-influence,magazine,published,ko,사회적 증거 (Social Proof),social-proof-influence,Mind & Psychology,,,blog-oiyo,
solitaire,interactive,published,ko,솔리테어 — 클래식 카드 게임,solitaire,Game,,,blog-oiyo,Solitaire
solitaire-order-focus,interactive,published,ko,솔리테어(Solitaire)와 정돈의 미학: 무질서 속에서 질서를 찾는 인내의 기술,solitaire-order-focus,Education,,,blog-oiyo,Solitaire
son-eomneun-nal-handless-day,magazine,published,ko,손 없는 날(Handless Day)에 대한 고찰: 미신과 의례 사이,son-eomneun-nal-handless-day,Myth & Culture,,,blog-oiyo,
spending-habits-test,interactive,published,ko,소비 습관 테스트 — 나는 어떤 소비 유형?,spending-habits-test,Psychology,,,blog-oiyo,SpendingHabitsTest
spotlight-effect-social-anxiety,magazine,published,ko,조명 효과: 아무도 당신을 보고 있지 않다,spotlight-effect-social-anxiety,Mind & Psychology,,,blog-oiyo,
steering-wheel-of-life,magazine,published,ko,인생의 방향키를 남에게 주지 마라: 주체적인 삶을 향한 마지막 결단,steering-wheel-of-life,Philosophy & Spirit,,,blog-oiyo,
stock-average-calculator,interactive,published,ko,주식 평균단가 계산기 — 물타기·불타기 단가 계산,stock-average-calculator,Finance,,,blog-oiyo,StockAverageCalculator
stock-average-down-calculator,interactive,published,ko,주식 평균단가 계산기 — 물타기 전략과 평균단가 낮추기,stock-average-down-calculator,Finance,,,blog-oiyo,StockAverageCalculator
stock-averaging-strategy,interactive,published,ko,주식 물타기 전략 완전 가이드 — 평단가 계산과 리스크 관리,stock-averaging-strategy,Finance,,,blog-oiyo,StockAverageCalculator
stock-investment-personality-test,academy,published,ko,"주식 투자 성향 테스트: 나는 공격형 투자자일까, 방어형 저축가일까?",stock-investment-personality-test,Finance,,,blog-oiyo,
stock-yield-guide,interactive,published,ko,주식 수익률 완전 정복: 매매차익·배당·세금·수수료 총정리,stock-yield-guide,Finance,,,blog-oiyo,
stoic-philosophy-anger,magazine,published,ko,스토아 철학과 분노: 세네카가 말하는 감정의 주인이 되는 법,stoic-philosophy-anger,Philosophy & Spirit,,,blog-oiyo,
stoic-resilience,magazine,published,ko,마르쿠스 아우렐리우스와 회복탄력성: 흔들리는 세상에서 나를 지키는 법,stoic-resilience,Philosophy,,,blog-oiyo,
stoicism-digital-age,magazine,published,ko,스토아철학: 디지털 소음 속에서 평온을 찾는 법,stoicism-digital-age,Philosophy,,,blog-oiyo,
stoicism-memento-mori-life-wisdom,magazine,published,ko,스토아 철학: 죽음을 기억하고(Memento Mori) 운명을 사랑하라(Amor Fati),stoicism-memento-mori-life-wisdom,Philosophy,,,blog-oiyo,
stoicism-modern-life-guide,magazine,published,ko,스토아 철학 완전 가이드: 마르쿠스 아우렐리우스의 현대적 지혜,stoicism-modern-life-guide,Philosophy,,,blog-oiyo,
stoicism-stress-system,magazine,published,ko,스토아학파: 혼돈을 위한 운영체제,stoicism-stress-system,Philosophy,,,blog-oiyo,
streetlight-effect-search-bias,magazine,published,ko,가로등효과: 쉬운 곳만 찾기,streetlight-effect-search-bias,Mind & Psychology,,,blog-oiyo,
stress-response-test,interactive,published,ko,스트레스 반응 유형 — 나는 싸우나 도망치나 얼어붙나 순응하나?,stress-response-test,Psychology,,,blog-oiyo,StressResponseTest
stress-type-management-guide,magazine,published,ko,스트레스 유형별 관리 전략: 나에게 맞는 해소법 완전 가이드,stress-type-management-guide,Psychology,,,blog-oiyo,
stress-type-test,interactive,published,ko,스트레스 유형 테스트 — 나는 어떻게 스트레스를 받나?,stress-type-test,Psychology,,,blog-oiyo,StressTypeTest
string-theory-multiverse-cosmology,magazine,published,ko,초끈 이론과 평행 우주: 존재의 가장 작은 실과 거대한 다중 우주,string-theory-multiverse-cosmology,Philosophy & Spirit,,,blog-oiyo,
stroop-effect-cognitive-interference,magazine,published,ko,스트룹 효과 (Stroop Effect): 단어의 색깔,stroop-effect-cognitive-interference,Mind & Psychology,,,blog-oiyo,
sudoku,interactive,published,ko,스도쿠 — 두뇌 트레이닝 수학 퍼즐,sudoku,Game,,,blog-oiyo,Sudoku
sudoku-deduction-logic,interactive,published,ko,스도쿠와 중복의 배제: 단 하나의 해답을 향한 논리적 추격,sudoku-deduction-logic,Education,,,blog-oiyo,Sudoku
sufism-rumi-love,magazine,published,ko,수피즘: 급진적 사랑의 길,sufism-rumi-love,Philosophy & Spirit,,,blog-oiyo,
sunk-cost-fallacy-investment,magazine,published,ko,매몰 비용 오류: 그만둘 때를 아는 지혜,sunk-cost-fallacy-investment,Mind & Psychology,,,blog-oiyo,
survivorship-bias-failure,magazine,published,ko,생존자 편향: 사라진 총알 구멍,survivorship-bias-failure,Mind & Psychology,,,blog-oiyo,
susanoo-myth-destructive-sublimation,magazine,published,ko,스사노오: 반사회적 성격이 창조적 에너지로 바뀌는 과정,susanoo-myth-destructive-sublimation,Mythology,,,blog-oiyo,
svg-studio,interactive,published,ko,SVG 스튜디오 — SVG 편집·뷰어,svg-studio,Image,,,blog-oiyo,SvgStudio
svg-studio-vector-design-tool,interactive,published,ko,SVG 스튜디오 — 브라우저에서 만드는 벡터 그래픽,svg-studio-vector-design-tool,Technology,,,blog-oiyo,SvgStudio
svg-vector-future-drawing,magazine,published,ko,벡터의 무한 확장성: SVG와 디지털 드로잉의 미래,svg-vector-future-drawing,Design,,,blog-oiyo,
symbolic-logic-operators,magazine,published,ko,기호 논리학의 기전: 화살표(→)와 연산자가 그리는 사고의 회로,symbolic-logic-operators,Logic & Philosophy,,,blog-oiyo,
sympathetic-parasympathetic-nervous-system,magazine,published,ko,교감신경과 부교감신경 완전 정복: 당신의 몸이 스트레스에 반응하는 방식,sympathetic-parasympathetic-nervous-system,Health,,,blog-oiyo,
synastry-soul-contracts,magazine,published,ko,시나스트리와 영혼 계약: 우주의 약속,synastry-soul-contracts,Philosophy & Spirit,,,blog-oiyo,
synchronicity-universe-speaks,magazine,published,ko,동시성(Synchronicity): 우주가 보내는 윙크,synchronicity-universe-speaks,Mind & Psychology,,,blog-oiyo,
taoism-wu-wei-flow,magazine,published,ko,무위(Wu Wei): 애쓰지 않는 행동의 기술,taoism-wu-wei-flow,Philosophy & Spirit,,,blog-oiyo,
taoism-wu-wei-non-action-flow,magazine,published,ko,무위(無爲): 애쓰지 않음으로써 이루는 법,taoism-wu-wei-non-action-flow,Philosophy & Spirit,,,blog-oiyo,
tarot-beginners-complete-guide,magazine,published,ko,타로 카드 입문 완전 가이드: 78장의 의미와 기본 스프레드,tarot-beginners-complete-guide,Fortune & Spirituality,,,blog-oiyo,
tarot-fools-journey-archetype,magazine,published,ko,타로 바보의 여정(The Fool''s Journey): 성장을 위한 원형적 서사,tarot-fools-journey-archetype,Mysticism,,,blog-oiyo,
tarot-fools-journey-cycles-life,magazine,published,ko,바보의 여정: 타로 메이저 아르카나로 보는 인생의 22단계,tarot-fools-journey-cycles-life,Mysticism,,,blog-oiyo,
tarot-fools-journey-hero-path,magazine,published,ko,바보의 여정(The Fool''s Journey): 메이저 아르카나 22장의 비밀,tarot-fools-journey-hero-path,Mysticism,,,blog-oiyo,
tarot-fools-journey-individuation,magazine,published,ko,광대의 여정: 타로 메이저 아르카나로 보는 인격의 진화,tarot-fools-journey-individuation,Mysticism,,,blog-oiyo,
tarot-heros-journey-campbell,magazine,published,ko,영웅의 여정(Hero's Journey)과 메이저 아르카나,tarot-heros-journey-campbell,Mysticism,,,blog-oiyo,
tarot-kabbalah-tree-of-life,magazine,published,ko,카발라(Kabbalah) 생명나무와 타로: 22개의 비밀 경로,tarot-kabbalah-tree-of-life,Mysticism,,,blog-oiyo,
tarot-numerology-secret-code,magazine,published,ko,타로 수비학(Numerology): 숫자의 비밀 언어,tarot-numerology-secret-code,Mysticism,,,blog-oiyo,
tarot-reading-self-mindfulness,magazine,published,ko,나를 위한 타로: 점이 아니라 거울로 활용하기,tarot-reading-self-mindfulness,Mysticism,,,blog-oiyo,
tarot-structure-major-minor-arcana,magazine,published,ko,타로의 구조: 큰 변화(Major)와 일상의 지혜(Minor),tarot-structure-major-minor-arcana,Mysticism,,,blog-oiyo,
tax-common-01-transfer-gift,academy,published,ko,"[생활세금 상식] 1편: 양도소득세, 상속세, 증여세 및 이월과세 핵심 정리",tax-common-01-transfer-gift,Finance,,,blog-oiyo,
tax-common-02-property-income,academy,published,ko,"[생활세금 상식] 2편: 보유세(재산세, 종부세)와 소득세, 법인세, 부가가치세 핵심 개념",tax-common-02-property-income,Finance,,,blog-oiyo,
techno-animism-robots,magazine,published,ko,테크노-애니미즘: 안드로이드는 영혼을 가지는가?,techno-animism-robots,Myth & Culture,,,blog-oiyo,
tents-and-trees,interactive,published,ko,텐트와 나무 — 텐트 배치 논리 퍼즐,tents-and-trees,Game,,,blog-oiyo,TentsAndTrees
tents-trees-logical-deployment,interactive,published,ko,텐트와 나무: 정해진 규칙 속에서 찾아내는 최적의 장소,tents-trees-logical-deployment,Education,,,blog-oiyo,TentsAndTrees
testing-activities,magazine,published,ko,테스트하기 활동: 시험이 아니라 놀이처럼 즐겨라,testing-activities,Lifestyle & Growth,,,blog-oiyo,
the-logic-of-saju-structural-analysis,magazine,published,ko,사주명리학: 운명의 구조적 이해와 논리적 접근,the-logic-of-saju-structural-analysis,Mysticism,,,blog-oiyo,
theseus-myth-labyrinth-catastrophe,magazine,published,ko,테세우스: 미궁 탈출과 반복되는 파국의 정체,theseus-myth-labyrinth-catastrophe,Mythology,,,blog-oiyo,
time-zone-productivity-guide,magazine,published,ko,시간대와 글로벌 생산성: 세계 시계 활용 완전 가이드,time-zone-productivity-guide,Lifestyle,,,blog-oiyo,
tipping-culture-world-guide,magazine,published,ko,세계의 팁 문화 완전 가이드: 국가별 에티켓·금액·계산법 총정리,tipping-culture-world-guide,Lifestyle,,,blog-oiyo,
together-flower,magazine,published,ko,홀로 핀 꽃은 숲을 이루지 못한다: 왜 ‘함께’라는 가치가 우리 영혼의 마지막 보루인가,together-flower,Lifestyle & Growth,,,blog-oiyo,
tojeong-bigyeol-korean-almanac,magazine,published,ko,토정비결(Tojeong-bigyeol): 백성을 위한 삶의 지침서,tojeong-bigyeol-korean-almanac,Mysticism,,,blog-oiyo,
tool-anniversary-calculator,interactive,published,ko,기념일 계산기: 100일·1000일·주년 날짜 자동 계산,tool-anniversary-calculator,Life,날짜 도구 모음,1,blog-oiyo,AnniversaryCalculator
tool-annual-leave-calculator,interactive,published,ko,연차 계산기: 입사일 기준 연차 발생·사용·잔여 일수 자동 계산,tool-annual-leave-calculator,Life,일상 도구 모음,3,blog-oiyo,AnnualLeaveCalculator
tool-apt-subscription-score,interactive,published,ko,청약 가점 계산기: 무주택 기간·부양가족·청약통장 가입기간으로 청약 점수 계산,tool-apt-subscription-score,Finance,부동산 도구 모음,4,blog-oiyo,AptSubscriptionScore
tool-biorhythm-calculator,interactive,published,ko,생체리듬 계산기: 신체·감성·지성 주기로 오늘 컨디션 예측,tool-biorhythm-calculator,Mysticism,운세·문화 도구 모음,1,blog-oiyo,BiorhythmCalculator
tool-blood-type-calculator,interactive,published,ko,혈액형 성격·궁합 계산기: A·B·O·AB형 특징과 궁합 분석,tool-blood-type-calculator,Culture,운세·문화 도구 모음,2,blog-oiyo,BloodTypeCompatibility
tool-body-fat-calculator,interactive,published,ko,체지방률 계산기: 키·체중·나이·성별로 체지방률과 체형 분류,tool-body-fat-calculator,Health,건강·생활 도구 모음,6,blog-oiyo,BodyFatCalculator
tool-calorie-calculator,interactive,published,ko,칼로리 계산기: 기초대사량·활동대사량으로 하루 칼로리 계산,tool-calorie-calculator,Health,건강·생활 도구 모음,4,blog-oiyo,CalorieCalculator
tool-career-finance-tools,interactive,published,ko,커리어·투자 도구 모음: 면접준비·배당·청약·글로벌세금·연말정산,tool-career-finance-tools,Finance,세금 도구 모음,5,blog-oiyo,YearEndSettlementCalculator
tool-chinese-zodiac,interactive,published,ko,띠(십이지) 계산기: 태어난 해로 띠와 성격·궁합 분석,tool-chinese-zodiac,Mysticism,운세·문화 도구 모음,3,blog-oiyo,ChineseZodiac
tool-color-converter,interactive,published,ko,색상 변환기: HEX ↔ RGB ↔ HSL ↔ HSV 색상 코드 즉시 변환,tool-color-converter,Tech,개발자·실용 도구 모음,9,blog-oiyo,ColorConverter
tool-countdown-timer,interactive,published,ko,카운트다운 타이머: 목표 날짜까지 남은 시간 실시간 카운트다운,tool-countdown-timer,Life,일상 도구 모음,7,blog-oiyo,CountdownTimer
tool-currency-converter,interactive,published,ko,환율 변환기: 원화·달러·엔화·유로 등 주요 통화 실시간 환산,tool-currency-converter,Finance,개발자·실용 도구 모음,5,blog-oiyo,CurrencyConverter
tool-daily-horoscope,interactive,published,ko,오늘의 운세: 별자리·생년월일로 오늘 운세 보기,tool-daily-horoscope,Mysticism,운세·문화 도구 모음,5,blog-oiyo,DailyHoroscope
tool-dday-calculator,interactive,published,ko,D-Day 계산기: 시험·여행·기념일 카운트다운 저장,tool-dday-calculator,Life,날짜 도구 모음,2,blog-oiyo,DdayCalculator
tool-dday-counter,interactive,published,ko,디데이 카운터: 특별한 날까지 D-day·경과일 자동 추적,tool-dday-counter,Life,일상 도구 모음,8,blog-oiyo,DdayCounter
tool-developer-utilities,interactive,published,ko,개발자 유틸리티 도구 모음: 해시·컬러피커·화면비율·이모지,tool-developer-utilities,Tech,개발자·실용 도구 모음,10,blog-oiyo,HashGenerator
tool-education-tools,interactive,published,ko,영어 학습 도구 모음: 영어 레벨 테스트·단어 카드·타이핑 속도,tool-education-tools,Education,교육·영어 도구 모음,2,blog-oiyo,EnglishLevelTest
tool-europe-salary-calculators,interactive,published,ko,유럽·대만 급여 계산기: 프랑스·스페인·대만 세후 실수령액,tool-europe-salary-calculators,Finance,세금 도구 모음,4,blog-oiyo,FranceSalaryCalculator
tool-financial-investment-tax-calculator,interactive,published,ko,금융투자소득세 계산기: 주식·펀드 수익에 대한 세금 계산,tool-financial-investment-tax-calculator,Finance,세금 도구 모음,1,blog-oiyo,FinancialInvestmentTaxCalculator
tool-fortune-tools,interactive,published,ko,타로 리딩·꿈 해몽·오늘의 행운 — 운세 도구 모음,tool-fortune-tools,Mysticism,운세·문화 도구 모음,10,blog-oiyo,TarotReading
tool-fuel-cost-calculator,interactive,published,ko,주유비·연비 계산기: 왕복 유류비와 연료 효율 계산,tool-fuel-cost-calculator,Life,건강·생활 도구 모음,3,blog-oiyo,FuelCostCalculator
tool-global-salary-calculators,interactive,published,ko,해외 급여 계산기: 일본·중국 세후 실수령액 계산,tool-global-salary-calculators,Finance,세금 도구 모음,3,blog-oiyo,JapanSalaryCalculator
tool-height-converter,interactive,published,ko,키 단위 변환기: cm ↔ 피트(ft) ↔ 인치(in) 즉시 변환,tool-height-converter,Life,개발자·실용 도구 모음,4,blog-oiyo,HeightConverter
tool-insurance-premium-calculator,interactive,published,ko,보험료 계산기: 나이·성별·보장 유형별 월 보험료 예상 계산,tool-insurance-premium-calculator,Finance,부동산 도구 모음,3,blog-oiyo,InsurancePremiumCalculator
tool-jeonse-guarantee-calculator,interactive,published,ko,전세 보증금 반환 계산기: 전세금 돌려받을 수 있는지 안전도 분석,tool-jeonse-guarantee-calculator,Finance,부동산 도구 모음,1,blog-oiyo,JeonseGuaranteeCalculator
tool-jeonse-monthly-converter,interactive,published,ko,전월세 전환 계산기: 전세 → 월세 월세 → 전세 보증금 즉시 변환,tool-jeonse-monthly-converter,Finance,부동산 도구 모음,2,blog-oiyo,JeonseMonthlyConverter
tool-legal-interest-calc,interactive,published,ko,법정 이자 계산기: 민사·상사·소송촉진 특례 이율 자동 계산,tool-legal-interest-calc,Finance,법률·금융 도구 모음,1,blog-oiyo,LegalInterestCalc
tool-life-utilities,interactive,published,ko,생활 도구 모음: 메트로놈·예방접종·이유식·아기이름·메뉴추천,tool-life-utilities,Life,일상 도구 모음,9,blog-oiyo,Metronome
tool-lorem-ipsum-generator,interactive,published,ko,Lorem Ipsum 생성기: 임시 텍스트·더미 텍스트 즉시 생성,tool-lorem-ipsum-generator,Tech,개발자·실용 도구 모음,8,blog-oiyo,LoremIpsumGenerator
tool-lostark-auction-calc,interactive,published,ko,로스트아크 경매 계산기: 레이드 아이템 입찰 적정가 자동 계산,tool-lostark-auction-calc,Game,로스트아크 도구 모음,1,blog-oiyo,LostArkAuctionCalc
tool-lostark-raid-splitter,interactive,published,ko,로스트아크 Q1Q3 공대 분배기: 본1부1·본1부3 파티 자동 배분,tool-lostark-raid-splitter,Game,로스트아크 도구 모음,2,blog-oiyo,LostArkRaidSplitter
tool-love-calculator,interactive,published,ko,사랑 지수 계산기: 두 사람의 이름으로 궁합 점수 계산,tool-love-calculator,Culture,운세·문화 도구 모음,8,blog-oiyo,LoveCalculator
tool-marriage-age-calculator,interactive,published,ko,결혼 가능 나이 계산기: 법적 혼인 가능 나이와 권장 결혼 나이 분석,tool-marriage-age-calculator,Life,일상 도구 모음,6,blog-oiyo,MarriageAgeCalculator
tool-mbti-compatibility,interactive,published,ko,MBTI 궁합 계산기: 두 사람의 MBTI 유형으로 궁합 분석,tool-mbti-compatibility,Culture,운세·문화 도구 모음,9,blog-oiyo,MBTICompatibility
tool-menstrual-cycle-calculator,interactive,published,ko,생리주기 계산기: 다음 생리 예정일·배란일·가임기 계산,tool-menstrual-cycle-calculator,Health,건강·생활 도구 모음,5,blog-oiyo,MenstrualCycleCalculator
tool-morse-code-converter,interactive,published,ko,모스부호 변환기: 텍스트 ↔ 모스부호 실시간 변환 및 재생,tool-morse-code-converter,Tech,개발자·실용 도구 모음,3,blog-oiyo,MorseCodeConverter
tool-numerology-calculator,interactive,published,ko,수비학 계산기: 생년월일로 운명수·생일수·표현수 계산,tool-numerology-calculator,Mysticism,운세·문화 도구 모음,4,blog-oiyo,NumerologyCalculator
tool-nutrition-calculator,interactive,published,ko,영양성분 계산기: 음식별 칼로리·단백질·지방·탄수화물 합산,tool-nutrition-calculator,Health,건강 도구 모음,1,blog-oiyo,NutritionCalculator
tool-password-generator,interactive,published,ko,비밀번호 생성기: 강력한 랜덤 비밀번호 무료 생성,tool-password-generator,Tech,개발자·실용 도구 모음,1,blog-oiyo,PasswordGenerator
tool-pet-age-calculator,interactive,published,ko,반려동물 나이 계산기: 강아지·고양이 나이를 사람 나이로 환산,tool-pet-age-calculator,Life,일상 도구 모음,5,blog-oiyo,PetAgeCalculator
tool-pomodoro-timer,interactive,published,ko,뽀모도로 타이머: 25분 집중·5분 휴식으로 생산성 극대화,tool-pomodoro-timer,Life,개발자·실용 도구 모음,6,blog-oiyo,PomodoroTimer
tool-reconstruction-profit-calculator,interactive,published,ko,재건축 수익 계산기: 재건축·재개발 분담금과 예상 수익 계산,tool-reconstruction-profit-calculator,Finance,부동산 도구 모음,5,blog-oiyo,ReconstructionProfitCalculator
tool-saju-calculator,interactive,published,ko,사주 계산기: 생년월일시로 사주팔자(四柱八字) 무료 계산,tool-saju-calculator,Mysticism,운세·사주 도구 모음,1,blog-oiyo,SajuCalculator
tool-salary-negotiation-calculator,interactive,published,ko,연봉 협상 계산기: 인상률·실수령액·협상 목표 연봉 계산,tool-salary-negotiation-calculator,Finance,일상 도구 모음,4,blog-oiyo,SalaryNegotiationCalculator
tool-sleep-calculator,interactive,published,ko,수면 계산기: 90분 주기로 최적 기상·취침 시간 계산,tool-sleep-calculator,Health,건강·생활 도구 모음,2,blog-oiyo,SleepCalculator
tool-tarot-daily-card,interactive,published,ko,타로 오늘의 카드: 하루를 시작하는 메이저 아르카나 타로 뽑기,tool-tarot-daily-card,Mysticism,운세·문화 도구 모음,6,blog-oiyo,TarotDailyCard
tool-tax-savings-roadmap,interactive,published,ko,절세 로드맵: 연소득별 최적 세금 절약 전략 시뮬레이터,tool-tax-savings-roadmap,Finance,세금 도구 모음,2,blog-oiyo,TaxSavingsRoadmap
tool-tip-calculator,interactive,published,ko,팁 계산기: 식사·서비스 팁(Tip) 금액과 인원별 분할 계산,tool-tip-calculator,Life,일상 도구 모음,2,blog-oiyo,TipCalculator
tool-toeic-score-converter,interactive,published,ko,토익 점수 환산기: TOEIC → 영어 레벨·CEFR·취업 기준 변환,tool-toeic-score-converter,Education,교육·영어 도구 모음,1,blog-oiyo,ToeicScoreConverter
tool-travel-budget-calculator,interactive,published,ko,여행 예산 계산기: 항공·숙박·식비·교통·쇼핑 총 여행비 계산,tool-travel-budget-calculator,Life,일상 도구 모음,1,blog-oiyo,TravelBudgetCalculator
tool-uuid-generator,interactive,published,ko,UUID 생성기: UUID v4 랜덤 고유 식별자 무료 생성,tool-uuid-generator,Tech,개발자·실용 도구 모음,7,blog-oiyo,UuidGenerator
tool-water-intake-calculator,interactive,published,ko,물 섭취량 계산기: 체중·활동량·기온으로 하루 수분량 계산,tool-water-intake-calculator,Health,건강·생활 도구 모음,1,blog-oiyo,WaterIntakeCalculator
tool-word-counter,interactive,published,ko,글자수 계산기: 공백 포함·제외 글자수 단어수 문장수 계산,tool-word-counter,Life,개발자·실용 도구 모음,2,blog-oiyo,WordCounterTool
tool-zodiac-personality,interactive,published,ko,별자리 성격 분석: 황도 12궁으로 보는 성격·강점·약점·궁합,tool-zodiac-personality,Mysticism,운세·문화 도구 모음,7,blog-oiyo,ZodiacPersonality
toxic-relationship-test,interactive,published,ko,관계 독성 패턴 테스트 — 내 관계는 건강한가요?,toxic-relationship-test,Psychology,,,blog-oiyo,ToxicRelationshipTest
trauma-healing-psychology,magazine,published,ko,트라우마 치유 완전 가이드: PTSD부터 일상 트라우마까지,trauma-healing-psychology,Psychology,,,blog-oiyo,
trickster-chaos-creativity,magazine,published,ko,트릭스터: 혼돈이라는 스승,trickster-chaos-creativity,Myth & Culture,,,blog-oiyo,
trust-and-betrayal,magazine,published,ko,신뢰는 배신의 가능성을 감내하는 용기에서 피어난다: 진정한 관계의 시작,trust-and-betrayal,Philosophy & Spirit,,,blog-oiyo,
trust-style-test,interactive,published,ko,신뢰 스타일 테스트 — 나는 어떻게 타인을 믿는가?,trust-style-test,Psychology,,,blog-oiyo,TrustStyleTest
truth-about-mbti-compatibility,magazine,published,ko,MBTI 궁합의 진실: 성격 차이는 축복일까 저주일까?,truth-about-mbti-compatibility,Mind & Psychology,,,blog-oiyo,
trying-to-change-others,magazine,published,ko,타인을 바꾸려는 순간 내면의 평화는 깨진다: 통제라는 이름의 고립,trying-to-change-others,Philosophy & Spirit,,,blog-oiyo,
types-of-unconscious-creating-myth,magazine,published,ko,신화를 창조한 무의식의 유형들: 집단 무의식과 원형,types-of-unconscious-creating-myth,Mind & Psychology,,,blog-oiyo,
unwritten-page,magazine,published,ko,쓰여지지 않은 뒷장을 위하여: 인생을 바꿀 수 없다는 ‘운명론의 감옥’에서 탈출하는 법,unwritten-page,Philosophy & Spirit,,,blog-oiyo,
useless-glory,magazine,published,ko,쓸모없는 것들의 찬란한 역습: 취미가 어떻게 우리의 삶을 심해(深海)로 이끄는가,useless-glory,Lifestyle & Growth,,,blog-oiyo,
utilitarianism-trolley-problem,magazine,published,ko,공리주의: 도덕의 수학,utilitarianism-trolley-problem,Myth & Culture,,,blog-oiyo,
uuid-generator,interactive,published,ko,UUID 생성기 — UUID v4 즉시 생성 & 복사,uuid-generator,Utility,,,blog-oiyo,UuidGenerator
vagus-nerve-resilience,magazine,published,ko,미주신경: 평온으로 향하는 생물학적 고속도로,vagus-nerve-resilience,Lifestyle & Growth,,,blog-oiyo,
vat-calculator,interactive,published,ko,부가가치세 계산기 — VAT 포함·제외 금액 즉시 계산,vat-calculator,Finance,,,blog-oiyo,VatCalculator
vat-complete-guide,interactive,published,ko,부가가치세(VAT) 완전 정복: 개념·계산·신고·법령 총정리,vat-complete-guide,Tax,,,blog-oiyo,
veblen-goods-status,magazine,published,ko,베블런재: 과시를 위한 소비,veblen-goods-status,Mind & Psychology,,,blog-oiyo,
vedic-vs-western-astrology,magazine,published,ko,인도 점성술(Vedic) vs 서양 점성술: 당신의 진짜 별자리는?,vedic-vs-western-astrology,Mysticism,,,blog-oiyo,
vedic-wisdom-three-gunas-minds,magazine,published,ko,인도 철학의 세 가지 에너지: 구나(Guna)로 읽는 마음의 상태,vedic-wisdom-three-gunas-minds,Mysticism,,,blog-oiyo,
venus-mars-astrology-love,magazine,published,ko,금성과 화성으로 보는 사랑 완전 가이드: 내 연애 스타일과 이상형,venus-mars-astrology-love,Fortune & Spirituality,,,blog-oiyo,
viktor-frankl-purpose,magazine,published,ko,빅터 프랭클과 삶의 목적: 고통 속에서 의미를 찾는 법,viktor-frankl-purpose,Mind & Psychology,,,blog-oiyo,
visualizing-goals,magazine,published,ko,목표를 이루었을 때의 모습을 구체적으로 그려라: 시각화의 힘,visualizing-goals,Mind & Psychology,,,blog-oiyo,
wabi-sabi-philosophy-imperfection,magazine,published,ko,와비사비(Wabi-Sabi): 불완전함 속에서 발견하는 궁극의 미학,wabi-sabi-philosophy-imperfection,Philosophy,,,blog-oiyo,
water-intake-calculator,interactive,published,ko,하루 물 섭취량 계산기 — 내 적정 수분 섭취량은?,water-intake-calculator,Health,,,blog-oiyo,WaterIntakeCalculator
water-sort,interactive,published,ko,물 분류 퍼즐 — 색깔을 맞춰 정렬하라,water-sort,Game,,,blog-oiyo,WaterSort
watersort-process-refining,interactive,published,ko,워터 소트(Water Sort)와 프로세스 분류: 혼합된 문제를 순수하게 정리하는 법,watersort-process-refining,Strategy,,,blog-oiyo,WaterSort
western-astrology-vs-saju-comparison,magazine,published,ko,점성술 vs 사주: 동서양 운명학의 차이점,western-astrology-vs-saju-comparison,Mysticism,,,blog-oiyo,
what-is-post-traumatic-growth,magazine,published,ko,외상 후 성장이란 무엇인가?: 고통을 딛고 피어나는 새로운 자아,what-is-post-traumatic-growth,Mind & Psychology,,,blog-oiyo,
wheel-spinner,interactive,published,ko,룰렛 돌리기 — 결정 장애 해결! 랜덤 선택 룰렛,wheel-spinner,Game,,,blog-oiyo,WheelSpinner
wheel-spinner-decision-fatigue,interactive,published,ko,결정의 고통을 덜어주는 돌림판: 우연과 선택 사이의 균형,wheel-spinner-decision-fatigue,Strategy,,,blog-oiyo,WheelSpinner
word-counter,interactive,published,ko,글자수·단어수 계산기 — 텍스트 통계 즉시 확인,word-counter,Utility,,,blog-oiyo,WordCounterTool
wordle,interactive,published,ko,심리학 워들 — 심리 용어로 즐기는 단어 맞추기,wordle,Game,,,blog-oiyo,PsychologyWordle
words-change-destiny,magazine,published,ko,무심코 내뱉는 말이 인연을 바꾼다: 말 한마디에 담긴 인생의 무게,words-change-destiny,Philosophy & Spirit,,,blog-oiyo,
work-life-balance-test,interactive,published,ko,일·생활 균형 테스트 — 나의 워라밸 점수는?,work-life-balance-test,Psychology,,,blog-oiyo,WorkLifeBalanceTest
work-style-test,interactive,published,ko,업무 스타일 테스트 — 나는 어떻게 일하는가?,work-style-test,Psychology,,,blog-oiyo,WorkStyleTest
writing-from-memory-activities,magazine,published,ko,기억해서 쓰기 활동: 꺼내는 연습이 장기 기억을 만든다,writing-from-memory-activities,Lifestyle & Growth,,,blog-oiyo,
year-end-settlement-calculator,interactive,published,ko,연말정산 환급 예측기 — 내 환급액 미리 계산해보기,year-end-settlement-calculator,Finance,,,blog-oiyo,YearEndSettlementCalculator
year-end-settlement-guide,interactive,published,ko,연말정산 완전 정복: 개념·공제·계산·법령 총정리,year-end-settlement-guide,Tax,,,blog-oiyo,
yongsin-heesin-philosophy,magazine,published,ko,용신(用神)과 희신(喜神): 사주 치유의 철학,yongsin-heesin-philosophy,Philosophy,,,blog-oiyo,
youth-labor-policy-guide,academy,published,ko,사장은 알려주지 않는 사회 초년생 필수 노동법 & 청년 정책 가이드,youth-labor-policy-guide,Education,,,blog-oiyo,
zeigarnik-effect-memory,magazine,published,ko,자이가르닉 효과 (The Zeigarnik Effect),zeigarnik-effect-memory,Mind & Psychology,,,blog-oiyo,
zero-calorie-drinks-myth,magazine,published,ko,제로의 역설: 비영양 감미료가 대사 건강에 미치는 영향,zero-calorie-drinks-myth,Lifestyle & Growth,,,blog-oiyo,
zodiac-2026-april-forecast,magazine,published,ko,2026년 4월 별자리 운세: 황소자리 시즌과 봄의 절정,zodiac-2026-april-forecast,Fortune & Spirituality,,,blog-oiyo,
zodiac-2026-august-forecast,magazine,published,en,August 2026 Horoscope for All 12 Signs,zodiac-2026-august-forecast,Fortune & Spirituality,2026 Monthly Horoscope,8,blog-oiyo,
zodiac-2026-august-forecast,magazine,published,ko,"2026년 8월 12별자리 월별 운세: 사자자리 시즌, 자기 표현과 창의성의 절정",zodiac-2026-august-forecast,Fortune & Spirituality,2026 월별 별자리 운세,8,blog-oiyo,
zodiac-2026-career-forecast,magazine,published,ko,2026년 12별자리 직업·커리어 운세: 어떤 별자리가 이직·창업에 유리한가,zodiac-2026-career-forecast,Fortune & Spirituality,,,blog-oiyo,
zodiac-2026-complete-yearly-guide,magazine,published,ko,2026년 12별자리 연간 운세 총정리: 병오년(丙午年) 완전 예측,zodiac-2026-complete-yearly-guide,Fortune & Spirituality,,,blog-oiyo,
zodiac-2026-december-forecast,magazine,published,en,December 2026 Horoscope for All 12 Signs,zodiac-2026-december-forecast,Fortune & Spirituality,2026 Monthly Horoscope,12,blog-oiyo,
zodiac-2026-december-forecast,magazine,published,ko,"2026년 12월 12별자리 월별 운세: 연말 마무리와 새해 준비, 사수자리의 마지막 질주",zodiac-2026-december-forecast,Fortune & Spirituality,2026 월별 별자리 운세,12,blog-oiyo,
zodiac-2026-february-forecast,magazine,published,ko,2026년 2월 별자리 운세: 발렌타인데이 사랑 운세와 12별자리 예측,zodiac-2026-february-forecast,Fortune & Spirituality,,,blog-oiyo,
zodiac-2026-health-forecast,magazine,published,ko,2026년 12별자리 건강 운세: 주의해야 할 신체 부위와 건강 관리법,zodiac-2026-health-forecast,Fortune & Spirituality,,,blog-oiyo,
zodiac-2026-january-forecast,magazine,published,ko,2026년 1월 별자리 운세: 새해 첫 달 12별자리 완전 예측,zodiac-2026-january-forecast,Fortune & Spirituality,,,blog-oiyo,
zodiac-2026-july-forecast,magazine,published,en,July 2026 Horoscope for All 12 Signs,zodiac-2026-july-forecast,Fortune & Spirituality,2026 Monthly Horoscope,7,blog-oiyo,
zodiac-2026-july-forecast,magazine,published,ko,2026년 7월 12별자리 월별 운세: 목성 게자리·가정과 감성의 달,zodiac-2026-july-forecast,Fortune & Spirituality,2026 월별 별자리 운세,7,blog-oiyo,
zodiac-2026-june-forecast,magazine,published,ko,"2026년 6월 12별자리 월별 운세: 목성 게자리 입성, 전환점의 달",zodiac-2026-june-forecast,Fortune & Spirituality,2026 월별 별자리 운세,6,blog-oiyo,
zodiac-2026-love-by-sign,magazine,published,ko,2026년 별자리별 사랑 운세 상세 가이드: 인연·결혼·이별 예측,zodiac-2026-love-by-sign,Fortune & Spirituality,,,blog-oiyo,
zodiac-2026-march-forecast,magazine,published,ko,"2026년 3월 별자리 운세: 봄의 시작, 춘분과 양자리 시즌",zodiac-2026-march-forecast,Fortune & Spirituality,,,blog-oiyo,
zodiac-2026-may-forecast,magazine,published,ko,"2026년 5월 별자리 운세: 쌍둥이자리 시즌 시작, 가정의 달 운세",zodiac-2026-may-forecast,Fortune & Spirituality,,,blog-oiyo,
zodiac-2026-money-by-sign,magazine,published,ko,2026년 별자리별 재물 운세 상세 가이드: 투자·부업·수입 예측,zodiac-2026-money-by-sign,Fortune & Spirituality,,,blog-oiyo,
zodiac-2026-money-forecast,magazine,published,ko,2026년 12별자리 재물·투자 운세: 어느 달에 투자하고 어느 달에 아껴야 하는가,zodiac-2026-money-forecast,Fortune & Spirituality,,,blog-oiyo,
zodiac-2026-november-forecast,magazine,published,en,November 2026 Horoscope for All 12 Signs,zodiac-2026-november-forecast,Fortune & Spirituality,2026 Monthly Horoscope,11,blog-oiyo,
zodiac-2026-november-forecast,magazine,published,ko,"2026년 11월 12별자리 월별 운세: 금성 순행, 관계와 재물이 회복되는 달",zodiac-2026-november-forecast,Fortune & Spirituality,2026 월별 별자리 운세,11,blog-oiyo,
zodiac-2026-october-forecast,magazine,published,en,October 2026 Horoscope for All 12 Signs,zodiac-2026-october-forecast,Fortune & Spirituality,2026 Monthly Horoscope,10,blog-oiyo,
zodiac-2026-october-forecast,magazine,published,ko,"2026년 10월 12별자리 월별 운세: 수성 순행, 관계와 균형의 천칭자리 시즌",zodiac-2026-october-forecast,Fortune & Spirituality,2026 월별 별자리 운세,10,blog-oiyo,
zodiac-2026-september-forecast,magazine,published,en,September 2026 Horoscope for All 12 Signs,zodiac-2026-september-forecast,Fortune & Spirituality,2026 Monthly Horoscope,9,blog-oiyo,
zodiac-2026-september-forecast,magazine,published,ko,"2026년 9월 12별자리 월별 운세: 금성·수성 역행, 재고와 정비의 달",zodiac-2026-september-forecast,Fortune & Spirituality,2026 월별 별자리 운세,9,blog-oiyo,
zodiac-aquarius-complete-guide,magazine,published,ko,"물병자리(Aquarius) 완벽 가이드: 미래의 혁신가, 인류를 사랑하는 별자리",zodiac-aquarius-complete-guide,Mysticism,,,blog-oiyo,
zodiac-aries-complete-guide,magazine,published,ko,"양자리(Aries) 완벽 가이드: 불의 시작, 용감한 선구자의 별자리",zodiac-aries-complete-guide,Mysticism,,,blog-oiyo,
zodiac-cancer-complete-guide,magazine,published,ko,"게자리(Cancer) 완벽 가이드: 달의 아이, 깊은 감수성의 별자리",zodiac-cancer-complete-guide,Mysticism,,,blog-oiyo,
zodiac-capricorn-complete-guide,magazine,published,ko,"염소자리(Capricorn) 완벽 가이드: 산을 오르는 자, 성취와 책임의 별자리",zodiac-capricorn-complete-guide,Mysticism,,,blog-oiyo,
zodiac-compatibility-complete-guide,magazine,published,en,Zodiac Compatibility Complete Guide: All 12 Signs Analyzed,zodiac-compatibility-complete-guide,Magazine,Zodiac & Astrology Guide,3,blog-oiyo,
zodiac-compatibility-complete-guide,magazine,published,ja,星座相性完全ガイド：12星座×12星座の相性分析,zodiac-compatibility-complete-guide,Magazine,Zodiac & Astrology Guide,3,blog-oiyo,
zodiac-elements-complete-guide,magazine,published,ko,별자리 4원소 완전 가이드: 불·흙·공기·물 원소의 심층 해석,zodiac-elements-complete-guide,Fortune & Spirituality,,,blog-oiyo,
zodiac-gemini-complete-guide,magazine,published,ko,"쌍둥이자리(Gemini) 완벽 가이드: 바람의 지식인, 변화무쌍한 두 얼굴",zodiac-gemini-complete-guide,Mysticism,,,blog-oiyo,
zodiac-leo-complete-guide,magazine,published,ko,"사자자리(Leo) 완벽 가이드: 태양의 왕, 무대를 사랑하는 카리스마",zodiac-leo-complete-guide,Mysticism,,,blog-oiyo,
zodiac-libra-complete-guide,magazine,published,ko,"천칭자리(Libra) 완벽 가이드: 균형의 추구자, 아름다움과 정의의 별자리",zodiac-libra-complete-guide,Mysticism,,,blog-oiyo,
zodiac-love-compatibility-detailed,magazine,published,ko,12별자리 연애 궁합 완전 분석: 원소별·모달리티별 사랑 패턴,zodiac-love-compatibility-detailed,Fortune & Spirituality,,,blog-oiyo,
zodiac-mbti-compatibility-matrix,magazine,published,ko,별자리 × MBTI 완전 매트릭스: 144가지 조합으로 보는 성격과 운명,zodiac-mbti-compatibility-matrix,Magazine,,,blog-oiyo,
zodiac-pisces-complete-guide,magazine,published,ko,"물고기자리(Pisces) 완벽 가이드: 꿈의 바다, 공감과 영성의 별자리",zodiac-pisces-complete-guide,Mysticism,,,blog-oiyo,
zodiac-rising-sign-guide,magazine,published,ko,어센던트(상승 별자리) 완전 가이드: 출생 시간이 바꾸는 나의 겉모습,zodiac-rising-sign-guide,Fortune & Spirituality,,,blog-oiyo,
zodiac-sagittarius-complete-guide,magazine,published,ko,"사수자리(Sagittarius) 완벽 가이드: 자유의 화살, 철학과 모험의 별자리",zodiac-sagittarius-complete-guide,Mysticism,,,blog-oiyo,
zodiac-scorpio-complete-guide,magazine,published,ko,"전갈자리(Scorpio) 완벽 가이드: 심연의 탐구자, 변환의 별자리",zodiac-scorpio-complete-guide,Mysticism,,,blog-oiyo,
zodiac-sun-moon-rising-guide,magazine,published,ko,태양·달·어센던트 삼위일체: 나를 완전히 이해하는 3가지 별자리,zodiac-sun-moon-rising-guide,Fortune & Spirituality,,,blog-oiyo,
zodiac-taurus-complete-guide,magazine,published,ko,"황소자리(Taurus) 완벽 가이드: 대지의 감각, 풍요와 안정의 별자리",zodiac-taurus-complete-guide,Mysticism,,,blog-oiyo,
zodiac-virgo-complete-guide,magazine,published,ko,"처녀자리(Virgo) 완벽 가이드: 세밀함의 거장, 봉사와 완벽의 별자리",zodiac-virgo-complete-guide,Mysticism,,,blog-oiyo,
enneagram-love-relationships,magazine,published,en,Enneagram Love & Relationships Guide: Romance Patterns for All 9 Types,enneagram-love-relationships,Psychology,,,blog-oiyo,
enneagram-love-relationships,magazine,published,ja,エニアグラム恋愛完全ガイド：9タイプ別の愛のパターン,enneagram-love-relationships,Psychology,,,blog-oiyo,
enneagram-mbti-integration,magazine,published,en,Enneagram × MBTI Integration: 72 Personality Codes Decoded,enneagram-mbti-integration,Magazine,,,blog-oiyo,
enneagram-mbti-integration,magazine,published,ja,エニアグラム × MBTI 統合分析：2つのシステムが交わる72の性格コード,enneagram-mbti-integration,Magazine,,,blog-oiyo,
enneagram-tritype-guide,magazine,published,en,Enneagram Tritype Complete Guide: How Three Centers Create Your Unique Personality Code,enneagram-tritype-guide,Psychology,,,blog-oiyo,
enneagram-tritype-guide,magazine,published,ja,エニアグラム トリタイプ完全ガイド：3つのセンターが生み出すあなただけの性格コード,enneagram-tritype-guide,Psychology,,,blog-oiyo,
zodiac-2026-april-forecast,magazine,published,en,April 2026 Horoscope for All 12 Signs: Taurus Season & Spring's Peak,zodiac-2026-april-forecast,Fortune & Spirituality,2026 Monthly Horoscope,4,blog-oiyo,
zodiac-2026-april-forecast,magazine,published,ja,2026年4月の星座運勢：牡牛座シーズンと春の絶頂,zodiac-2026-april-forecast,Fortune & Spirituality,2026年 月別星座運勢,4,blog-oiyo,
zodiac-2026-august-forecast,magazine,published,ja,2026年8月の12星座月別運勢：獅子座シーズン、自己表現と創造性の絶頂,zodiac-2026-august-forecast,Fortune & Spirituality,2026年 月別星座運勢,8,blog-oiyo,
zodiac-2026-complete-yearly-guide,magazine,published,en,2026 Annual Horoscope for All 12 Signs: Complete Forecast for the Year of the Fire Horse,zodiac-2026-complete-yearly-guide,Fortune & Spirituality,,,blog-oiyo,
zodiac-2026-complete-yearly-guide,magazine,published,ja,2026年12星座年間運勢完全ガイド：丙午年(ひのえうま)の完全予測,zodiac-2026-complete-yearly-guide,Fortune & Spirituality,,,blog-oiyo,
zodiac-2026-december-forecast,magazine,published,ja,2026年12月の12星座月別運勢：年末の締めくくりと新年への準備、射手座の最後の疾走,zodiac-2026-december-forecast,Fortune & Spirituality,2026年 月別星座運勢,12,blog-oiyo,
zodiac-2026-february-forecast,magazine,published,en,February 2026 Horoscope for All 12 Signs: Valentine's Season & Pisces Rising,zodiac-2026-february-forecast,Fortune & Spirituality,2026 Monthly Horoscope,2,blog-oiyo,
zodiac-2026-february-forecast,magazine,published,ja,2026年2月の星座運勢：バレンタインデーの恋愛運と12星座予測,zodiac-2026-february-forecast,Fortune & Spirituality,2026年 月別星座運勢,2,blog-oiyo,
zodiac-2026-january-forecast,magazine,published,en,January 2026 Horoscope for All 12 Signs: New Year Energy Ignites,zodiac-2026-january-forecast,Fortune & Spirituality,2026 Monthly Horoscope,1,blog-oiyo,
zodiac-2026-january-forecast,magazine,published,ja,2026年1月の星座運勢：新年最初の月、12星座完全予測,zodiac-2026-january-forecast,Fortune & Spirituality,2026年 月別星座運勢,1,blog-oiyo,
zodiac-2026-june-forecast,magazine,published,en,June 2026 Horoscope for All 12 Signs: Jupiter Enters Cancer & the Heart of Summer,zodiac-2026-june-forecast,Fortune & Spirituality,2026 Monthly Horoscope,6,blog-oiyo,
zodiac-2026-june-forecast,magazine,published,ja,2026年6月の12星座月別運勢：木星が蟹座へ、転換点の月,zodiac-2026-june-forecast,Fortune & Spirituality,2026年 月別星座運勢,6,blog-oiyo,
zodiac-2026-july-forecast,magazine,published,ja,2026年7月の12星座月別運勢：木星が蟹座に安定、家庭と感情の月,zodiac-2026-july-forecast,Fortune & Spirituality,2026年 月別星座運勢,7,blog-oiyo,
zodiac-2026-march-forecast,magazine,published,en,March 2026 Horoscope for All 12 Signs: Spring Equinox Ignites Aries Season,zodiac-2026-march-forecast,Fortune & Spirituality,2026 Monthly Horoscope,3,blog-oiyo,
zodiac-2026-march-forecast,magazine,published,ja,2026年3月の星座運勢：春の始まり、春分と牡羊座シーズン,zodiac-2026-march-forecast,Fortune & Spirituality,2026年 月別星座運勢,3,blog-oiyo,
zodiac-2026-may-forecast,magazine,published,en,May 2026 Horoscope for All 12 Signs: Gemini Season & the Month of Connections,zodiac-2026-may-forecast,Fortune & Spirituality,2026 Monthly Horoscope,5,blog-oiyo,
zodiac-2026-may-forecast,magazine,published,ja,2026年5月の星座運勢：双子座シーズン開始、家族の月の運勢,zodiac-2026-may-forecast,Fortune & Spirituality,2026年 月別星座運勢,5,blog-oiyo,
zodiac-2026-november-forecast,magazine,published,ja,2026年11月の12星座月別運勢：金星順行、関係と金運が回復する月,zodiac-2026-november-forecast,Fortune & Spirituality,2026年 月別星座運勢,11,blog-oiyo,
zodiac-2026-october-forecast,magazine,published,ja,2026年10月の12星座月別運勢：水星順行、関係とバランスの天秤座シーズン,zodiac-2026-october-forecast,Fortune & Spirituality,2026年 月別星座運勢,10,blog-oiyo,
zodiac-2026-september-forecast,magazine,published,ja,2026年9月の12星座月別運勢：金星・水星逆行、見直しと整備の月,zodiac-2026-september-forecast,Fortune & Spirituality,2026年 月別星座運勢,9,blog-oiyo,
psychology-enneagram-full-test,interactive,published,en,Enneagram Personality Type Test: Discover Your True Self Through 9 Types,psychology-enneagram-full-test,Magazine,In-Depth Psychology Tests,9,blog-oiyo,Enneagram Personality Type Test (27 questions)
psychology-love-profile-test,interactive,published,en,Integrated Love Profiler: Discover Your Attachment Style Love Language & Conflict Mode,psychology-love-profile-test,Magazine,In-Depth Psychology Tests,10,blog-oiyo,Integrated Love Profiler (28 questions)
psychology-career-values-test,interactive,published,en,Career Values Test: Find Your Career Direction Through 10 Core Work Values,psychology-career-values-test,Magazine,In-Depth Psychology Tests,11,blog-oiyo,Career Values Test (20 questions)
psychology-big-five-test,interactive,published,en,Big Five OCEAN Personality Test: Measure Your 5 Personality Dimensions,psychology-big-five-test,Magazine,In-Depth Psychology Tests,3,blog-oiyo,Big Five Personality Diagnostic (15 questions)
psychology-love-language-test,interactive,published,en,The 5 Love Languages Test: Discover How You Give and Receive Love,psychology-love-language-test,Magazine,In-Depth Psychology Tests,4,blog-oiyo,Love Language Test (15 questions)
moon-sign-complete-guide,magazine,published,en,Moon Sign Complete Guide: Emotional Patterns of All 12 Moon Signs,moon-sign-complete-guide,Fortune & Spirituality,,,blog-oiyo,
zodiac-elements-complete-guide,magazine,published,en,Zodiac Elements Complete Guide: Fire Earth Air & Water Signs Explained,zodiac-elements-complete-guide,Fortune & Spirituality,,,blog-oiyo,
zodiac-sun-moon-rising-guide,magazine,published,en,Sun Moon & Rising Sign — The Big 3: Your Complete Astrology Profile,zodiac-sun-moon-rising-guide,Fortune & Spirituality,,,blog-oiyo,
ascendant-rising-sign-guide,magazine,published,en,Ascendant Rising Sign Complete Guide: How Each Rising Sign Shapes Your First Impression,ascendant-rising-sign-guide,Fortune & Spirituality,,,blog-oiyo,
zodiac-love-compatibility-detailed,magazine,published,en,Zodiac Love Compatibility: Element & Modality Analysis for All 12 Signs,zodiac-love-compatibility-detailed,Fortune & Spirituality,,,blog-oiyo,
zodiac-mbti-compatibility-matrix,magazine,published,en,Zodiac x MBTI Compatibility Matrix: 144 Personality Combinations Analyzed,zodiac-mbti-compatibility-matrix,Magazine,,,blog-oiyo,
zodiac-rising-sign-guide,magazine,published,en,Rising Sign Guide: What Your Ascendant Reveals About Your Outer Self,zodiac-rising-sign-guide,Fortune & Spirituality,,,blog-oiyo,
academy-astrology-basics-ch1,academy,published,ja,Ch1. 占星術入門 — 星座と惑星が語るもの,academy-astrology-basics-ch1,Academy,占星術の基礎,1,blog-oiyo,
academy-astrology-basics-ch2,academy,published,ja,Ch2. 12星座の完全理解 — エレメント・モダリティと各星座の本質,academy-astrology-basics-ch2,Academy,占星術の基礎,2,blog-oiyo,
academy-astrology-basics-ch3,academy,published,ja,Ch3. 10惑星の意味と役割 — 太陽から冥王星まで,academy-astrology-basics-ch3,Academy,占星術の基礎,3,blog-oiyo,
academy-astrology-basics-ch4,academy,published,ja,Ch4. 12ハウスシステム — 人生の12の領域を完全に理解する,academy-astrology-basics-ch4,Academy,占星術の基礎,4,blog-oiyo,
academy-astrology-basics-ch5,academy,published,ja,Ch5. アスペクトの解釈 — 惑星間の角度が生み出すエネルギーパターン,academy-astrology-basics-ch5,Academy,占星術の基礎,5,blog-oiyo,
academy-astrology-basics-ch6,academy,published,ja,Ch6. 出生チャート実践読み — 3つのケースで学ぶ総合解釈,academy-astrology-basics-ch6,Academy,占星術の基礎,6,blog-oiyo,
psychology-big-five-ocean-test,interactive,published,ko,빅파이브(Big Five) OCEAN 성격 테스트: 5가지 차원으로 나를 정밀 진단,psychology-big-five-ocean-test,Psychology,,,blog-oiyo,BigFivePersonalityTest
psychology-burnout-test,interactive,published,ko,번아웃 자가진단 테스트: 지금 나는 얼마나 지쳐있나요?,psychology-burnout-test,Psychology,,,blog-oiyo,BurnoutTest
personal-color-season-test,interactive,published,ko,퍼스널 컬러 테스트: 봄·여름·가을·겨울 내 계절 유형 찾기,personal-color-season-test,Beauty,,,blog-oiyo,PersonalColorTest
iq-test-free,interactive,published,ko,무료 IQ 테스트: 온라인에서 지능 수준을 측정하세요,iq-test-free,Psychology,,,blog-oiyo,IQTest
adhd-adult-self-test,interactive,published,ko,성인 ADHD 자가진단 테스트: 집중력·충동성·과잉행동 셀프 체크,adhd-adult-self-test,Health,,,blog-oiyo,AdhdScreeningTest
self-esteem-test-rosenberg,interactive,published,ko,자존감 테스트: Rosenberg 자존감 척도로 나의 자기 가치감 측정하기,self-esteem-test-rosenberg,Psychology,,,blog-oiyo,SelfEsteemTest
depression-self-test-phq9,interactive,published,ko,우울증 선별 테스트: PHQ-9 기반으로 나의 우울 증상 자가 점검하기,depression-self-test-phq9,Health,,,blog-oiyo,DepressionScreeningTest
anxiety-self-test-gad7,interactive,published,ko,불안 자가진단 테스트: GAD-7로 나의 불안 수준을 점검하세요,anxiety-self-test-gad7,Health,,,blog-oiyo,AnxietyScreeningTest
mortgage-calculator-korea,interactive,published,ko,주택담보대출 계산기: 월 상환액·총 이자 계산 + DSR·LTV 완전 정리,mortgage-calculator-korea,Finance,,,blog-oiyo,MortgageCalculator
gift-tax-calculator,interactive,published,ko,증여세 계산기: 2024년 공제 한도·세율 자동 계산,gift-tax-calculator,Finance,,,blog-oiyo,GiftTaxCalculator
fire-calculator,interactive,published,ko,FIRE 조기 은퇴 계산기: 경제적 자유 달성까지 몇 년이 남았나요?,fire-calculator,Finance,,,blog-oiyo,FireRetirementCalculator
wedding-budget-calculator,interactive,published,ko,결혼 비용 계산기: 2024년 평균 결혼 비용과 항목별 예산 계획,wedding-budget-calculator,Finance,,,blog-oiyo,WeddingPlanningCalculator
pension-tax-credit-calculator,interactive,published,ko,연금저축·IRP 세액공제 계산기: 얼마를 납입해야 환급받나요?,pension-tax-credit-calculator,Finance,,,blog-oiyo,PensionOptimizerCalculator
wordle-game,interactive,published,ko,워들 게임: 6번의 기회로 단어를 맞춰보세요,wordle-game,Game,,,blog-oiyo,WordleGame
memory-card-game,interactive,published,ko,기억력 카드 게임: 짝 맞추기로 두뇌를 훈련하세요,memory-card-game,Game,,,blog-oiyo,MemoryCardGame
mbti-career-test,interactive,published,ko,MBTI 직업 적성 테스트: 나의 성격 유형에 맞는 직업은?,mbti-career-test,Psychology,,,blog-oiyo,MbtiCareerTest
mbti-love-compatibility-test,interactive,published,ko,MBTI 연애 궁합 테스트: 최고의 파트너 유형을 찾으세요,mbti-love-compatibility-test,Psychology,,,blog-oiyo,MbtiLoveTest
mbti-stress-type-test,interactive,published,ko,MBTI 스트레스 유형 테스트: 나는 어떻게 스트레스를 받고 푸나?,mbti-stress-type-test,Psychology,,,blog-oiyo,MbtiStressTest
social-anxiety-test,interactive,published,ko,사회불안 자가 진단 테스트: 나는 사회불안증이 있을까?,social-anxiety-test,Health,,,blog-oiyo,SocialAnxietyTest
narcissism-test,interactive,published,ko,나르시시즘 테스트: 나는 자기애적 성향이 있을까? (NPI 기반),narcissism-test,Psychology,,,blog-oiyo,NarcissismTest
resilience-test,interactive,published,ko,회복탄력성 테스트: 나의 심리적 회복력은 얼마나 될까?,resilience-test,Psychology,,,blog-oiyo,ResilienceTest
leadership-style-test,interactive,published,ko,리더십 스타일 테스트: 나는 어떤 유형의 리더인가?,leadership-style-test,Psychology,,,blog-oiyo,LeadershipStyleTest
growth-mindset-test,interactive,published,ko,성장 마인드셋 테스트: 나는 성장형인가 고정형인가?,growth-mindset-test,Psychology,,,blog-oiyo,GrowthMindsetTest
loneliness-test,interactive,published,ko,외로움 자가 진단 테스트: 나는 얼마나 외로울까? (UCLA 외로움 척도),loneliness-test,Health,,,blog-oiyo,LonelinessTest
procrastination-type-test,interactive,published,ko,미루기 유형 테스트: 나는 왜 미루는 걸까? 미루기 패턴 진단,procrastination-type-test,Psychology,,,blog-oiyo,ProcrastinationTypeTest
motivation-type-test,interactive,published,ko,동기 유형 테스트: 내적 동기형인가 외적 동기형인가?,motivation-type-test,Psychology,,,blog-oiyo,MotivationTypeTest
dopamine-dependency-test,interactive,published,ko,도파민 의존도 테스트: 나는 얼마나 도파민에 중독되어 있을까?,dopamine-dependency-test,Health,,,blog-oiyo,DopamineDependencyTest
anger-style-test,interactive,published,ko,분노 유형 테스트: 나는 어떻게 화를 내고 표현하는가?,anger-style-test,Psychology,,,blog-oiyo,AngerStyleTest
sleep-chronotype-test,interactive,published,ko,수면 크로노타입 테스트: 나는 아침형인가 저녁형인가?,sleep-chronotype-test,Health,,,blog-oiyo,SleepChronotypeTest
emotional-intelligence-test,interactive,published,ko,감성 지능(EQ) 테스트: 나의 감정 이해·조절 능력은?,emotional-intelligence-test,Psychology,,,blog-oiyo,EmotionalIntelligenceTest
dutch-pay-calculator,interactive,published,ko,더치페이 계산기: 인원·금액별 N빵 정산을 한 번에,dutch-pay-calculator,Finance,,,blog-oiyo,DutchPayCalculator
savings-comparison-calculator,interactive,published,ko,저축 비교 계산기: 정기예금 vs 적금 vs ISA 어디에 넣을까?,savings-comparison-calculator,Finance,,,blog-oiyo,SavingsComparisonCalculator
deposit-calculator,interactive,published,ko,예금 이자 계산기: 원금·금리·기간 입력하면 이자 바로 계산,deposit-calculator,Finance,,,blog-oiyo,DepositCalculator
jeonse-vs-buy-calculator,interactive,published,ko,전세 vs 매매 비교 계산기: 지금 사는 게 나을까 전세가 나을까?,jeonse-vs-buy-calculator,Finance,,,blog-oiyo,JeonsevsBuyCalculator
jeonse-vs-rent-calculator,interactive,published,ko,전세 vs 월세 비교 계산기: 전세와 월세 중 뭐가 더 유리할까?,jeonse-vs-rent-calculator,Finance,,,blog-oiyo,JeonseVsRentCalculator
labor-cost-calculator,interactive,published,ko,인건비 계산기: 월급 외 실제 인건비(4대보험 포함) 계산,labor-cost-calculator,Finance,,,blog-oiyo,LaborCostCalculator
home-buying-calculator,interactive,published,ko,내집마련 계획 계산기: 목표 주택 마련까지 얼마나 걸릴까?,home-buying-calculator,Finance,,,blog-oiyo,HomeBuyingCalculator
academy-python-data-analysis-ch1,academy,published,ko,Python 데이터분석 심화 1강: pandas 완전 정복,academy-python-data-analysis-ch1,Programming,python-data-analysis,1,blog-oiyo,
academy-python-data-analysis-ch2,academy,published,ko,Python 데이터분석 심화 2강: 데이터 전처리 완전 가이드,academy-python-data-analysis-ch2,Programming,python-data-analysis,2,blog-oiyo,
academy-python-data-analysis-ch3,academy,published,ko,Python 데이터분석 심화 3강: matplotlib·seaborn·plotly 시각화,academy-python-data-analysis-ch3,Programming,python-data-analysis,3,blog-oiyo,
academy-python-data-analysis-ch4,academy,published,ko,Python 데이터분석 심화 4강: EDA 완전 가이드,academy-python-data-analysis-ch4,Programming,python-data-analysis,4,blog-oiyo,
academy-python-data-analysis-ch5,academy,published,ko,Python 데이터분석 심화 5강: 머신러닝 실전 입문,academy-python-data-analysis-ch5,Programming,python-data-analysis,5,blog-oiyo,
academy-english-grammar-ch1,academy,published,ko,영어 문법 완성 1강: 시제 완전 정복,academy-english-grammar-ch1,Language,english-grammar,1,blog-oiyo,
academy-english-grammar-ch2,academy,published,ko,영어 문법 완성 2강: 조동사 완전 정복,academy-english-grammar-ch2,Language,english-grammar,2,blog-oiyo,
academy-english-grammar-ch3,academy,published,ko,영어 문법 완성 3강: 관계절과 분사구문,academy-english-grammar-ch3,Language,english-grammar,3,blog-oiyo,
academy-english-grammar-ch4,academy,published,ko,영어 문법 완성 4강: 가정법 완전 정복,academy-english-grammar-ch4,Language,english-grammar,4,blog-oiyo,
academy-english-grammar-ch5,academy,published,ko,영어 문법 완성 5강: 도치·강조·생략 고급 문법,academy-english-grammar-ch5,Language,english-grammar,5,blog-oiyo,
zodiac-aries-complete-guide,magazine,published,ko,양자리 완벽 가이드 (궁합 섹션 보강),zodiac-aries-complete-guide,Mysticism,,,blog-oiyo,
zodiac-taurus-complete-guide,magazine,published,ko,황소자리 완벽 가이드 (궁합 섹션 보강),zodiac-taurus-complete-guide,Mysticism,,,blog-oiyo,
mbti-intj,magazine,published,ko,INTJ 완전 분석 (FAQ+CTA 추가),mbti-intj,Psychology,,,blog-oiyo,
mbti-infj,magazine,published,ko,INFJ 완전 분석 (FAQ+CTA 추가),mbti-infj,Psychology,,,blog-oiyo,
mbti-enfp,magazine,published,ko,ENFP 완전 분석 (FAQ+CTA 추가),mbti-enfp,Psychology,,,blog-oiyo,
saju-basics-what-is-four-pillars,magazine,published,ko,사주명리학이란 (academy 링크 추가),saju-basics-what-is-four-pillars,Mysticism,,,blog-oiyo,
saju-daymaster-ten-types,magazine,published,ko,일간 10천간 특성 (academy 링크 추가),saju-daymaster-ten-types,Mysticism,,,blog-oiyo,
academy-retirement-planning-ch1,academy,published,ko,Ch1. 은퇴 설계 — 필요한 자금과 FIRE·일반 은퇴 비교,academy-retirement-planning-ch1,Finance,retirement-planning,1,blog-oiyo,
academy-retirement-planning-ch2,academy,published,ko,Ch2. 은퇴 설계 — 국민연금·퇴직연금·개인연금 3층 구조,academy-retirement-planning-ch2,Finance,retirement-planning,2,blog-oiyo,
academy-retirement-planning-ch3,academy,published,ko,Ch3. 은퇴 설계 — 배당·임대·연금·파트타임 현금흐름,academy-retirement-planning-ch3,Finance,retirement-planning,3,blog-oiyo,
academy-retirement-planning-ch4,academy,published,ko,Ch4. 은퇴 설계 — 4% 룰·버킷 전략·세금 인출 순서,academy-retirement-planning-ch4,Finance,retirement-planning,4,blog-oiyo,
academy-retirement-planning-ch5,academy,published,ko,Ch5. 은퇴 설계 — 은퇴 후 건강보험과 의료비 리스크,academy-retirement-planning-ch5,Finance,retirement-planning,5,blog-oiyo,
academy-retirement-planning-ch6,academy,published,ko,Ch6. 은퇴 설계 — 취미·관계·활동으로 삶의 질 만들기,academy-retirement-planning-ch6,Finance,retirement-planning,6,blog-oiyo,
academy-dividend-etf-ch1,academy,published,ko,Ch1. 배당 ETF 투자 — ETF·배당 기초와 월배당 구조,academy-dividend-etf-ch1,Finance,dividend-etf,1,blog-oiyo,
academy-dividend-etf-ch2,academy,published,ko,Ch2. 배당 ETF 투자 — ISA·연금저축·IRP 계좌 전략,academy-dividend-etf-ch2,Finance,dividend-etf,2,blog-oiyo,
academy-dividend-etf-ch3,academy,published,ko,Ch3. 배당 ETF 투자 — 국내 상장 월배당 ETF 비교,academy-dividend-etf-ch3,Finance,dividend-etf,3,blog-oiyo,
academy-dividend-etf-ch4,academy,published,ko,Ch4. 배당 ETF 투자 — 해외 커버드콜 ETF 구조와 선택 기준,academy-dividend-etf-ch4,Finance,dividend-etf,4,blog-oiyo,
academy-dividend-etf-ch5,academy,published,ko,Ch5. 배당 ETF 투자 — 채권·우선주·REIT·YieldMax ETF,academy-dividend-etf-ch5,Finance,dividend-etf,5,blog-oiyo,
academy-dividend-etf-ch6,academy,published,ko,Ch6. 배당 ETF 투자 — 포트폴리오 구성과 월 현금흐름 설계,academy-dividend-etf-ch6,Finance,dividend-etf,6,blog-oiyo,
tool-cash-flow-manager,interactive,published,ko,현금흐름 관리: 월 수입·지출을 한눈에 보고 배당 포트폴리오까지 설계하기,tool-cash-flow-manager,Finance,,,blog-oiyo,CashFlowManager
academy-privacy-manager-cppg-ch1,academy,published,ko,Ch1. CPPG 개인정보관리사 준비 — 자격개요,academy-privacy-manager-cppg-ch1,Computer Science,CPPG 개인정보관리사 준비,1,blog-oiyo,
academy-privacy-manager-cppg-ch2,academy,published,ko,Ch2. CPPG 개인정보관리사 준비 — 개인정보보호 제도와 거버넌스,academy-privacy-manager-cppg-ch2,Computer Science,CPPG 개인정보관리사 준비,2,blog-oiyo,
academy-privacy-manager-cppg-ch3,academy,published,ko,Ch3. CPPG 개인정보관리사 준비 — 개인정보보호 법규,academy-privacy-manager-cppg-ch3,Computer Science,CPPG 개인정보관리사 준비,3,blog-oiyo,
academy-privacy-manager-cppg-ch4,academy,published,ko,Ch4. CPPG 개인정보관리사 준비 — 개인정보 라이프사이클 관리,academy-privacy-manager-cppg-ch4,Computer Science,CPPG 개인정보관리사 준비,4,blog-oiyo,
academy-privacy-manager-cppg-ch5,academy,published,ko,Ch5. CPPG 개인정보관리사 준비 — 기술적·관리적 보호조치,academy-privacy-manager-cppg-ch5,Computer Science,CPPG 개인정보관리사 준비,5,blog-oiyo,
academy-privacy-manager-cppg-ch6,academy,published,ko,Ch6. CPPG 개인정보관리사 준비 — 개인정보 침해 대응·유출 신고,academy-privacy-manager-cppg-ch6,Computer Science,CPPG 개인정보관리사 준비,6,blog-oiyo,
academy-privacy-manager-cppg-ch7,academy,published,ko,Ch7. CPPG 개인정보관리사 준비 — 분야별 개인정보보호,academy-privacy-manager-cppg-ch7,Computer Science,CPPG 개인정보관리사 준비,7,blog-oiyo,
academy-privacy-manager-cppg-ch8,academy,published,ko,Ch8. CPPG 개인정보관리사 준비 — 시험전략,academy-privacy-manager-cppg-ch8,Computer Science,CPPG 개인정보관리사 준비,8,blog-oiyo,
academy-network-administrator-ch1,academy,published,ko,Ch1. 네트워크관리사 준비 — 자격개요,academy-network-administrator-ch1,Computer Science,네트워크관리사 준비,1,blog-oiyo,
academy-network-administrator-ch2,academy,published,ko,Ch2. 네트워크관리사 준비 — TCP/IP와 프로토콜,academy-network-administrator-ch2,Computer Science,네트워크관리사 준비,2,blog-oiyo,
academy-network-administrator-ch3,academy,published,ko,Ch3. 네트워크관리사 준비 — 네트워크 일반,academy-network-administrator-ch3,Computer Science,네트워크관리사 준비,3,blog-oiyo,
academy-network-administrator-ch4,academy,published,ko,Ch4. 네트워크관리사 준비 — NOS 서버 운영,academy-network-administrator-ch4,Computer Science,네트워크관리사 준비,4,blog-oiyo,
academy-network-administrator-ch5,academy,published,ko,Ch5. 네트워크관리사 준비 — 네트워크 운용기기,academy-network-administrator-ch5,Computer Science,네트워크관리사 준비,5,blog-oiyo,
academy-network-administrator-ch6,academy,published,ko,Ch6. 네트워크관리사 준비 — 네트워크 보안 기초,academy-network-administrator-ch6,Computer Science,네트워크관리사 준비,6,blog-oiyo,
academy-network-administrator-ch7,academy,published,ko,Ch7. 네트워크관리사 준비 — 실기 케이블·라우터 명령,academy-network-administrator-ch7,Computer Science,네트워크관리사 준비,7,blog-oiyo,
academy-network-administrator-ch8,academy,published,ko,Ch8. 네트워크관리사 준비 — 시험전략,academy-network-administrator-ch8,Computer Science,네트워크관리사 준비,8,blog-oiyo,
academy-at-cert-fat-tat-ch1,academy,published,ko,Ch1. AT자격(FAT·TAT) 준비 — 자격개요,academy-at-cert-fat-tat-ch1,Accounting,AT자격(FAT·TAT) 준비,1,blog-oiyo,
academy-at-cert-fat-tat-ch2,academy,published,ko,Ch2. AT자격(FAT·TAT) 준비 — 회계 기초와 FAT 2급,academy-at-cert-fat-tat-ch2,Accounting,AT자격(FAT·TAT) 준비,2,blog-oiyo,
academy-at-cert-fat-tat-ch3,academy,published,ko,Ch3. AT자격(FAT·TAT) 준비 — FAT 1급,academy-at-cert-fat-tat-ch3,Accounting,AT자격(FAT·TAT) 준비,3,blog-oiyo,
academy-at-cert-fat-tat-ch4,academy,published,ko,Ch4. AT자격(FAT·TAT) 준비 — 회계 프로그램 실무 입력,academy-at-cert-fat-tat-ch4,Accounting,AT자격(FAT·TAT) 준비,4,blog-oiyo,
academy-at-cert-fat-tat-ch5,academy,published,ko,Ch5. AT자격(FAT·TAT) 준비 — TAT 2급,academy-at-cert-fat-tat-ch5,Accounting,AT자격(FAT·TAT) 준비,5,blog-oiyo,
academy-at-cert-fat-tat-ch6,academy,published,ko,Ch6. AT자격(FAT·TAT) 준비 — TAT 1급,academy-at-cert-fat-tat-ch6,Accounting,AT자격(FAT·TAT) 준비,6,blog-oiyo,
academy-at-cert-fat-tat-ch7,academy,published,ko,Ch7. AT자격(FAT·TAT) 준비 — 실무 전표·신고 입력,academy-at-cert-fat-tat-ch7,Accounting,AT자격(FAT·TAT) 준비,7,blog-oiyo,
academy-at-cert-fat-tat-ch8,academy,published,ko,Ch8. AT자격(FAT·TAT) 준비 — 시험전략,academy-at-cert-fat-tat-ch8,Accounting,AT자격(FAT·TAT) 준비,8,blog-oiyo,
academy-aice-ch1,academy,published,ko,Ch1. AICE 인공지능능력 준비 — 자격개요,academy-aice-ch1,AI Literacy,AICE 인공지능능력 준비,1,blog-oiyo,
academy-aice-ch2,academy,published,ko,Ch2. AICE 인공지능능력 준비 — AI·머신러닝 개념,academy-aice-ch2,AI Literacy,AICE 인공지능능력 준비,2,blog-oiyo,
academy-aice-ch3,academy,published,ko,Ch3. AICE 인공지능능력 준비 — 데이터 이해·전처리,academy-aice-ch3,AI Literacy,AICE 인공지능능력 준비,3,blog-oiyo,
academy-aice-ch4,academy,published,ko,Ch4. AICE 인공지능능력 준비 — 탐색적 데이터 분석(EDA),academy-aice-ch4,AI Literacy,AICE 인공지능능력 준비,4,blog-oiyo,
academy-aice-ch5,academy,published,ko,Ch5. AICE 인공지능능력 준비 — 지도학습(분류·회귀),academy-aice-ch5,AI Literacy,AICE 인공지능능력 준비,5,blog-oiyo,
academy-aice-ch6,academy,published,ko,Ch6. AICE 인공지능능력 준비 — 비지도학습·평가지표,academy-aice-ch6,AI Literacy,AICE 인공지능능력 준비,6,blog-oiyo,
academy-aice-ch7,academy,published,ko,Ch7. AICE 인공지능능력 준비 — 실습(노코드/코딩 트랙),academy-aice-ch7,AI Literacy,AICE 인공지능능력 준비,7,blog-oiyo,
academy-aice-ch8,academy,published,ko,Ch8. AICE 인공지능능력 준비 — 시험전략,academy-aice-ch8,AI Literacy,AICE 인공지능능력 준비,8,blog-oiyo,
academy-sqlp-ch1,academy,published,ko,Ch1. SQLP 전문가 준비 — 자격개요,academy-sqlp-ch1,Computer Science,SQLP 전문가 준비,1,blog-oiyo,
academy-sqlp-ch2,academy,published,ko,Ch2. SQLP 전문가 준비 — 데이터 모델링 심화,academy-sqlp-ch2,Computer Science,SQLP 전문가 준비,2,blog-oiyo,
academy-sqlp-ch3,academy,published,ko,Ch3. SQLP 전문가 준비 — SQL 활용 심화,academy-sqlp-ch3,Computer Science,SQLP 전문가 준비,3,blog-oiyo,
academy-sqlp-ch4,academy,published,ko,Ch4. SQLP 전문가 준비 — 옵티마이저·실행계획,academy-sqlp-ch4,Computer Science,SQLP 전문가 준비,4,blog-oiyo,
academy-sqlp-ch5,academy,published,ko,Ch5. SQLP 전문가 준비 — 인덱스·조인 튜닝,academy-sqlp-ch5,Computer Science,SQLP 전문가 준비,5,blog-oiyo,
academy-sqlp-ch6,academy,published,ko,Ch6. SQLP 전문가 준비 — SQL 튜닝 실전,academy-sqlp-ch6,Computer Science,SQLP 전문가 준비,6,blog-oiyo,
academy-sqlp-ch7,academy,published,ko,Ch7. SQLP 전문가 준비 — 락·트랜잭션,academy-sqlp-ch7,Computer Science,SQLP 전문가 준비,7,blog-oiyo,
academy-sqlp-ch8,academy,published,ko,Ch8. SQLP 전문가 준비 — 시험전략,academy-sqlp-ch8,Computer Science,SQLP 전문가 준비,8,blog-oiyo,
academy-industrial-safety-engineer-ch1,academy,published,ko,Ch1. 산업안전기사 준비 — 자격개요,academy-industrial-safety-engineer-ch1,Engineering,산업안전기사 준비,1,blog-oiyo,
academy-industrial-safety-engineer-ch2,academy,published,ko,Ch2. 산업안전기사 준비 — 안전관리론,academy-industrial-safety-engineer-ch2,Engineering,산업안전기사 준비,2,blog-oiyo,
academy-industrial-safety-engineer-ch3,academy,published,ko,Ch3. 산업안전기사 준비 — 인간공학 및 시스템안전공학,academy-industrial-safety-engineer-ch3,Engineering,산업안전기사 준비,3,blog-oiyo,
academy-industrial-safety-engineer-ch4,academy,published,ko,Ch4. 산업안전기사 준비 — 기계위험방지기술,academy-industrial-safety-engineer-ch4,Engineering,산업안전기사 준비,4,blog-oiyo,
academy-industrial-safety-engineer-ch5,academy,published,ko,Ch5. 산업안전기사 준비 — 전기위험방지기술,academy-industrial-safety-engineer-ch5,Engineering,산업안전기사 준비,5,blog-oiyo,
academy-industrial-safety-engineer-ch6,academy,published,ko,Ch6. 산업안전기사 준비 — 화학설비 위험방지기술,academy-industrial-safety-engineer-ch6,Engineering,산업안전기사 준비,6,blog-oiyo,
academy-industrial-safety-engineer-ch7,academy,published,ko,Ch7. 산업안전기사 준비 — 건설안전기술,academy-industrial-safety-engineer-ch7,Engineering,산업안전기사 준비,7,blog-oiyo,
academy-industrial-safety-engineer-ch8,academy,published,ko,Ch8. 산업안전기사 준비 — 실기·시험전략,academy-industrial-safety-engineer-ch8,Engineering,산업안전기사 준비,8,blog-oiyo,
academy-energy-management-engineer-ch1,academy,published,ko,Ch1. 에너지관리기사 준비 — 자격개요,academy-energy-management-engineer-ch1,Engineering,에너지관리기사 준비,1,blog-oiyo,
academy-energy-management-engineer-ch2,academy,published,ko,Ch2. 에너지관리기사 준비 — 연소공학,academy-energy-management-engineer-ch2,Engineering,에너지관리기사 준비,2,blog-oiyo,
academy-energy-management-engineer-ch3,academy,published,ko,Ch3. 에너지관리기사 준비 — 열역학,academy-energy-management-engineer-ch3,Engineering,에너지관리기사 준비,3,blog-oiyo,
academy-energy-management-engineer-ch4,academy,published,ko,Ch4. 에너지관리기사 준비 — 계측 및 제어,academy-energy-management-engineer-ch4,Engineering,에너지관리기사 준비,4,blog-oiyo,
academy-energy-management-engineer-ch5,academy,published,ko,Ch5. 에너지관리기사 준비 — 열설비재료 및 관계법규,academy-energy-management-engineer-ch5,Engineering,에너지관리기사 준비,5,blog-oiyo,
academy-energy-management-engineer-ch6,academy,published,ko,Ch6. 에너지관리기사 준비 — 열설비설계,academy-energy-management-engineer-ch6,Engineering,에너지관리기사 준비,6,blog-oiyo,
academy-energy-management-engineer-ch7,academy,published,ko,Ch7. 에너지관리기사 준비 — 실기 대비,academy-energy-management-engineer-ch7,Engineering,에너지관리기사 준비,7,blog-oiyo,
academy-energy-management-engineer-ch8,academy,published,ko,Ch8. 에너지관리기사 준비 — 시험전략,academy-energy-management-engineer-ch8,Engineering,에너지관리기사 준비,8,blog-oiyo,
academy-refrigeration-engineer-ch1,academy,published,ko,Ch1. 공조냉동기계기사 준비 — 자격개요,academy-refrigeration-engineer-ch1,Engineering,공조냉동기계기사 준비,1,blog-oiyo,
academy-refrigeration-engineer-ch2,academy,published,ko,Ch2. 공조냉동기계기사 준비 — 냉동공학,academy-refrigeration-engineer-ch2,Engineering,공조냉동기계기사 준비,2,blog-oiyo,
academy-refrigeration-engineer-ch3,academy,published,ko,Ch3. 공조냉동기계기사 준비 — 열역학·전열,academy-refrigeration-engineer-ch3,Engineering,공조냉동기계기사 준비,3,blog-oiyo,
academy-refrigeration-engineer-ch4,academy,published,ko,Ch4. 공조냉동기계기사 준비 — 공기조화,academy-refrigeration-engineer-ch4,Engineering,공조냉동기계기사 준비,4,blog-oiyo,
academy-refrigeration-engineer-ch5,academy,published,ko,Ch5. 공조냉동기계기사 준비 — 유체역학·배관,academy-refrigeration-engineer-ch5,Engineering,공조냉동기계기사 준비,5,blog-oiyo,
academy-refrigeration-engineer-ch6,academy,published,ko,Ch6. 공조냉동기계기사 준비 — 기계열역학 응용,academy-refrigeration-engineer-ch6,Engineering,공조냉동기계기사 준비,6,blog-oiyo,
academy-refrigeration-engineer-ch7,academy,published,ko,Ch7. 공조냉동기계기사 준비 — 관계법규·안전관리,academy-refrigeration-engineer-ch7,Engineering,공조냉동기계기사 준비,7,blog-oiyo,
academy-refrigeration-engineer-ch8,academy,published,ko,Ch8. 공조냉동기계기사 준비 — 실기·시험전략,academy-refrigeration-engineer-ch8,Engineering,공조냉동기계기사 준비,8,blog-oiyo,
academy-solar-energy-engineer-ch1,academy,published,ko,Ch1. 신재생에너지발전설비기사(태양광) 준비 — 자격개요,academy-solar-energy-engineer-ch1,Engineering,신재생에너지발전설비기사(태양광) 준비,1,blog-oiyo,
academy-solar-energy-engineer-ch2,academy,published,ko,Ch2. 신재생에너지발전설비기사(태양광) 준비 — 태양광 발전 원리,academy-solar-energy-engineer-ch2,Engineering,신재생에너지발전설비기사(태양광) 준비,2,blog-oiyo,
academy-solar-energy-engineer-ch3,academy,published,ko,Ch3. 신재생에너지발전설비기사(태양광) 준비 — 태양광 시스템 구성,academy-solar-energy-engineer-ch3,Engineering,신재생에너지발전설비기사(태양광) 준비,3,blog-oiyo,
academy-solar-energy-engineer-ch4,academy,published,ko,Ch4. 신재생에너지발전설비기사(태양광) 준비 — 설계·시공 기초,academy-solar-energy-engineer-ch4,Engineering,신재생에너지발전설비기사(태양광) 준비,4,blog-oiyo,
academy-solar-energy-engineer-ch5,academy,published,ko,Ch5. 신재생에너지발전설비기사(태양광) 준비 — 전기 기초·계통연계,academy-solar-energy-engineer-ch5,Engineering,신재생에너지발전설비기사(태양광) 준비,5,blog-oiyo,
academy-solar-energy-engineer-ch6,academy,published,ko,Ch6. 신재생에너지발전설비기사(태양광) 준비 — 유지보수·안전,academy-solar-energy-engineer-ch6,Engineering,신재생에너지발전설비기사(태양광) 준비,6,blog-oiyo,
academy-solar-energy-engineer-ch7,academy,published,ko,Ch7. 신재생에너지발전설비기사(태양광) 준비 — 관계법규,academy-solar-energy-engineer-ch7,Engineering,신재생에너지발전설비기사(태양광) 준비,7,blog-oiyo,
academy-solar-energy-engineer-ch8,academy,published,ko,Ch8. 신재생에너지발전설비기사(태양광) 준비 — 실기·시험전략,academy-solar-energy-engineer-ch8,Engineering,신재생에너지발전설비기사(태양광) 준비,8,blog-oiyo,
academy-tesat-ch1,academy,published,ko,Ch1. TESAT 경제이해력 준비 — 자격개요,academy-tesat-ch1,Economics,TESAT 경제이해력 준비,1,blog-oiyo,
academy-tesat-ch2,academy,published,ko,Ch2. TESAT 경제이해력 준비 — 미시경제 기초,academy-tesat-ch2,Economics,TESAT 경제이해력 준비,2,blog-oiyo,
academy-tesat-ch3,academy,published,ko,Ch3. TESAT 경제이해력 준비 — 거시경제 기초,academy-tesat-ch3,Economics,TESAT 경제이해력 준비,3,blog-oiyo,
academy-tesat-ch4,academy,published,ko,Ch4. TESAT 경제이해력 준비 — 금융·화폐,academy-tesat-ch4,Economics,TESAT 경제이해력 준비,4,blog-oiyo,
academy-tesat-ch5,academy,published,ko,Ch5. TESAT 경제이해력 준비 — 국제경제·무역,academy-tesat-ch5,Economics,TESAT 경제이해력 준비,5,blog-oiyo,
academy-tesat-ch6,academy,published,ko,Ch6. TESAT 경제이해력 준비 — 시사경제·경제정책,academy-tesat-ch6,Economics,TESAT 경제이해력 준비,6,blog-oiyo,
academy-tesat-ch7,academy,published,ko,Ch7. TESAT 경제이해력 준비 — 기출 유형·도표 해석,academy-tesat-ch7,Economics,TESAT 경제이해력 준비,7,blog-oiyo,
academy-tesat-ch8,academy,published,ko,Ch8. TESAT 경제이해력 준비 — 시험전략,academy-tesat-ch8,Economics,TESAT 경제이해력 준비,8,blog-oiyo,
academy-gtq-ch1,academy,published,ko,Ch1. GTQ 그래픽기술자격 준비 — 자격개요,academy-gtq-ch1,Design,GTQ 그래픽기술자격 준비,1,blog-oiyo,
academy-gtq-ch2,academy,published,ko,Ch2. GTQ 그래픽기술자격 준비 — 포토샵 기본 도구·레이어,academy-gtq-ch2,Design,GTQ 그래픽기술자격 준비,2,blog-oiyo,
academy-gtq-ch3,academy,published,ko,Ch3. GTQ 그래픽기술자격 준비 — 선택·마스크·합성,academy-gtq-ch3,Design,GTQ 그래픽기술자격 준비,3,blog-oiyo,
academy-gtq-ch4,academy,published,ko,Ch4. GTQ 그래픽기술자격 준비 — 필터·효과·보정,academy-gtq-ch4,Design,GTQ 그래픽기술자격 준비,4,blog-oiyo,
academy-gtq-ch5,academy,published,ko,Ch5. GTQ 그래픽기술자격 준비 — 문자·도형·스타일,academy-gtq-ch5,Design,GTQ 그래픽기술자격 준비,5,blog-oiyo,
academy-gtq-ch6,academy,published,ko,Ch6. GTQ 그래픽기술자격 준비 — 일러스트 기본(GTQi),academy-gtq-ch6,Design,GTQ 그래픽기술자격 준비,6,blog-oiyo,
academy-gtq-ch7,academy,published,ko,Ch7. GTQ 그래픽기술자격 준비 — 실기 작업 유형·시간배분,academy-gtq-ch7,Design,GTQ 그래픽기술자격 준비,7,blog-oiyo,
academy-gtq-ch8,academy,published,ko,Ch8. GTQ 그래픽기술자격 준비 — 시험전략,academy-gtq-ch8,Design,GTQ 그래픽기술자격 준비,8,blog-oiyo,
academy-info-comm-engineer-ch1,academy,published,ko,Ch1. 정보통신기사 준비 — 자격개요,academy-info-comm-engineer-ch1,Computer Science,정보통신기사 준비,1,blog-oiyo,
academy-info-comm-engineer-ch2,academy,published,ko,Ch2. 정보통신기사 준비 — 디지털 통신이론,academy-info-comm-engineer-ch2,Computer Science,정보통신기사 준비,2,blog-oiyo,
academy-info-comm-engineer-ch3,academy,published,ko,Ch3. 정보통신기사 준비 — 정보통신 시스템,academy-info-comm-engineer-ch3,Computer Science,정보통신기사 준비,3,blog-oiyo,
academy-info-comm-engineer-ch4,academy,published,ko,Ch4. 정보통신기사 준비 — 네트워크·프로토콜,academy-info-comm-engineer-ch4,Computer Science,정보통신기사 준비,4,blog-oiyo,
academy-info-comm-engineer-ch5,academy,published,ko,Ch5. 정보통신기사 준비 — 무선·이동통신,academy-info-comm-engineer-ch5,Computer Science,정보통신기사 준비,5,blog-oiyo,
academy-info-comm-engineer-ch6,academy,published,ko,Ch6. 정보통신기사 준비 — 전송·교환 기술,academy-info-comm-engineer-ch6,Computer Science,정보통신기사 준비,6,blog-oiyo,
academy-info-comm-engineer-ch7,academy,published,ko,Ch7. 정보통신기사 준비 — 정보통신 관계법규,academy-info-comm-engineer-ch7,Computer Science,정보통신기사 준비,7,blog-oiyo,
academy-info-comm-engineer-ch8,academy,published,ko,Ch8. 정보통신기사 준비 — 실기·시험전략,academy-info-comm-engineer-ch8,Computer Science,정보통신기사 준비,8,blog-oiyo,
academy-data-architecture-semipro-ch1,academy,published,ko,Ch1. DAsP 데이터아키텍처 준전문가 준비 — 자격개요,academy-data-architecture-semipro-ch1,Computer Science,DAsP 데이터아키텍처 준전문가 준비,1,blog-oiyo,
academy-data-architecture-semipro-ch2,academy,published,ko,Ch2. DAsP 데이터아키텍처 준전문가 준비 — 데이터 이해,academy-data-architecture-semipro-ch2,Computer Science,DAsP 데이터아키텍처 준전문가 준비,2,blog-oiyo,
academy-data-architecture-semipro-ch3,academy,published,ko,Ch3. DAsP 데이터아키텍처 준전문가 준비 — 데이터 요구사항 분석,academy-data-architecture-semipro-ch3,Computer Science,DAsP 데이터아키텍처 준전문가 준비,3,blog-oiyo,
academy-data-architecture-semipro-ch4,academy,published,ko,Ch4. DAsP 데이터아키텍처 준전문가 준비 — 데이터 표준화,academy-data-architecture-semipro-ch4,Computer Science,DAsP 데이터아키텍처 준전문가 준비,4,blog-oiyo,
academy-data-architecture-semipro-ch5,academy,published,ko,Ch5. DAsP 데이터아키텍처 준전문가 준비 — 데이터 모델링(개념·논리·물리),academy-data-architecture-semipro-ch5,Computer Science,DAsP 데이터아키텍처 준전문가 준비,5,blog-oiyo,
academy-data-architecture-semipro-ch6,academy,published,ko,Ch6. DAsP 데이터아키텍처 준전문가 준비 — 데이터베이스 설계·품질,academy-data-architecture-semipro-ch6,Computer Science,DAsP 데이터아키텍처 준전문가 준비,6,blog-oiyo,
academy-data-architecture-semipro-ch7,academy,published,ko,Ch7. DAsP 데이터아키텍처 준전문가 준비 — 데이터 거버넌스,academy-data-architecture-semipro-ch7,Computer Science,DAsP 데이터아키텍처 준전문가 준비,7,blog-oiyo,
academy-data-architecture-semipro-ch8,academy,published,ko,Ch8. DAsP 데이터아키텍처 준전문가 준비 — 시험전략,academy-data-architecture-semipro-ch8,Computer Science,DAsP 데이터아키텍처 준전문가 준비,8,blog-oiyo,
academy-ifrs-manager-ch1,academy,published,ko,Ch1. IFRS관리사 준비 — 자격개요,academy-ifrs-manager-ch1,Accounting,IFRS관리사 준비,1,blog-oiyo,
academy-ifrs-manager-ch2,academy,published,ko,Ch2. IFRS관리사 준비 — 재무보고 개념체계,academy-ifrs-manager-ch2,Accounting,IFRS관리사 준비,2,blog-oiyo,
academy-ifrs-manager-ch3,academy,published,ko,Ch3. IFRS관리사 준비 — 자산,academy-ifrs-manager-ch3,Accounting,IFRS관리사 준비,3,blog-oiyo,
academy-ifrs-manager-ch4,academy,published,ko,Ch4. IFRS관리사 준비 — 부채·충당부채,academy-ifrs-manager-ch4,Accounting,IFRS관리사 준비,4,blog-oiyo,
academy-ifrs-manager-ch5,academy,published,ko,Ch5. IFRS관리사 준비 — 수익인식(IFRS 15),academy-ifrs-manager-ch5,Accounting,IFRS관리사 준비,5,blog-oiyo,
academy-ifrs-manager-ch6,academy,published,ko,Ch6. IFRS관리사 준비 — 리스(IFRS 16)·금융상품,academy-ifrs-manager-ch6,Accounting,IFRS관리사 준비,6,blog-oiyo,
academy-ifrs-manager-ch7,academy,published,ko,Ch7. IFRS관리사 준비 — 연결재무제표,academy-ifrs-manager-ch7,Accounting,IFRS관리사 준비,7,blog-oiyo,
academy-ifrs-manager-ch8,academy,published,ko,Ch8. IFRS관리사 준비 — 시험전략,academy-ifrs-manager-ch8,Accounting,IFRS관리사 준비,8,blog-oiyo,
academy-korean-language-kbs-ch1,academy,published,ko,Ch1. KBS한국어능력시험 준비 — 자격개요,academy-korean-language-kbs-ch1,Exam,KBS한국어능력시험 준비,1,blog-oiyo,
academy-korean-language-kbs-ch2,academy,published,ko,Ch2. KBS한국어능력시험 준비 — 듣기·말하기 영역,academy-korean-language-kbs-ch2,Exam,KBS한국어능력시험 준비,2,blog-oiyo,
academy-korean-language-kbs-ch3,academy,published,ko,Ch3. KBS한국어능력시험 준비 — 어휘·어법,academy-korean-language-kbs-ch3,Exam,KBS한국어능력시험 준비,3,blog-oiyo,
academy-korean-language-kbs-ch4,academy,published,ko,Ch4. KBS한국어능력시험 준비 — 쓰기,academy-korean-language-kbs-ch4,Exam,KBS한국어능력시험 준비,4,blog-oiyo,
academy-korean-language-kbs-ch5,academy,published,ko,Ch5. KBS한국어능력시험 준비 — 읽기·이해,academy-korean-language-kbs-ch5,Exam,KBS한국어능력시험 준비,5,blog-oiyo,
academy-korean-language-kbs-ch6,academy,published,ko,Ch6. KBS한국어능력시험 준비 — 국어문화·어문규정,academy-korean-language-kbs-ch6,Exam,KBS한국어능력시험 준비,6,blog-oiyo,
academy-korean-language-kbs-ch7,academy,published,ko,Ch7. KBS한국어능력시험 준비 — 기출 유형,academy-korean-language-kbs-ch7,Exam,KBS한국어능력시험 준비,7,blog-oiyo,
academy-korean-language-kbs-ch8,academy,published,ko,Ch8. KBS한국어능력시험 준비 — 시험전략,academy-korean-language-kbs-ch8,Exam,KBS한국어능력시험 준비,8,blog-oiyo,
academy-construction-safety-engineer-ch1,academy,published,ko,Ch1. 건설안전기사 준비 — 자격개요,academy-construction-safety-engineer-ch1,Engineering,건설안전기사 준비,1,blog-oiyo,
academy-construction-safety-engineer-ch2,academy,published,ko,Ch2. 건설안전기사 준비 — 산업안전관리론,academy-construction-safety-engineer-ch2,Engineering,건설안전기사 준비,2,blog-oiyo,
academy-construction-safety-engineer-ch3,academy,published,ko,Ch3. 건설안전기사 준비 — 산업심리 및 교육,academy-construction-safety-engineer-ch3,Engineering,건설안전기사 준비,3,blog-oiyo,
academy-construction-safety-engineer-ch4,academy,published,ko,Ch4. 건설안전기사 준비 — 인간공학 및 시스템안전,academy-construction-safety-engineer-ch4,Engineering,건설안전기사 준비,4,blog-oiyo,
academy-construction-safety-engineer-ch5,academy,published,ko,Ch5. 건설안전기사 준비 — 건설재료·구조물 안전,academy-construction-safety-engineer-ch5,Engineering,건설안전기사 준비,5,blog-oiyo,
academy-construction-safety-engineer-ch6,academy,published,ko,Ch6. 건설안전기사 준비 — 건설시공·가설공사 안전,academy-construction-safety-engineer-ch6,Engineering,건설안전기사 준비,6,blog-oiyo,
academy-construction-safety-engineer-ch7,academy,published,ko,Ch7. 건설안전기사 준비 — 건설장비·토공사 안전,academy-construction-safety-engineer-ch7,Engineering,건설안전기사 준비,7,blog-oiyo,
academy-construction-safety-engineer-ch8,academy,published,ko,Ch8. 건설안전기사 준비 — 실기·시험전략,academy-construction-safety-engineer-ch8,Engineering,건설안전기사 준비,8,blog-oiyo,
academy-gas-engineer-ch1,academy,published,ko,Ch1. 가스기사 준비 — 자격개요,academy-gas-engineer-ch1,Engineering,가스기사 준비,1,blog-oiyo,
academy-gas-engineer-ch2,academy,published,ko,Ch2. 가스기사 준비 — 연소공학,academy-gas-engineer-ch2,Engineering,가스기사 준비,2,blog-oiyo,
academy-gas-engineer-ch3,academy,published,ko,Ch3. 가스기사 준비 — 가스설비,academy-gas-engineer-ch3,Engineering,가스기사 준비,3,blog-oiyo,
academy-gas-engineer-ch4,academy,published,ko,Ch4. 가스기사 준비 — 가스안전관리,academy-gas-engineer-ch4,Engineering,가스기사 준비,4,blog-oiyo,
academy-gas-engineer-ch5,academy,published,ko,Ch5. 가스기사 준비 — 가스계측,academy-gas-engineer-ch5,Engineering,가스기사 준비,5,blog-oiyo,
academy-gas-engineer-ch6,academy,published,ko,Ch6. 가스기사 준비 — 열역학 응용,academy-gas-engineer-ch6,Engineering,가스기사 준비,6,blog-oiyo,
academy-gas-engineer-ch7,academy,published,ko,Ch7. 가스기사 준비 — 관계법규,academy-gas-engineer-ch7,Engineering,가스기사 준비,7,blog-oiyo,
academy-gas-engineer-ch8,academy,published,ko,Ch8. 가스기사 준비 — 실기·시험전략,academy-gas-engineer-ch8,Engineering,가스기사 준비,8,blog-oiyo,
academy-data-architecture-pro-ch1,academy,published,ko,Ch1. DAP 데이터아키텍처 전문가 준비 — 자격개요,academy-data-architecture-pro-ch1,Computer Science,DAP 데이터아키텍처 전문가 준비,1,blog-oiyo,
academy-data-architecture-pro-ch2,academy,published,ko,Ch2. DAP 데이터아키텍처 전문가 준비 — 전사아키텍처 이해,academy-data-architecture-pro-ch2,Computer Science,DAP 데이터아키텍처 전문가 준비,2,blog-oiyo,
academy-data-architecture-pro-ch3,academy,published,ko,Ch3. DAP 데이터아키텍처 전문가 준비 — 데이터 요건·표준,academy-data-architecture-pro-ch3,Computer Science,DAP 데이터아키텍처 전문가 준비,3,blog-oiyo,
academy-data-architecture-pro-ch4,academy,published,ko,Ch4. DAP 데이터아키텍처 전문가 준비 — 데이터 모델링 심화,academy-data-architecture-pro-ch4,Computer Science,DAP 데이터아키텍처 전문가 준비,4,blog-oiyo,
academy-data-architecture-pro-ch5,academy,published,ko,Ch5. DAP 데이터아키텍처 전문가 준비 — 데이터베이스 설계·성능,academy-data-architecture-pro-ch5,Computer Science,DAP 데이터아키텍처 전문가 준비,5,blog-oiyo,
academy-data-architecture-pro-ch6,academy,published,ko,Ch6. DAP 데이터아키텍처 전문가 준비 — 데이터 품질·거버넌스,academy-data-architecture-pro-ch6,Computer Science,DAP 데이터아키텍처 전문가 준비,6,blog-oiyo,
academy-data-architecture-pro-ch7,academy,published,ko,Ch7. DAP 데이터아키텍처 전문가 준비 — 데이터 운영·보안,academy-data-architecture-pro-ch7,Computer Science,DAP 데이터아키텍처 전문가 준비,7,blog-oiyo,
academy-data-architecture-pro-ch8,academy,published,ko,Ch8. DAP 데이터아키텍처 전문가 준비 — 시험전략,academy-data-architecture-pro-ch8,Computer Science,DAP 데이터아키텍처 전문가 준비,8,blog-oiyo,
academy-topik-ch1,academy,published,ko,Ch1. TOPIK 한국어능력시험 준비 — 자격개요,academy-topik-ch1,Exam,TOPIK 한국어능력시험 준비,1,blog-oiyo,
academy-topik-ch2,academy,published,ko,Ch2. TOPIK 한국어능력시험 준비 — 듣기 전략,academy-topik-ch2,Exam,TOPIK 한국어능력시험 준비,2,blog-oiyo,
academy-topik-ch3,academy,published,ko,Ch3. TOPIK 한국어능력시험 준비 — 읽기 전략,academy-topik-ch3,Exam,TOPIK 한국어능력시험 준비,3,blog-oiyo,
academy-topik-ch4,academy,published,ko,Ch4. TOPIK 한국어능력시험 준비 — 쓰기(중·고급),academy-topik-ch4,Exam,TOPIK 한국어능력시험 준비,4,blog-oiyo,
academy-topik-ch5,academy,published,ko,Ch5. TOPIK 한국어능력시험 준비 — 어휘·문법,academy-topik-ch5,Exam,TOPIK 한국어능력시험 준비,5,blog-oiyo,
academy-topik-ch6,academy,published,ko,Ch6. TOPIK 한국어능력시험 준비 — 등급별 목표 학습,academy-topik-ch6,Exam,TOPIK 한국어능력시험 준비,6,blog-oiyo,
academy-topik-ch7,academy,published,ko,Ch7. TOPIK 한국어능력시험 준비 — 기출 유형,academy-topik-ch7,Exam,TOPIK 한국어능력시험 준비,7,blog-oiyo,
academy-topik-ch8,academy,published,ko,Ch8. TOPIK 한국어능력시험 준비 — 시험전략,academy-topik-ch8,Exam,TOPIK 한국어능력시험 준비,8,blog-oiyo,
academy-erp-information-manager-ch1,academy,published,ko,Ch1. ERP정보관리사 준비 — 자격개요,academy-erp-information-manager-ch1,Accounting,ERP정보관리사 준비,1,blog-oiyo,
academy-erp-information-manager-ch2,academy,published,ko,Ch2. ERP정보관리사 준비 — ERP 개념과 도입,academy-erp-information-manager-ch2,Accounting,ERP정보관리사 준비,2,blog-oiyo,
academy-erp-information-manager-ch3,academy,published,ko,Ch3. ERP정보관리사 준비 — 회계 모듈 기초,academy-erp-information-manager-ch3,Accounting,ERP정보관리사 준비,3,blog-oiyo,
academy-erp-information-manager-ch4,academy,published,ko,Ch4. ERP정보관리사 준비 — 회계 모듈 실무,academy-erp-information-manager-ch4,Accounting,ERP정보관리사 준비,4,blog-oiyo,
academy-erp-information-manager-ch5,academy,published,ko,Ch5. ERP정보관리사 준비 — 인사·급여 모듈,academy-erp-information-manager-ch5,Accounting,ERP정보관리사 준비,5,blog-oiyo,
academy-erp-information-manager-ch6,academy,published,ko,Ch6. ERP정보관리사 준비 — 물류·생산 모듈 개요,academy-erp-information-manager-ch6,Accounting,ERP정보관리사 준비,6,blog-oiyo,
academy-erp-information-manager-ch7,academy,published,ko,Ch7. ERP정보관리사 준비 — 실무 입력·보고서,academy-erp-information-manager-ch7,Accounting,ERP정보관리사 준비,7,blog-oiyo,
academy-erp-information-manager-ch8,academy,published,ko,Ch8. ERP정보관리사 준비 — 시험전략,academy-erp-information-manager-ch8,Accounting,ERP정보관리사 준비,8,blog-oiyo,
academy-semiconductor-design-engineer-ch1,academy,published,ko,Ch1. 반도체설계기사 준비 — 자격개요,academy-semiconductor-design-engineer-ch1,Engineering,반도체설계기사 준비,1,blog-oiyo,
academy-semiconductor-design-engineer-ch2,academy,published,ko,Ch2. 반도체설계기사 준비 — 반도체 소자·공정 기초,academy-semiconductor-design-engineer-ch2,Engineering,반도체설계기사 준비,2,blog-oiyo,
academy-semiconductor-design-engineer-ch3,academy,published,ko,Ch3. 반도체설계기사 준비 — 디지털 논리회로,academy-semiconductor-design-engineer-ch3,Engineering,반도체설계기사 준비,3,blog-oiyo,
academy-semiconductor-design-engineer-ch4,academy,published,ko,Ch4. 반도체설계기사 준비 — 아날로그 회로,academy-semiconductor-design-engineer-ch4,Engineering,반도체설계기사 준비,4,blog-oiyo,
academy-semiconductor-design-engineer-ch5,academy,published,ko,Ch5. 반도체설계기사 준비 — 반도체 설계(HDL·EDA),academy-semiconductor-design-engineer-ch5,Engineering,반도체설계기사 준비,5,blog-oiyo,
academy-semiconductor-design-engineer-ch6,academy,published,ko,Ch6. 반도체설계기사 준비 — 검증·테스트,academy-semiconductor-design-engineer-ch6,Engineering,반도체설계기사 준비,6,blog-oiyo,
academy-semiconductor-design-engineer-ch7,academy,published,ko,Ch7. 반도체설계기사 준비 — 관계 표준·실무,academy-semiconductor-design-engineer-ch7,Engineering,반도체설계기사 준비,7,blog-oiyo,
academy-semiconductor-design-engineer-ch8,academy,published,ko,Ch8. 반도체설계기사 준비 — 시험전략,academy-semiconductor-design-engineer-ch8,Engineering,반도체설계기사 준비,8,blog-oiyo,
academy-info-security-industrial-ch1,academy,published,ko,Ch1. 정보보안산업기사 준비 — 자격개요,academy-info-security-industrial-ch1,Computer Science,정보보안산업기사 준비,1,blog-oiyo,
academy-info-security-industrial-ch2,academy,published,ko,Ch2. 정보보안산업기사 준비 — 시스템 보안,academy-info-security-industrial-ch2,Computer Science,정보보안산업기사 준비,2,blog-oiyo,
academy-info-security-industrial-ch3,academy,published,ko,Ch3. 정보보안산업기사 준비 — 네트워크 보안,academy-info-security-industrial-ch3,Computer Science,정보보안산업기사 준비,3,blog-oiyo,
academy-info-security-industrial-ch4,academy,published,ko,Ch4. 정보보안산업기사 준비 — 애플리케이션 보안,academy-info-security-industrial-ch4,Computer Science,정보보안산업기사 준비,4,blog-oiyo,
academy-info-security-industrial-ch5,academy,published,ko,Ch5. 정보보안산업기사 준비 — 암호·인증 기초,academy-info-security-industrial-ch5,Computer Science,정보보안산업기사 준비,5,blog-oiyo,
academy-info-security-industrial-ch6,academy,published,ko,Ch6. 정보보안산업기사 준비 — 정보보안 관리·법규,academy-info-security-industrial-ch6,Computer Science,정보보안산업기사 준비,6,blog-oiyo,
academy-info-security-industrial-ch7,academy,published,ko,Ch7. 정보보안산업기사 준비 — 실기 대비,academy-info-security-industrial-ch7,Computer Science,정보보안산업기사 준비,7,blog-oiyo,
academy-info-security-industrial-ch8,academy,published,ko,Ch8. 정보보안산업기사 준비 — 시험전략,academy-info-security-industrial-ch8,Computer Science,정보보안산업기사 준비,8,blog-oiyo,
academy-info-processing-industrial-ch1,academy,published,ko,Ch1. 정보처리산업기사 준비 — 자격개요,academy-info-processing-industrial-ch1,Computer Science,정보처리산업기사 준비,1,blog-oiyo,
academy-info-processing-industrial-ch2,academy,published,ko,Ch2. 정보처리산업기사 준비 — 소프트웨어 설계,academy-info-processing-industrial-ch2,Computer Science,정보처리산업기사 준비,2,blog-oiyo,
academy-info-processing-industrial-ch3,academy,published,ko,Ch3. 정보처리산업기사 준비 — SW 개발,academy-info-processing-industrial-ch3,Computer Science,정보처리산업기사 준비,3,blog-oiyo,
academy-info-processing-industrial-ch4,academy,published,ko,Ch4. 정보처리산업기사 준비 — 데이터베이스 구축,academy-info-processing-industrial-ch4,Computer Science,정보처리산업기사 준비,4,blog-oiyo,
academy-info-processing-industrial-ch5,academy,published,ko,Ch5. 정보처리산업기사 준비 — 프로그래밍 언어 활용,academy-info-processing-industrial-ch5,Computer Science,정보처리산업기사 준비,5,blog-oiyo,
academy-info-processing-industrial-ch6,academy,published,ko,Ch6. 정보처리산업기사 준비 — 정보시스템 구축관리,academy-info-processing-industrial-ch6,Computer Science,정보처리산업기사 준비,6,blog-oiyo,
academy-info-processing-industrial-ch7,academy,published,ko,Ch7. 정보처리산업기사 준비 — 실기 대비,academy-info-processing-industrial-ch7,Computer Science,정보처리산업기사 준비,7,blog-oiyo,
academy-info-processing-industrial-ch8,academy,published,ko,Ch8. 정보처리산업기사 준비 — 시험전략,academy-info-processing-industrial-ch8,Computer Science,정보처리산업기사 준비,8,blog-oiyo,
academy-food-engineer-ch1,academy,published,ko,Ch1. 식품기사 준비 — 자격 개요,academy-food-engineer-ch1,Engineering,식품기사 준비,1,blog-oiyo,
academy-food-engineer-ch2,academy,published,ko,Ch2. 식품기사 준비 — 식품위생학,academy-food-engineer-ch2,Engineering,식품기사 준비,2,blog-oiyo,
academy-food-engineer-ch3,academy,published,ko,Ch3. 식품기사 준비 — 식품화학,academy-food-engineer-ch3,Engineering,식품기사 준비,3,blog-oiyo,
academy-food-engineer-ch4,academy,published,ko,Ch4. 식품기사 준비 — 식품가공·공정,academy-food-engineer-ch4,Engineering,식품기사 준비,4,blog-oiyo,
academy-food-engineer-ch5,academy,published,ko,Ch5. 식품기사 준비 — 식품미생물학,academy-food-engineer-ch5,Engineering,식품기사 준비,5,blog-oiyo,
academy-food-engineer-ch6,academy,published,ko,Ch6. 식품기사 준비 — 식품관계법규,academy-food-engineer-ch6,Engineering,식품기사 준비,6,blog-oiyo,
academy-food-engineer-ch7,academy,published,ko,Ch7. 식품기사 준비 — 과목 통합·기출,academy-food-engineer-ch7,Engineering,식품기사 준비,7,blog-oiyo,
academy-food-engineer-ch8,academy,published,ko,Ch8. 식품기사 준비 — 실기 대비와 학습전략,academy-food-engineer-ch8,Engineering,식품기사 준비,8,blog-oiyo,
academy-forestry-engineer-ch1,academy,published,ko,Ch1. 산림기사 준비 — 자격 개요,academy-forestry-engineer-ch1,Engineering,산림기사 준비,1,blog-oiyo,
academy-forestry-engineer-ch2,academy,published,ko,Ch2. 산림기사 준비 — 조림학,academy-forestry-engineer-ch2,Engineering,산림기사 준비,2,blog-oiyo,
academy-forestry-engineer-ch3,academy,published,ko,Ch3. 산림기사 준비 — 임업경영학,academy-forestry-engineer-ch3,Engineering,산림기사 준비,3,blog-oiyo,
academy-forestry-engineer-ch4,academy,published,ko,Ch4. 산림기사 준비 — 산림보호학,academy-forestry-engineer-ch4,Engineering,산림기사 준비,4,blog-oiyo,
academy-forestry-engineer-ch5,academy,published,ko,Ch5. 산림기사 준비 — 임도공학,academy-forestry-engineer-ch5,Engineering,산림기사 준비,5,blog-oiyo,
academy-forestry-engineer-ch6,academy,published,ko,Ch6. 산림기사 준비 — 사방공학,academy-forestry-engineer-ch6,Engineering,산림기사 준비,6,blog-oiyo,
academy-forestry-engineer-ch7,academy,published,ko,Ch7. 산림기사 준비 — 과목 통합·기출,academy-forestry-engineer-ch7,Engineering,산림기사 준비,7,blog-oiyo,
academy-forestry-engineer-ch8,academy,published,ko,Ch8. 산림기사 준비 — 실기 대비와 학습전략,academy-forestry-engineer-ch8,Engineering,산림기사 준비,8,blog-oiyo,
academy-industrial-hygiene-engineer-ch1,academy,published,ko,Ch1. 산업위생관리기사 준비 — 자격 개요,academy-industrial-hygiene-engineer-ch1,Engineering,산업위생관리기사 준비,1,blog-oiyo,
academy-industrial-hygiene-engineer-ch2,academy,published,ko,Ch2. 산업위생관리기사 준비 — 산업위생학 개론,academy-industrial-hygiene-engineer-ch2,Engineering,산업위생관리기사 준비,2,blog-oiyo,
academy-industrial-hygiene-engineer-ch3,academy,published,ko,Ch3. 산업위생관리기사 준비 — 작업환경 측정·평가,academy-industrial-hygiene-engineer-ch3,Engineering,산업위생관리기사 준비,3,blog-oiyo,
academy-industrial-hygiene-engineer-ch4,academy,published,ko,Ch4. 산업위생관리기사 준비 — 작업환경 관리,academy-industrial-hygiene-engineer-ch4,Engineering,산업위생관리기사 준비,4,blog-oiyo,
academy-industrial-hygiene-engineer-ch5,academy,published,ko,Ch5. 산업위생관리기사 준비 — 산업독성학,academy-industrial-hygiene-engineer-ch5,Engineering,산업위생관리기사 준비,5,blog-oiyo,
academy-industrial-hygiene-engineer-ch6,academy,published,ko,Ch6. 산업위생관리기사 준비 — 산업안전보건법규,academy-industrial-hygiene-engineer-ch6,Engineering,산업위생관리기사 준비,6,blog-oiyo,
academy-industrial-hygiene-engineer-ch7,academy,published,ko,Ch7. 산업위생관리기사 준비 — 과목 통합·기출,academy-industrial-hygiene-engineer-ch7,Engineering,산업위생관리기사 준비,7,blog-oiyo,
academy-industrial-hygiene-engineer-ch8,academy,published,ko,Ch8. 산업위생관리기사 준비 — 실기 대비와 학습전략,academy-industrial-hygiene-engineer-ch8,Engineering,산업위생관리기사 준비,8,blog-oiyo,
academy-professional-engineer-intro-ch1,academy,published,ko,Ch1. 기술사 입문 — 기술사란,academy-professional-engineer-intro-ch1,Engineering,기술사 입문,1,blog-oiyo,
academy-professional-engineer-intro-ch2,academy,published,ko,Ch2. 기술사 입문 — 대표 종목 지도,academy-professional-engineer-intro-ch2,Engineering,기술사 입문,2,blog-oiyo,
academy-professional-engineer-intro-ch3,academy,published,ko,Ch3. 기술사 입문 — 응시자격과 경력 요건,academy-professional-engineer-intro-ch3,Engineering,기술사 입문,3,blog-oiyo,
academy-professional-engineer-intro-ch4,academy,published,ko,Ch4. 기술사 입문 — 필기 공부법,academy-professional-engineer-intro-ch4,Engineering,기술사 입문,4,blog-oiyo,
academy-professional-engineer-intro-ch5,academy,published,ko,Ch5. 기술사 입문 — 면접 대비,academy-professional-engineer-intro-ch5,Engineering,기술사 입문,5,blog-oiyo,
academy-professional-engineer-intro-ch6,academy,published,ko,Ch6. 기술사 입문 — 답안 작성·서브노트 전략,academy-professional-engineer-intro-ch6,Engineering,기술사 입문,6,blog-oiyo,
academy-professional-engineer-intro-ch7,academy,published,ko,Ch7. 기술사 입문 — 직무·우대·활용,academy-professional-engineer-intro-ch7,Engineering,기술사 입문,7,blog-oiyo,
academy-professional-engineer-intro-ch8,academy,published,ko,Ch8. 기술사 입문 — 장기 학습 로드맵과 마무리,academy-professional-engineer-intro-ch8,Engineering,기술사 입문,8,blog-oiyo,
academy-leet-prep-ch1,academy,published,ko,Ch1. LEET 법학적성시험 — LEET 개요,academy-leet-prep-ch1,Humanities,LEET 법학적성시험,1,blog-oiyo,
academy-leet-prep-ch2,academy,published,ko,Ch2. LEET 법학적성시험 — 언어이해 전략,academy-leet-prep-ch2,Humanities,LEET 법학적성시험,2,blog-oiyo,
academy-leet-prep-ch3,academy,published,ko,Ch3. LEET 법학적성시험 — 추리논증 기초,academy-leet-prep-ch3,Humanities,LEET 법학적성시험,3,blog-oiyo,
academy-leet-prep-ch4,academy,published,ko,Ch4. LEET 법학적성시험 — 추리논증 심화,academy-leet-prep-ch4,Humanities,LEET 법학적성시험,4,blog-oiyo,
academy-leet-prep-ch5,academy,published,ko,Ch5. LEET 법학적성시험 — 논술 구조와 작성,academy-leet-prep-ch5,Humanities,LEET 법학적성시험,5,blog-oiyo,
academy-leet-prep-ch6,academy,published,ko,Ch6. LEET 법학적성시험 — 시간관리·실전,academy-leet-prep-ch6,Humanities,LEET 법학적성시험,6,blog-oiyo,
academy-leet-prep-ch7,academy,published,ko,Ch7. LEET 법학적성시험 — 로스쿨 입시에서의 역할,academy-leet-prep-ch7,Humanities,LEET 법학적성시험,7,blog-oiyo,
academy-leet-prep-ch8,academy,published,ko,Ch8. LEET 법학적성시험 — 학습 로드맵과 마무리,academy-leet-prep-ch8,Humanities,LEET 법학적성시험,8,blog-oiyo,
academy-computerized-accounting-2-ch1,academy,published,ko,Ch1. 회계의 기본 개념과 회계의 순환과정 — 회계 등식에서 결산까지,academy-computerized-accounting-2-ch1,Finance,전산회계 2급,1,blog-oiyo,
academy-computerized-accounting-2-ch2,academy,published,ko,Ch2. 당좌자산과 재고자산 — 현금·채권·상품 흐름 읽기,academy-computerized-accounting-2-ch2,Finance,전산회계 2급,2,blog-oiyo,
academy-computerized-accounting-2-ch3,academy,published,ko,Ch3. 비유동자산 — 유형자산·무형자산·투자자산,academy-computerized-accounting-2-ch3,Finance,전산회계 2급,3,blog-oiyo,
academy-computerized-accounting-2-ch4,academy,published,ko,Ch4. 부채와 자본 — 갚을 돈과 소유주의 몫 구분하기,academy-computerized-accounting-2-ch4,Finance,전산회계 2급,4,blog-oiyo,
academy-computerized-accounting-2-ch5,academy,published,ko,"Ch5. 수익과 비용, 그리고 결산정리 — 발생·이연과 손익 대체",academy-computerized-accounting-2-ch5,Finance,전산회계 2급,5,blog-oiyo,
academy-computerized-accounting-2-ch6,academy,published,ko,Ch6. 분개와 전표 작성 실무 — 입금·출금·대체전표 연습,academy-computerized-accounting-2-ch6,Finance,전산회계 2급,6,blog-oiyo,
academy-computerized-accounting-2-ch7,academy,published,ko,Ch7. KcLep 프로그램 실무 — 기초정보 등록과 일반전표 입력,academy-computerized-accounting-2-ch7,Finance,전산회계 2급,7,blog-oiyo,
academy-computerized-accounting-2-ch8,academy,published,ko,Ch8. 재무제표 작성과 시험 대비 전략 — 기출 유형과 시간 배분,academy-computerized-accounting-2-ch8,Finance,전산회계 2급,8,blog-oiyo,
academy-librarian-guide-ch1,academy,published,ko,Ch1. 사서 자격·진로 — 사서 자격의 종류와 취득 경로,academy-librarian-guide-ch1,Career,사서 자격·진로,1,blog-oiyo,
academy-librarian-guide-ch2,academy,published,ko,Ch2. 사서 자격·진로 — 문헌정보학 핵심 영역 개관,academy-librarian-guide-ch2,Career,사서 자격·진로,2,blog-oiyo,
academy-librarian-guide-ch3,academy,published,ko,Ch3. 사서 자격·진로 — 자료 조직,academy-librarian-guide-ch3,Career,사서 자격·진로,3,blog-oiyo,
academy-librarian-guide-ch4,academy,published,ko,Ch4. 사서 자격·진로 — 정보서비스·이용자,academy-librarian-guide-ch4,Career,사서 자격·진로,4,blog-oiyo,
academy-librarian-guide-ch5,academy,published,ko,Ch5. 사서 자격·진로 — 디지털 도서관·정보기술,academy-librarian-guide-ch5,Career,사서 자격·진로,5,blog-oiyo,
academy-librarian-guide-ch6,academy,published,ko,Ch6. 사서 자격·진로 — 사서직 공무원·사서교사 임용 경로,academy-librarian-guide-ch6,Career,사서 자격·진로,6,blog-oiyo,
academy-librarian-guide-ch7,academy,published,ko,Ch7. 사서 자격·진로 — 도서관 현장과 진로,academy-librarian-guide-ch7,Career,사서 자격·진로,7,blog-oiyo,
academy-librarian-guide-ch8,academy,published,ko,Ch8. 사서 자격·진로 — 준비 로드맵과 마무리,academy-librarian-guide-ch8,Career,사서 자격·진로,8,blog-oiyo,
