file,locale,slug,category,explicit_track,inferred_track,bridge_components,outside_magazine_surface,component_count
src/content/blog/en/image-tools-creative-suite.mdx,en,image-tools-creative-suite,Technology,,magazine,,GrayscaleConverter|ImageCropper|ImageDegrader|ImagePixelator|ImageProcessor|MetadataViewer|PaletteExtractor,7
src/content/blog/en/education-finance-ch12.mdx,en,education-finance-ch12,Education,,magazine,,CAPMCalculator|WACCCalculator,4
src/content/blog/en/education-game-theory-ch2.mdx,en,education-game-theory-ch2,Education,,magazine,,LectureProcess|LectureTable,3
src/content/blog/en/education-game-theory-ch3.mdx,en,education-game-theory-ch3,Education,,magazine,,LectureProcess|LectureTable,3
src/content/blog/en/magazine-education-portfolio-lab.mdx,en,magazine-education-portfolio-lab,Magazine,,magazine,,BondPricer|PortfolioVisualizer,5
src/content/blog/en/age-calculator-korean-standards.mdx,en,age-calculator-korean-standards,Life,,magazine,,AgeCalculator,1
src/content/blog/en/ascii-art-generator-creative-tool.mdx,en,ascii-art-generator-creative-tool,Tools,,magazine,,AsciiArtGenerator,1
src/content/blog/en/base64-converter-encoding-guide.mdx,en,base64-converter-encoding-guide,Tools,,magazine,,Base64Converter,1
src/content/blog/en/blackjack-probability-decision.mdx,en,blackjack-probability-decision,Games,,magazine,,Blackjack,1
src/content/blog/en/bmi-body-fat-health-guide.mdx,en,bmi-body-fat-health-guide,Health,,magazine,,BmiCalculator,3
src/content/blog/en/caffeine-half-life-sleep.mdx,en,caffeine-half-life-sleep,Health,,magazine,,CaffeineCalculator,1
src/content/blog/en/caffeine-sensitivity-guide.mdx,en,caffeine-sensitivity-guide,Health,,magazine,,CaffeineCalculator,6
src/content/blog/en/career-growth-snake-game.mdx,en,career-growth-snake-game,Productivity,,magazine,,SnakeGame,1
src/content/blog/en/checkers-maneuver-strategy.mdx,en,checkers-maneuver-strategy,Games,,magazine,,Checkers,1
src/content/blog/en/chess-strategy-depth-thinking.mdx,en,chess-strategy-depth-thinking,Games,,magazine,,ChessBoard,3
src/content/blog/en/child-growth-height-guide.mdx,en,child-growth-height-guide,Health,,magazine,,ChildHeightCalculator,5
src/content/blog/en/child-height-prediction-factors.mdx,en,child-height-prediction-factors,Health,,magazine,,HeightPredictor,1
src/content/blog/en/chimp-test-cognitive-memory.mdx,en,chimp-test-cognitive-memory,Science,,magazine,,ChimpTest,1
src/content/blog/en/developer-unit-converter-guide.mdx,en,developer-unit-converter-guide,Technology,,magazine,,DeveloperUnitConverter,1
src/content/blog/en/dividend-investment-guide.mdx,en,dividend-investment-guide,Investment,,magazine,,DividendCalculator,7
src/content/blog/en/dog-vision-simulator-science.mdx,en,dog-vision-simulator-science,Science,,magazine,,DogVisionSimulator,1
src/content/blog/en/dominoes-connectivity-strategy.mdx,en,dominoes-connectivity-strategy,Games,,magazine,,Dominoes,1
src/content/blog/en/education-finance-ch13.mdx,en,education-finance-ch13,Education,,magazine,,BondPricer,3
src/content/blog/en/education-finance-ch14.mdx,en,education-finance-ch14,Education,,magazine,,PortfolioVisualizer,3
src/content/blog/en/freecell-resource-allocation.mdx,en,freecell-resource-allocation,Strategy,,magazine,,FreeCell,1
src/content/blog/en/game-2048-exponential-thinking.mdx,en,game-2048-exponential-thinking,Strategy,,magazine,,Game2048,3
src/content/blog/en/gomoku-five-in-a-row-strategy.mdx,en,gomoku-five-in-a-row-strategy,Strategy,,magazine,,Gomoku,3
src/content/blog/en/gpa-academic-performance-strategy.mdx,en,gpa-academic-performance-strategy,Life,,magazine,,GpaCalculator,1
src/content/blog/en/height-predictor-growth-guide.mdx,en,height-predictor-growth-guide,Health,,magazine,,HeightPredictor,1
src/content/blog/en/hitori-decluttering-strategy.mdx,en,hitori-decluttering-strategy,Philosophy,,magazine,,Hitori,1
src/content/blog/en/intermittent-fasting-metabolism.mdx,en,intermittent-fasting-metabolism,Health,,magazine,,FastingTimer,1
src/content/blog/en/intermittent-fasting-timer-guide.mdx,en,intermittent-fasting-timer-guide,Health,,magazine,,FastingTimer,1
src/content/blog/en/janggi-negotiation-strategy.mdx,en,janggi-negotiation-strategy,Education,,magazine,,JanggiBoard,1
src/content/blog/en/magazine-attachment-test.mdx,en,magazine-attachment-test,Magazine,,magazine,AttachmentTest,,2
src/content/blog/en/magazine-developer-toolkit.mdx,en,magazine-developer-toolkit,Magazine,,magazine,,DeveloperUnitConverter,2
src/content/blog/en/magazine-education-productivity-lab.mdx,en,magazine-education-productivity-lab,Magazine,,magazine,TypingSpeedTest,,4
src/content/blog/en/magazine-education-psychology-lab.mdx,en,magazine-education-psychology-lab,Magazine,,magazine,AttachmentTest,,4
src/content/blog/en/magazine-education-statistics-lab.mdx,en,magazine-education-statistics-lab,Magazine,,magazine,,SamplingErrorLab,4
src/content/blog/en/magazine-education-strategy-lab.mdx,en,magazine-education-strategy-lab,Magazine,,magazine,,SWOTBuilder,4
src/content/blog/en/magazine-education-trade-lab.mdx,en,magazine-education-trade-lab,Magazine,,magazine,,CompAdvantageCalculator,4
src/content/blog/en/magazine-education-variance-lab.mdx,en,magazine-education-variance-lab,Magazine,,magazine,,VarianceAnalysis,4
src/content/blog/en/magazine-lost-ark-stone-odds.mdx,en,magazine-lost-ark-stone-odds,Magazine,,magazine,StoneSimulator,,2
src/content/blog/en/meeting-cost-corporate-efficiency.mdx,en,meeting-cost-corporate-efficiency,Culture,,magazine,,MeetingCostCalculator,1
src/content/blog/en/meeting-cost-productivity.mdx,en,meeting-cost-productivity,Lifestyle,,magazine,,MeetingCostCalculator,5
src/content/blog/en/minesweeper-risk-management.mdx,en,minesweeper-risk-management,Education,,magazine,,Minesweeper,1
src/content/blog/en/pet-age-human-comparison.mdx,en,pet-age-human-comparison,Life,,magazine,,PetAgeCalculator,1
src/content/blog/en/pregnancy-cycle-womens-health.mdx,en,pregnancy-cycle-womens-health,Health,,magazine,,PregnancyCalculator,1
src/content/blog/en/psychology-wordle-game.mdx,en,psychology-wordle-game,Education,,magazine,,PsychologyWordle,1
src/content/blog/en/reversi-reversal-strategy.mdx,en,reversi-reversal-strategy,Strategy,,magazine,,Reversi,1
src/content/blog/en/solitaire-order-focus.mdx,en,solitaire-order-focus,Education,,magazine,,Solitaire,1
src/content/blog/en/sudoku-deduction-logic.mdx,en,sudoku-deduction-logic,Education,,magazine,,Sudoku,1
src/content/blog/en/svg-studio-vector-design-tool.mdx,en,svg-studio-vector-design-tool,Technology,,magazine,,SvgStudio,1
src/content/blog/en/tents-trees-logical-deployment.mdx,en,tents-trees-logical-deployment,Education,,magazine,,TentsAndTrees,1
src/content/blog/en/watersort-process-refining.mdx,en,watersort-process-refining,Strategy,,magazine,,WaterSort,1
src/content/blog/en/wheel-spinner-decision-fatigue.mdx,en,wheel-spinner-decision-fatigue,Strategy,,magazine,,WheelSpinner,1
src/content/blog/cn/ancestor-worship-jesa.mdx,cn,ancestor-worship-jesa,Myth & Culture,,magazine,,,0
src/content/blog/cn/attachment-theory-relationships.mdx,cn,attachment-theory-relationships,Mind & Psychology,,magazine,,,0
src/content/blog/cn/black-death-pandemic-economics.mdx,cn,black-death-pandemic-economics,Myth & Culture,,magazine,,,0
src/content/blog/cn/buddhist-void-sunyata.mdx,cn,buddhist-void-sunyata,Philosophy & Spirit,,magazine,,,0
src/content/blog/cn/bystander-effect-apathy.mdx,cn,bystander-effect-apathy,Mind & Psychology,,magazine,,,0
src/content/blog/cn/cassandra-unbelieved-truth.mdx,cn,cassandra-unbelieved-truth,Myth & Culture,,magazine,,,0
src/content/blog/cn/cognitive-dissonance-beliefs.mdx,cn,cognitive-dissonance-beliefs,Mind & Psychology,,magazine,,,0
src/content/blog/cn/confucianism-hierarchy-respect.mdx,cn,confucianism-hierarchy-respect,Philosophy & Spirit,,magazine,,,0
src/content/blog/cn/consciousness-hard-problem.mdx,cn,consciousness-hard-problem,Lifestyle & Growth,,magazine,,,0
src/content/blog/cn/digital-narcissism-selfie.mdx,cn,digital-narcissism-selfie,Mind & Psychology,,magazine,,,0
src/content/blog/cn/dokkaebi-wealth-mischief.mdx,cn,dokkaebi-wealth-mischief,Myth & Culture,,magazine,,,0
src/content/blog/cn/dopamine-fasting-focus.mdx,cn,dopamine-fasting-focus,Mind & Psychology,,magazine,,,0
src/content/blog/cn/dream-interpretation-taemong.mdx,cn,dream-interpretation-taemong,Myth & Culture,,magazine,,,0
src/content/blog/cn/enneagram-nine-peacemaker-path.mdx,cn,enneagram-nine-peacemaker-path,Mind & Psychology,,magazine,,,0
src/content/blog/cn/entropy-thermodynamics-decay.mdx,cn,entropy-thermodynamics-decay,Lifestyle & Growth,,magazine,,,0
src/content/blog/cn/epigenetics-trauma-inheritance.mdx,cn,epigenetics-trauma-inheritance,Lifestyle & Growth,,magazine,,,0
src/content/blog/cn/evil-eye-envy-protection.mdx,cn,evil-eye-envy-protection,Myth & Culture,,magazine,,,0
src/content/blog/cn/evolution-survival-friendliest.mdx,cn,evolution-survival-friendliest,Lifestyle & Growth,,magazine,,,0
src/content/blog/cn/fall-of-rome-modern-parallels.mdx,cn,fall-of-rome-modern-parallels,Myth & Culture,,magazine,,,0
src/content/blog/cn/five-love-languages-connection.mdx,cn,five-love-languages-connection,Mind & Psychology,,magazine,,,0
src/content/blog/cn/gaslighting-reality-distortion.mdx,cn,gaslighting-reality-distortion,Mind & Psychology,,magazine,,,0
src/content/blog/cn/gnosticism-hidden-god.mdx,cn,gnosticism-hidden-god,Philosophy & Spirit,,magazine,,,0
src/content/blog/cn/gumiho-desire-taboo.mdx,cn,gumiho-desire-taboo,Myth & Culture,,magazine,,,0
src/content/blog/cn/heros-journey-campbell.mdx,cn,heros-journey-campbell,Myth & Culture,,magazine,,,0
src/content/blog/cn/house-gods-seongju.mdx,cn,house-gods-seongju,Myth & Culture,,magazine,,,0
src/content/blog/cn/icarus-ambition-crash.mdx,cn,icarus-ambition-crash,Myth & Culture,,magazine,,,0
src/content/blog/cn/ikigai-four-circles-purpose-finding.mdx,cn,ikigai-four-circles-purpose-finding,Lifestyle & Growth,,magazine,,,0
src/content/blog/cn/imposter-syndrome-fraudulence.mdx,cn,imposter-syndrome-fraudulence,Mind & Psychology,,magazine,,,0
src/content/blog/cn/industrial-revolution-alienation.mdx,cn,industrial-revolution-alienation,Myth & Culture,,magazine,,,0
src/content/blog/cn/jungian-shadow-work-meeting-dark-self.mdx,cn,jungian-shadow-work-meeting-dark-self,Mind & Psychology,,magazine,,,0
src/content/blog/cn/karma-moral-causality.mdx,cn,karma-moral-causality,Philosophy & Spirit,,magazine,,,0
src/content/blog/cn/korean-shamanism-muism.mdx,cn,korean-shamanism-muism,Myth & Culture,,magazine,,,0
src/content/blog/cn/lecture-1.mdx,cn,lecture-1,Philosophy & Spirit,,magazine,,,0
src/content/blog/cn/lecture-22.mdx,cn,lecture-22,Myth & Culture,,magazine,,,0
src/content/blog/cn/lecture-6.mdx,cn,lecture-6,Philosophy & Spirit,,magazine,,,0
src/content/blog/cn/machiavellianism-modern-workplace.mdx,cn,machiavellianism-modern-workplace,Mind & Psychology,,magazine,,,0
src/content/blog/cn/magazine-checklist-car-rental.mdx,cn,magazine-checklist-car-rental,Insights,,magazine,,,2
src/content/blog/cn/magazine-checklist-digital-used-trade.mdx,cn,magazine-checklist-digital-used-trade,Insights,,magazine,,,2
src/content/blog/cn/magazine-checklist-medical.mdx,cn,magazine-checklist-medical,Insights,,magazine,,,1
src/content/blog/cn/magazine-checklist-overseas-travel.mdx,cn,magazine-checklist-overseas-travel,Insights,,magazine,,,1
src/content/blog/cn/magazine-checklist-pet.mdx,cn,magazine-checklist-pet,Insights,,magazine,,,2
src/content/blog/cn/magazine-checklist-real-estate-moving.mdx,cn,magazine-checklist-real-estate-moving,Insights,,magazine,,,2
src/content/blog/cn/maslow-hierarchy-self-transcendence.mdx,cn,maslow-hierarchy-self-transcendence,Mind & Psychology,,magazine,,,0
src/content/blog/cn/meaning-of-akashic-records.mdx,cn,meaning-of-akashic-records,Philosophy & Spirit,,magazine,,,3
src/content/blog/cn/meaning-of-almanac.mdx,cn,meaning-of-almanac,Mysticism,,magazine,,,3
src/content/blog/cn/meaning-of-archetypes.mdx,cn,meaning-of-archetypes,Mysticism,,magazine,,,3
src/content/blog/cn/meaning-of-astrology.mdx,cn,meaning-of-astrology,Mysticism,,magazine,,,3
src/content/blog/cn/meaning-of-attachment-theory.mdx,cn,meaning-of-attachment-theory,Mind & Psychology,,magazine,,,3
src/content/blog/cn/meaning-of-big5.mdx,cn,meaning-of-big5,Mind & Psychology,,magazine,,,3
src/content/blog/cn/meaning-of-biorhythms.mdx,cn,meaning-of-biorhythms,Mysticism,,magazine,,,3
src/content/blog/cn/meaning-of-celtic-mythology.mdx,cn,meaning-of-celtic-mythology,Mythology,,magazine,,,3
src/content/blog/cn/meaning-of-chronotypes.mdx,cn,meaning-of-chronotypes,Mind & Psychology,,magazine,,,3
src/content/blog/cn/meaning-of-cognitive-biases.mdx,cn,meaning-of-cognitive-biases,Mind & Psychology,,magazine,,,3
src/content/blog/cn/meaning-of-egyptian-astrology.mdx,cn,meaning-of-egyptian-astrology,Mysticism,,magazine,,,3
src/content/blog/cn/meaning-of-enneagram.mdx,cn,meaning-of-enneagram,Mysticism,,magazine,,,3
src/content/blog/cn/meaning-of-gut-microbiome.mdx,cn,meaning-of-gut-microbiome,Mind & Psychology,,magazine,,,3
src/content/blog/cn/meaning-of-hellenistic-astrology.mdx,cn,meaning-of-hellenistic-astrology,Mysticism,,magazine,,,3
src/content/blog/cn/meaning-of-hexaco.mdx,cn,meaning-of-hexaco,Lifestyle & Growth,,magazine,,,3
src/content/blog/cn/meaning-of-hormones.mdx,cn,meaning-of-hormones,Mind & Psychology,,magazine,,,3
src/content/blog/cn/meaning-of-hsp.mdx,cn,meaning-of-hsp,Mind & Psychology,,magazine,,,3
src/content/blog/cn/meaning-of-human-design.mdx,cn,meaning-of-human-design,Mysticism,,magazine,,,3
src/content/blog/cn/meaning-of-hwarang.mdx,cn,meaning-of-hwarang,Myth & Culture,,magazine,,,3
src/content/blog/cn/meaning-of-kabbalah.mdx,cn,meaning-of-kabbalah,Mysticism,,magazine,,,3
src/content/blog/cn/meaning-of-learning-styles.mdx,cn,meaning-of-learning-styles,Lifestyle & Growth,,magazine,,,3
src/content/blog/cn/meaning-of-mayan-mythology.mdx,cn,meaning-of-mayan-mythology,Mysticism,,magazine,,,3
src/content/blog/cn/meaning-of-mbti.mdx,cn,meaning-of-mbti,Mind & Psychology,,magazine,,,3
src/content/blog/cn/meaning-of-musok.mdx,cn,meaning-of-musok,Mysticism,,magazine,,,3
src/content/blog/cn/meaning-of-nordic-runes.mdx,cn,meaning-of-nordic-runes,Mysticism,,magazine,,,3
src/content/blog/cn/meaning-of-numerology.mdx,cn,meaning-of-numerology,Mysticism,,magazine,,,3
src/content/blog/cn/meaning-of-palja.mdx,cn,meaning-of-palja,Mysticism,,magazine,,,3
src/content/blog/cn/meaning-of-perfectionism.mdx,cn,meaning-of-perfectionism,Mind & Psychology,,magazine,,,3
src/content/blog/cn/meaning-of-riasec.mdx,cn,meaning-of-riasec,Lifestyle & Growth,,magazine,,,3
src/content/blog/cn/meaning-of-tci.mdx,cn,meaning-of-tci,Mind & Psychology,,magazine,,,3
src/content/blog/cn/meaning-of-time.mdx,cn,meaning-of-time,Philosophy & Spirit,,magazine,,,3
src/content/blog/cn/meaning-of-vedic-astrology.mdx,cn,meaning-of-vedic-astrology,Mysticism,,magazine,,,3
src/content/blog/cn/meaning-of-yin-yang.mdx,cn,meaning-of-yin-yang,Philosophy & Spirit,,magazine,,,3
src/content/blog/cn/meaning-of-zi-wei-dou-shu.mdx,cn,meaning-of-zi-wei-dou-shu,Mysticism,,magazine,,,3
src/content/blog/cn/medusa-female-rage.mdx,cn,medusa-female-rage,Myth & Culture,,magazine,,,0
src/content/blog/cn/metacognition-thinking.mdx,cn,metacognition-thinking,Mind & Psychology,,magazine,,,0
src/content/blog/cn/microbiome-gut-brain-axis.mdx,cn,microbiome-gut-brain-axis,Lifestyle & Growth,,magazine,,,0
src/content/blog/cn/narcissus-echo-chamber.mdx,cn,narcissus-echo-chamber,Myth & Culture,,magazine,,,0
src/content/blog/cn/neuroplasticity-habit-formation.mdx,cn,neuroplasticity-habit-formation,Lifestyle & Growth,,magazine,,,0
src/content/blog/cn/neuroscience-neuroplasticity-brain-rewiring.mdx,cn,neuroscience-neuroplasticity-brain-rewiring,Mind & Psychology,,magazine,,,0
src/content/blog/cn/oedipus-fate-determinism.mdx,cn,oedipus-fate-determinism,Myth & Culture,,magazine,,,0
src/content/blog/cn/panopticon-surveillance-society.mdx,cn,panopticon-surveillance-society,Myth & Culture,,magazine,,,0
src/content/blog/cn/peter-pan-syndrome-kidult.mdx,cn,peter-pan-syndrome-kidult,Mind & Psychology,,magazine,,,0
src/content/blog/cn/printing-press-ai-revolution.mdx,cn,printing-press-ai-revolution,Myth & Culture,,magazine,,,0
src/content/blog/cn/pygmalion-effect-self-fulfilling-prophecy.mdx,cn,pygmalion-effect-self-fulfilling-prophecy,Mind & Psychology,,magazine,,,0
src/content/blog/cn/quantum-mechanics-observer.mdx,cn,quantum-mechanics-observer,Lifestyle & Growth,,magazine,,,0
src/content/blog/cn/renaissance-humanism-center.mdx,cn,renaissance-humanism-center,Myth & Culture,,magazine,,,0
src/content/blog/cn/seven-chakras-energy-centers-alignment.mdx,cn,seven-chakras-energy-centers-alignment,Philosophy & Spirit,,magazine,,,0
src/content/blog/cn/seven-deadly-sins-capitalism.mdx,cn,seven-deadly-sins-capitalism,Philosophy & Spirit,,magazine,,,0
src/content/blog/cn/shadow-work-jungian-integration.mdx,cn,shadow-work-jungian-integration,Mind & Psychology,,magazine,,,0
src/content/blog/cn/simulation-theory-matrix.mdx,cn,simulation-theory-matrix,Lifestyle & Growth,,magazine,,,0
src/content/blog/cn/sisyphus-burnout.mdx,cn,sisyphus-burnout,Myth & Culture,,magazine,,,0
src/content/blog/cn/social-contract-rousseau-freedom.mdx,cn,social-contract-rousseau-freedom,Myth & Culture,,magazine,,,0
src/content/blog/cn/stoicism-memento-mori-life-wisdom.mdx,cn,stoicism-memento-mori-life-wisdom,Philosophy,,magazine,,,0
src/content/blog/cn/stoicism-stress-system.mdx,cn,stoicism-stress-system,Philosophy,,magazine,,,0
src/content/blog/cn/sufism-rumi-love.mdx,cn,sufism-rumi-love,Philosophy & Spirit,,magazine,,,0
src/content/blog/cn/taiwan-income-tax-guide.mdx,cn,taiwan-income-tax-guide,Finance,magazine,magazine,,,5
src/content/blog/cn/taiwan-investment-guide.mdx,cn,taiwan-investment-guide,Finance,magazine,magazine,,,4
src/content/blog/cn/taiwan-labor-health-insurance-guide.mdx,cn,taiwan-labor-health-insurance-guide,Finance,magazine,magazine,,,4
src/content/blog/cn/taoism-wu-wei-flow.mdx,cn,taoism-wu-wei-flow,Philosophy & Spirit,,magazine,,,0
src/content/blog/cn/techno-animism-robots.mdx,cn,techno-animism-robots,Myth & Culture,,magazine,,,0
src/content/blog/cn/trickster-chaos-creativity.mdx,cn,trickster-chaos-creativity,Myth & Culture,,magazine,,,0
src/content/blog/cn/utilitarianism-trolley-problem.mdx,cn,utilitarianism-trolley-problem,Myth & Culture,,magazine,,,0
src/content/blog/en/12-houses-of-life-areas.mdx,en,12-houses-of-life-areas,Mysticism,,magazine,,,0
src/content/blog/en/12-stages-of-life-energy-cycle.mdx,en,12-stages-of-life-energy-cycle,Mysticism,,magazine,,,0
src/content/blog/en/2025-year-of-blue-snake-fortune.mdx,en,2025-year-of-blue-snake-fortune,Mysticism,,magazine,,,0
src/content/blog/en/2025-year-of-blue-snake-outlook.mdx,en,2025-year-of-blue-snake-outlook,Mysticism,,magazine,,,0
src/content/blog/en/8-cognitive-functions-deep-dive.mdx,en,8-cognitive-functions-deep-dive,Mind & Psychology,,magazine,,,0
src/content/blog/en/abilene-paradox-groupthink.mdx,en,abilene-paradox-groupthink,Mind & Psychology,,magazine,,,0
src/content/blog/en/adult-adhd-survival-guide.mdx,en,adult-adhd-survival-guide,Mind & Psychology,,magazine,,,1
src/content/blog/en/advanced-subjunctive-usage.mdx,en,advanced-subjunctive-usage,Education & Language,,magazine,,,0
src/content/blog/en/ai-literacy-future-skills.mdx,en,ai-literacy-future-skills,Mind & Psychology,,magazine,,,0
src/content/blog/en/all-problems-are-relationships.mdx,en,all-problems-are-relationships,Philosophy & Spirit,,magazine,,,0
src/content/blog/en/all-worries-from-relationships.mdx,en,all-worries-from-relationships,Philosophy & Spirit,,magazine,,,0
src/content/blog/en/ancestor-worship-jesa.mdx,en,ancestor-worship-jesa,Myth & Culture,,magazine,,,0
src/content/blog/en/anchoring-bias-negotiation.mdx,en,anchoring-bias-negotiation,Mind & Psychology,,magazine,,,0
src/content/blog/en/anger-management-psychology.mdx,en,anger-management-psychology,Mind & Psychology,,magazine,,,1
src/content/blog/en/animal-spirits-totems-power.mdx,en,animal-spirits-totems-power,Philosophy & Spirit,,magazine,,,0
src/content/blog/en/anxiety-flame.mdx,en,anxiety-flame,Philosophy & Spirit,,magazine,,,0
src/content/blog/en/architecture-of-focus-environment.mdx,en,architecture-of-focus-environment,Lifestyle & Growth,,magazine,,,0
src/content/blog/en/ascendant-rising-sign-mask.mdx,en,ascendant-rising-sign-mask,Mysticism,,magazine,,,0
src/content/blog/en/asch-conformity-social-pressure.mdx,en,asch-conformity-social-pressure,Mind & Psychology,,magazine,,,0
src/content/blog/en/ascii-art-digital-nostalgia.mdx,en,ascii-art-digital-nostalgia,Tools,,magazine,,,0
src/content/blog/en/astrology-black-moon-lilith-shadow-power.mdx,en,astrology-black-moon-lilith-shadow-power,Mysticism,,magazine,,,0
src/content/blog/en/astrology-karmic-saturn-pluto.mdx,en,astrology-karmic-saturn-pluto,Mysticism,,magazine,,,0
src/content/blog/en/astrology-lunar-nodes-spiritual-destiny.mdx,en,astrology-lunar-nodes-spiritual-destiny,Mysticism,,magazine,,,0
src/content/blog/en/astrology-parenting-moon.mdx,en,astrology-parenting-moon,Mysticism,,magazine,,,0
src/content/blog/en/astronomy-orbital-dynamics.mdx,en,astronomy-orbital-dynamics,Lifestyle & Growth,,magazine,,,0
src/content/blog/en/attachment-style-relationship-guide.mdx,en,attachment-style-relationship-guide,Mind & Psychology,,magazine,,,6
src/content/blog/en/attachment-theory-adults.mdx,en,attachment-theory-adults,Mind & Psychology,,magazine,,,0
src/content/blog/en/attachment-theory-archetypal-map.mdx,en,attachment-theory-archetypal-map,Mind & Psychology,,magazine,,,0
src/content/blog/en/attachment-theory-love-patterns.mdx,en,attachment-theory-love-patterns,Mind & Psychology,,magazine,,,0
src/content/blog/en/attachment-theory-relationships.mdx,en,attachment-theory-relationships,Mind & Psychology,,magazine,,,0
src/content/blog/en/authority-bias-influence.mdx,en,authority-bias-influence,Mind & Psychology,,magazine,,,0
src/content/blog/en/availability-heuristic-bias.mdx,en,availability-heuristic-bias,Mind & Psychology,,magazine,,,0
src/content/blog/en/availability-heuristic-risk.mdx,en,availability-heuristic-risk,Mind & Psychology,,magazine,,,0
src/content/blog/en/baader-meinhof-frequency-illusion.mdx,en,baader-meinhof-frequency-illusion,Mind & Psychology,,magazine,,,0
src/content/blog/en/bagua-map-life-areas.mdx,en,bagua-map-life-areas,Mysticism,,magazine,,,0
src/content/blog/en/baking-soda-citric-acid-percarbonate-uses.mdx,en,baking-soda-citric-acid-percarbonate-uses,Lifestyle,,magazine,,,0
src/content/blog/en/baldur-myth-shadow-tragic.mdx,en,baldur-myth-shadow-tragic,Mythology,,magazine,,,0
src/content/blog/en/baridegi-myth-healer-transformation.mdx,en,baridegi-myth-healer-transformation,Mythology,,magazine,,,0
src/content/blog/en/base-rate-neglect-probability.mdx,en,base-rate-neglect-probability,Mind & Psychology,,magazine,,,0
src/content/blog/en/bedroom-mirrors-sleep-quality.mdx,en,bedroom-mirrors-sleep-quality,Mysticism,,magazine,,,0
src/content/blog/en/befriending-anxiety-science.mdx,en,befriending-anxiety-science,Mind & Psychology,,magazine,,,0
src/content/blog/en/ben-franklin-effect-favors.mdx,en,ben-franklin-effect-favors,Mind & Psychology,,magazine,,,0
src/content/blog/en/biology-autophagy-cellular-cleanup.mdx,en,biology-autophagy-cellular-cleanup,Mind & Psychology,,magazine,,,0
src/content/blog/en/birth-flower-april-daisy-sweet-pea.mdx,en,birth-flower-april-daisy-sweet-pea,Mysticism,,magazine,,,0
src/content/blog/en/birth-flower-august-gladiolus-poppy.mdx,en,birth-flower-august-gladiolus-poppy,Mysticism,,magazine,,,0
src/content/blog/en/birth-flower-december-holly-narcissus-poinsettia.mdx,en,birth-flower-december-holly-narcissus-poinsettia,Mysticism,,magazine,,,0
src/content/blog/en/birth-flower-february-violet-primrose.mdx,en,birth-flower-february-violet-primrose,Mysticism,,magazine,,,0
src/content/blog/en/birth-flower-january-carnation-snowdrop.mdx,en,birth-flower-january-carnation-snowdrop,Mysticism,,magazine,,,0
src/content/blog/en/birth-flower-july-larkspur-water-lily.mdx,en,birth-flower-july-larkspur-water-lily,Mysticism,,magazine,,,0
src/content/blog/en/birth-flower-june-rose-honeysuckle.mdx,en,birth-flower-june-rose-honeysuckle,Mysticism,,magazine,,,0
src/content/blog/en/birth-flower-march-daffodil-jonquil.mdx,en,birth-flower-march-daffodil-jonquil,Mysticism,,magazine,,,0
src/content/blog/en/birth-flower-may-lily-of-the-valley-hawthorn.mdx,en,birth-flower-may-lily-of-the-valley-hawthorn,Mysticism,,magazine,,,0
src/content/blog/en/birth-flower-november-chrysanthemum-peony.mdx,en,birth-flower-november-chrysanthemum-peony,Mysticism,,magazine,,,0
src/content/blog/en/birth-flower-october-marigold-cosmos.mdx,en,birth-flower-october-marigold-cosmos,Mysticism,,magazine,,,0
src/content/blog/en/birth-flower-september-aster-morning-glory.mdx,en,birth-flower-september-aster-morning-glory,Mysticism,,magazine,,,0
src/content/blog/en/birthstone-april-diamond-meaning.mdx,en,birthstone-april-diamond-meaning,Mysticism,,magazine,,,0
src/content/blog/en/birthstone-august-peridot-meaning.mdx,en,birthstone-august-peridot-meaning,Mysticism,,magazine,,,0
src/content/blog/en/birthstone-december-tanzanite-turquoise-meaning.mdx,en,birthstone-december-tanzanite-turquoise-meaning,Mysticism,,magazine,,,0
src/content/blog/en/birthstone-february-amethyst-meaning.mdx,en,birthstone-february-amethyst-meaning,Mysticism,,magazine,,,0
src/content/blog/en/birthstone-january-garnet-meaning.mdx,en,birthstone-january-garnet-meaning,Mysticism,,magazine,,,0
src/content/blog/en/birthstone-july-ruby-meaning.mdx,en,birthstone-july-ruby-meaning,Mysticism,,magazine,,,0
src/content/blog/en/birthstone-june-pearl-alexandrite-meaning.mdx,en,birthstone-june-pearl-alexandrite-meaning,Mysticism,,magazine,,,0
src/content/blog/en/birthstone-march-aquamarine-meaning.mdx,en,birthstone-march-aquamarine-meaning,Mysticism,,magazine,,,0
src/content/blog/en/birthstone-may-emerald-meaning.mdx,en,birthstone-may-emerald-meaning,Mysticism,,magazine,,,0
src/content/blog/en/birthstone-november-topaz-citrine-meaning.mdx,en,birthstone-november-topaz-citrine-meaning,Mysticism,,magazine,,,0
src/content/blog/en/birthstone-october-opal-tourmaline-meaning.mdx,en,birthstone-october-opal-tourmaline-meaning,Mysticism,,magazine,,,0
src/content/blog/en/birthstone-september-sapphire-meaning.mdx,en,birthstone-september-sapphire-meaning,Mysticism,,magazine,,,0
src/content/blog/en/black-death-pandemic-economics.mdx,en,black-death-pandemic-economics,Myth & Culture,,magazine,,,0
src/content/blog/en/bmi-body-composition-health.mdx,en,bmi-body-composition-health,Health,,magazine,,,0
src/content/blog/en/bmi-bodyfat-calorie-complete-guide.mdx,en,bmi-bodyfat-calorie-complete-guide,Health,,magazine,,,7
src/content/blog/en/body-and-mind-legs.mdx,en,body-and-mind-legs,Philosophy & Spirit,,magazine,,,0
src/content/blog/en/body-keeps-the-score-somatic.mdx,en,body-keeps-the-score-somatic,Mind & Psychology,,magazine,,,0
src/content/blog/en/boost-brain-performance-daily-habits.mdx,en,boost-brain-performance-daily-habits,Wellness,,magazine,,,0
src/content/blog/en/broken-windows-theory-crime.mdx,en,broken-windows-theory-crime,Mind & Psychology,,magazine,,,0
src/content/blog/en/buddhist-void-sunyata.mdx,en,buddhist-void-sunyata,Philosophy & Spirit,,magazine,,,0
src/content/blog/en/burnout-recovery-dopamine-reset.mdx,en,burnout-recovery-dopamine-reset,Mind & Psychology,,magazine,,,0
src/content/blog/en/burnout-recovery-guide.mdx,en,burnout-recovery-guide,Mind & Psychology,,magazine,,,1
src/content/blog/en/bystander-effect-apathy.mdx,en,bystander-effect-apathy,Mind & Psychology,,magazine,,,0
src/content/blog/en/bystander-effect-social.mdx,en,bystander-effect-social,Mind & Psychology,,magazine,,,0
src/content/blog/en/car-maintenance-guide.mdx,en,car-maintenance-guide,Lifestyle & How-to,,magazine,,,0
src/content/blog/en/car-purchase-checklist.mdx,en,car-purchase-checklist,Lifestyle & How-to,,magazine,,,0
src/content/blog/en/carl-jung-archetypes-psyche.mdx,en,carl-jung-archetypes-psyche,Mind & Psychology,,magazine,,,0
src/content/blog/en/carl-jung-archetypes-self.mdx,en,carl-jung-archetypes-self,Mind & Psychology,,magazine,,,0
src/content/blog/en/cassandra-unbelieved-truth.mdx,en,cassandra-unbelieved-truth,Myth & Culture,,magazine,,,0
src/content/blog/en/cbt-cognitive-behavioral-therapy-guide.mdx,en,cbt-cognitive-behavioral-therapy-guide,Mind & Psychology,,magazine,,,0
src/content/blog/en/cbt-essentials-rewiring-mind.mdx,en,cbt-essentials-rewiring-mind,Mind & Psychology,,magazine,,,0
src/content/blog/en/celtic-tree-signs.mdx,en,celtic-tree-signs,Myth & Culture,,magazine,,,0
src/content/blog/en/change-blindness-perception.mdx,en,change-blindness-perception,Mind & Psychology,,magazine,,,0
src/content/blog/en/chess-strategic-management.mdx,en,chess-strategic-management,Games,,magazine,,,0
src/content/blog/en/choosing-people-choosing-future.mdx,en,choosing-people-choosing-future,Philosophy & Spirit,,magazine,,,0
src/content/blog/en/choosing-who-to-keep.mdx,en,choosing-who-to-keep,Philosophy & Spirit,,magazine,,,0
src/content/blog/en/chronotypes-sleep-biology-optimization.mdx,en,chronotypes-sleep-biology-optimization,Mind & Psychology,,magazine,,,0
src/content/blog/en/circadian-rhythm-alignment.mdx,en,circadian-rhythm-alignment,Lifestyle & Growth,,magazine,,,0
src/content/blog/en/circadian-rhythm-hormone-guide.mdx,en,circadian-rhythm-hormone-guide,Health,,magazine,,,5
src/content/blog/en/cobra-effect-incentives.mdx,en,cobra-effect-incentives,Mind & Psychology,,magazine,,,0
src/content/blog/en/cognitive-dissonance-beliefs.mdx,en,cognitive-dissonance-beliefs,Mind & Psychology,,magazine,,,0
src/content/blog/en/cognitive-dissonance-self-justification-truth.mdx,en,cognitive-dissonance-self-justification-truth,Mind & Psychology,,magazine,,,0
src/content/blog/en/cognitive-dissonance-truth.mdx,en,cognitive-dissonance-truth,Mind & Psychology,,magazine,,,0
src/content/blog/en/cognitive-load-management.mdx,en,cognitive-load-management,Psychology & Productivity,,magazine,,,0
src/content/blog/en/collective-trauma-to-growth.mdx,en,collective-trauma-to-growth,Mind & Psychology,,magazine,,,0
src/content/blog/en/collective-unconscious-archetypes-history.mdx,en,collective-unconscious-archetypes-history,Mind & Psychology,,magazine,,,0
src/content/blog/en/collective-unconscious-archetypes.mdx,en,collective-unconscious-archetypes,Mind & Psychology,,magazine,,,0
src/content/blog/en/color-palette-extraction-nature.mdx,en,color-palette-extraction-nature,Tools,,magazine,,,0
src/content/blog/en/commanding-position-desk-bed.mdx,en,commanding-position-desk-bed,Mysticism,,magazine,,,0
src/content/blog/en/communication-style-psychology.mdx,en,communication-style-psychology,Mind & Psychology,,magazine,,,1
src/content/blog/en/composite-charts-third-energy.mdx,en,composite-charts-third-energy,Philosophy & Spirit,,magazine,,,0
src/content/blog/en/confirmation-bias-cherry-picking.mdx,en,confirmation-bias-cherry-picking,Mind & Psychology,,magazine,,,0
src/content/blog/en/conflict-resolution-styles.mdx,en,conflict-resolution-styles,Mind & Psychology,,magazine,,,1
src/content/blog/en/confucianism-hierarchy-respect.mdx,en,confucianism-hierarchy-respect,Philosophy & Spirit,,magazine,,,0
src/content/blog/en/conquering-nightmares-rewrite.mdx,en,conquering-nightmares-rewrite,Mysticism,,magazine,,,0
src/content/blog/en/conscious-uncoupling-boundaries.mdx,en,conscious-uncoupling-boundaries,Philosophy & Spirit,,magazine,,,0
src/content/blog/en/consciousness-hard-problem.mdx,en,consciousness-hard-problem,Lifestyle & Growth,,magazine,,,0
src/content/blog/en/cosmic-dance-orbits-time.mdx,en,cosmic-dance-orbits-time,Lifestyle & Growth,,magazine,,,0
src/content/blog/en/courage-to-protect-myself.mdx,en,courage-to-protect-myself,Philosophy & Spirit,,magazine,,,0
src/content/blog/en/court-cards-people-archetypes.mdx,en,court-cards-people-archetypes,Mysticism,,magazine,,,0
src/content/blog/en/creation-myth-east-west-worldviews.mdx,en,creation-myth-east-west-worldviews,Mythology,,magazine,,,0
src/content/blog/en/curse-of-knowledge-communication.mdx,en,curse-of-knowledge-communication,Mind & Psychology,,magazine,,,0
src/content/blog/en/daewoon-10-year-cycle-seasons.mdx,en,daewoon-10-year-cycle-seasons,Mysticism,,magazine,,,0
src/content/blog/en/dangun-myth-idealized-objects.mdx,en,dangun-myth-idealized-objects,Mythology,,magazine,,,0
src/content/blog/en/dark-triad-human-nature-shadow.mdx,en,dark-triad-human-nature-shadow,Mind & Psychology,,magazine,,,0
src/content/blog/en/dday-goal-setting-guide.mdx,en,dday-goal-setting-guide,Lifestyle,,magazine,,,5
src/content/blog/en/death-anxiety-existentialism.mdx,en,death-anxiety-existentialism,Philosophy & Spirit,,magazine,,,0
src/content/blog/en/debate-essay-activities.mdx,en,debate-essay-activities,Lifestyle & Growth,,magazine,,,0
src/content/blog/en/decision-fatigue-willpower.mdx,en,decision-fatigue-willpower,Mind & Psychology,,magazine,,,0
src/content/blog/en/decoy-effect-marketing.mdx,en,decoy-effect-marketing,Mind & Psychology,,magazine,,,0
src/content/blog/en/deep-work-focus-distraction-mastery.mdx,en,deep-work-focus-distraction-mastery,Lifestyle & Growth,,magazine,,,0
src/content/blog/en/delayed-gratification-marshmallow.mdx,en,delayed-gratification-marshmallow,Mind & Psychology,,magazine,,,0
src/content/blog/en/deliberate-practice-skill.mdx,en,deliberate-practice-skill,Mind & Psychology,,magazine,,,0
src/content/blog/en/depression-anxiety-complete-guide.mdx,en,depression-anxiety-complete-guide,Mind & Psychology,,magazine,,,4
src/content/blog/en/digital-detox-deep-work.mdx,en,digital-detox-deep-work,Mind & Psychology,,magazine,,,0
src/content/blog/en/digital-minimalism-cal-newport-focus.mdx,en,digital-minimalism-cal-newport-focus,Lifestyle & Growth,,magazine,,,0
src/content/blog/en/digital-narcissism-selfie.mdx,en,digital-narcissism-selfie,Mind & Psychology,,magazine,,,0
src/content/blog/en/disc-personality-workplace-guide.mdx,en,disc-personality-workplace-guide,Mind & Psychology,,magazine,,,6
src/content/blog/en/dog-vision-spectrum-perspective.mdx,en,dog-vision-spectrum-perspective,Science,,magazine,,,0
src/content/blog/en/dohwa-sal-peach-blossom-attraction.mdx,en,dohwa-sal-peach-blossom-attraction,Mysticism,,magazine,,,0
src/content/blog/en/dokkaebi-wealth-mischief.mdx,en,dokkaebi-wealth-mischief,Myth & Culture,,magazine,,,0
src/content/blog/en/dont-postpone-yourself.mdx,en,dont-postpone-yourself,Philosophy & Spirit,,magazine,,,0
src/content/blog/en/door-in-the-face-influence.mdx,en,door-in-the-face-influence,Mind & Psychology,,magazine,,,0
src/content/blog/en/dopamine-fasting-digital-detox.mdx,en,dopamine-fasting-digital-detox,Mind & Psychology,,magazine,,,0
src/content/blog/en/dopamine-fasting-focus.mdx,en,dopamine-fasting-focus,Mind & Psychology,,magazine,,,0
src/content/blog/en/dream-interpretation-taemong.mdx,en,dream-interpretation-taemong,Myth & Culture,,magazine,,,0
src/content/blog/en/dream-symbols-flying-falling-meaning.mdx,en,dream-symbols-flying-falling-meaning,Mysticism,,magazine,,,0
src/content/blog/en/dunbars-number-social-limit.mdx,en,dunbars-number-social-limit,Mind & Psychology,,magazine,,,0
src/content/blog/en/dunbars-number-social.mdx,en,dunbars-number-social,Mind & Psychology,,magazine,,,0
src/content/blog/en/dunning-kruger-effect-competence.mdx,en,dunning-kruger-effect-competence,Mind & Psychology,,magazine,,,0
src/content/blog/en/dutch-pay-money-etiquette.mdx,en,dutch-pay-money-etiquette,Personal Finance,,magazine,,,4
src/content/blog/en/earthly-branches-animal-archetypes.mdx,en,earthly-branches-animal-archetypes,Mysticism,,magazine,,,0
src/content/blog/en/education-crypto-ch10.mdx,en,education-crypto-ch10,Blockchain,,magazine,,,0
src/content/blog/en/education-crypto-ch6.mdx,en,education-crypto-ch6,Blockchain,,magazine,,,0
src/content/blog/en/education-crypto-ch7.mdx,en,education-crypto-ch7,Blockchain,,magazine,,,0
src/content/blog/en/education-crypto-ch8.mdx,en,education-crypto-ch8,Blockchain,,magazine,,,0
src/content/blog/en/education-crypto-ch9.mdx,en,education-crypto-ch9,Blockchain,,magazine,,,0
src/content/blog/en/education-medicine-ch10.mdx,en,education-medicine-ch10,Education,,magazine,,,0
src/content/blog/en/education-medicine-ch9.mdx,en,education-medicine-ch9,Education,,magazine,,,0
src/content/blog/en/education-negotiation-ch2.mdx,en,education-negotiation-ch2,Education,,magazine,,,0
src/content/blog/en/education-negotiation-ch3.mdx,en,education-negotiation-ch3,Education,,magazine,,,0
src/content/blog/en/education-negotiation-ch4.mdx,en,education-negotiation-ch4,Society & Wealth,,magazine,,,0
src/content/blog/en/education-negotiation-ch5.mdx,en,education-negotiation-ch5,Society & Wealth,,magazine,,,0
src/content/blog/en/egocentric-bias-perspective.mdx,en,egocentric-bias-perspective,Mind & Psychology,,magazine,,,0
src/content/blog/en/egogram-personality-guide.mdx,en,egogram-personality-guide,Mind & Psychology,,magazine,,,5
src/content/blog/en/egyptian-mythology-osiris-rebirth-cycles.mdx,en,egyptian-mythology-osiris-rebirth-cycles,Mythology,,magazine,,,0
src/content/blog/en/egyptian-neteru.mdx,en,egyptian-neteru,Myth & Culture,,magazine,,,0
src/content/blog/en/emotional-intelligence-guide.mdx,en,emotional-intelligence-guide,Mind & Psychology,,magazine,,,7
src/content/blog/en/emotional-intelligence-workplace.mdx,en,emotional-intelligence-workplace,Mind & Psychology,,magazine,,,0
src/content/blog/en/empathy-types-and-boundaries.mdx,en,empathy-types-and-boundaries,Magazine,,magazine,,,1
src/content/blog/en/emphasis-via-inversion.mdx,en,emphasis-via-inversion,Education & Language,,magazine,,,0
src/content/blog/en/endowment-effect-ownership.mdx,en,endowment-effect-ownership,Mind & Psychology,,magazine,,,0
src/content/blog/en/energy-of-relationships.mdx,en,energy-of-relationships,Philosophy & Spirit,,magazine,,,0
src/content/blog/en/enneagram-nine-peacemaker-path.mdx,en,enneagram-nine-peacemaker-path,Mind & Psychology,,magazine,,,0
src/content/blog/en/enneagram-wings-instincts-deep.mdx,en,enneagram-wings-instincts-deep,Mysticism,,magazine,,,0
src/content/blog/en/entrance-wealth-luck.mdx,en,entrance-wealth-luck,Mysticism,,magazine,,,0
src/content/blog/en/entropy-order-chaos-life-metaphor.mdx,en,entropy-order-chaos-life-metaphor,Lifestyle & Growth,,magazine,,,0
src/content/blog/en/entropy-thermodynamics-decay.mdx,en,entropy-thermodynamics-decay,Lifestyle & Growth,,magazine,,,0
src/content/blog/en/epigenetics-ancestral-memory.mdx,en,epigenetics-ancestral-memory,Mind & Psychology,,magazine,,,0
src/content/blog/en/epigenetics-ghost-in-your-genes.mdx,en,epigenetics-ghost-in-your-genes,Mind & Psychology,,magazine,,,0
src/content/blog/en/epigenetics-trauma-inheritance.mdx,en,epigenetics-trauma-inheritance,Lifestyle & Growth,,magazine,,,0
src/content/blog/en/eros-psyche-myth-integration.mdx,en,eros-psyche-myth-integration,Mythology,,magazine,,,0
src/content/blog/en/evil-eye-envy-protection.mdx,en,evil-eye-envy-protection,Myth & Culture,,magazine,,,0
src/content/blog/en/evolution-survival-friendliest.mdx,en,evolution-survival-friendliest,Lifestyle & Growth,,magazine,,,0
src/content/blog/en/evolving-self-saju-mbti.mdx,en,evolving-self-saju-mbti,Mysticism,,magazine,,,0
src/content/blog/en/exercise-metabolic-effects.mdx,en,exercise-metabolic-effects,Mind & Psychology,,magazine,,,0
src/content/blog/en/existence-of-interpretation.mdx,en,existence-of-interpretation,Philosophy & Spirit,,magazine,,,0
src/content/blog/en/existing-treatments-brain-energy.mdx,en,existing-treatments-brain-energy,Mind & Psychology,,magazine,,,0
src/content/blog/en/explaining-activities.mdx,en,explaining-activities,Lifestyle & Growth,,magazine,,,0
src/content/blog/en/explaining-brain-energy-theory.mdx,en,explaining-brain-energy-theory,Mind & Psychology,,magazine,,,0
src/content/blog/en/facts-vs-interpretation.mdx,en,facts-vs-interpretation,Philosophy & Spirit,,magazine,,,0
src/content/blog/en/fall-of-rome-modern-parallels.mdx,en,fall-of-rome-modern-parallels,Myth & Culture,,magazine,,,0
src/content/blog/en/false-consensus-effect-bias.mdx,en,false-consensus-effect-bias,Mind & Psychology,,magazine,,,0
src/content/blog/en/feng-shui-modern-living-energy.mdx,en,feng-shui-modern-living-energy,Mysticism,,magazine,,,0
src/content/blog/en/finding-balance-yongshin.mdx,en,finding-balance-yongshin,Mysticism,,magazine,,,0
src/content/blog/en/finding-causes-and-solutions.mdx,en,finding-causes-and-solutions,Mind & Psychology,,magazine,,,0
src/content/blog/en/five-love-languages-connection.mdx,en,five-love-languages-connection,Mind & Psychology,,magazine,,,0
src/content/blog/en/fix-poor-posture-easy-methods.mdx,en,fix-poor-posture-easy-methods,Wellness,,magazine,,,0
src/content/blog/en/flow-state-optimal-experience.mdx,en,flow-state-optimal-experience,Mind & Psychology,,magazine,,,0
src/content/blog/en/fluid-factors-of-growth.mdx,en,fluid-factors-of-growth,Mind & Psychology,,magazine,,,0
src/content/blog/en/focus-on-person-not-object.mdx,en,focus-on-person-not-object,Philosophy & Spirit,,magazine,,,0
src/content/blog/en/focus-on-yourself.mdx,en,focus-on-yourself,Philosophy & Spirit,,magazine,,,0
src/content/blog/en/follower-count-not-trust.mdx,en,follower-count-not-trust,Philosophy & Spirit,,magazine,,,0
src/content/blog/en/food-revolution.mdx,en,food-revolution,Lifestyle & Growth,,magazine,,,0
src/content/blog/en/foot-in-the-door-influence.mdx,en,foot-in-the-door-influence,Mind & Psychology,,magazine,,,0
src/content/blog/en/foundation-01-wealth.mdx,en,foundation-01-wealth,Society & Wealth,,magazine,,,2
src/content/blog/en/fractals-chaos-theory-universal-patterns.mdx,en,fractals-chaos-theory-universal-patterns,Lifestyle & Growth,,magazine,,,0
src/content/blog/en/framing-effect-context.mdx,en,framing-effect-context,Mind & Psychology,,magazine,,,0
src/content/blog/en/future-in-decisions.mdx,en,future-in-decisions,Mind & Psychology,,magazine,,,0
src/content/blog/en/future-not-hostage-to-past.mdx,en,future-not-hostage-to-past,Philosophy & Spirit,,magazine,,,0
src/content/blog/en/gamblers-fallacy-probability.mdx,en,gamblers-fallacy-probability,Mind & Psychology,,magazine,,,0
src/content/blog/en/game-theory-human-relationships.mdx,en,game-theory-human-relationships,Myth & Culture,,magazine,,,0
src/content/blog/en/gaslighting-manipulation.mdx,en,gaslighting-manipulation,Mind & Psychology,,magazine,,,0
src/content/blog/en/gaslighting-reality-distortion.mdx,en,gaslighting-reality-distortion,Mind & Psychology,,magazine,,,0
src/content/blog/en/gift-guide-by-personality.mdx,en,gift-guide-by-personality,Lifestyle,,magazine,,,0
src/content/blog/en/gilgamesh-arrogance-to-wisdom.mdx,en,gilgamesh-arrogance-to-wisdom,Mind & Psychology,,magazine,,,0
src/content/blog/en/giving-up-changing-others.mdx,en,giving-up-changing-others,Philosophy & Spirit,,magazine,,,0
src/content/blog/en/global-cultural-etiquette-guide.mdx,en,global-cultural-etiquette-guide,Lifestyle,,magazine,,,0
src/content/blog/en/gnosticism-hidden-god.mdx,en,gnosticism-hidden-god,Philosophy & Spirit,,magazine,,,0
src/content/blog/en/golden-ratio-nature-aesthetics.mdx,en,golden-ratio-nature-aesthetics,Lifestyle & Growth,,magazine,,,0
src/content/blog/en/gomoku-strategic-thinking.mdx,en,gomoku-strategic-thinking,Education,,magazine,,,0
src/content/blog/en/gongmang-void-emptiness.mdx,en,gongmang-void-emptiness,Mysticism,,magazine,,,0
src/content/blog/en/grayscale-essential-aesthetics.mdx,en,grayscale-essential-aesthetics,Design,,magazine,,,0
src/content/blog/en/greek-creation-myth-power-struggle.mdx,en,greek-creation-myth-power-struggle,Mythology,,magazine,,,0
src/content/blog/en/groupthink-conformity.mdx,en,groupthink-conformity,Mind & Psychology,,magazine,,,0
src/content/blog/en/gumiho-desire-taboo.mdx,en,gumiho-desire-taboo,Myth & Culture,,magazine,,,0
src/content/blog/en/gut-brain-axis-intuition.mdx,en,gut-brain-axis-intuition,Mind & Psychology,,magazine,,,0
src/content/blog/en/gyeokguk-theory-structure.mdx,en,gyeokguk-theory-structure,Mysticism,,magazine,,,0
src/content/blog/en/habit-neuroplasticity.mdx,en,habit-neuroplasticity,Science & Health,,magazine,,,0
src/content/blog/en/halo-effect-bias.mdx,en,halo-effect-bias,Mind & Psychology,,magazine,,,0
src/content/blog/en/happiness-and-responsibility.mdx,en,happiness-and-responsibility,Mind & Psychology,,magazine,,,0
src/content/blog/en/harmonic-charts-soul-vibration.mdx,en,harmonic-charts-soul-vibration,Mysticism,,magazine,,,0
src/content/blog/en/havruta-types.mdx,en,havruta-types,Lifestyle & Growth,,magazine,,,0
src/content/blog/en/healing-inner-child.mdx,en,healing-inner-child,Mind & Psychology,,magazine,,,0
src/content/blog/en/heart-revolution.mdx,en,heart-revolution,Philosophy & Spirit,,magazine,,,0
src/content/blog/en/heavenly-stems-deep-wisdom.mdx,en,heavenly-stems-deep-wisdom,Mysticism,,magazine,,,0
src/content/blog/en/hedonic-treadmill-happiness.mdx,en,hedonic-treadmill-happiness,Mind & Psychology,,magazine,,,0
src/content/blog/en/hercules-myth-madness-motherhood.mdx,en,hercules-myth-madness-motherhood,Mythology,,magazine,,,0
src/content/blog/en/hermeticism-seven-universal-laws.mdx,en,hermeticism-seven-universal-laws,Philosophy & Spirit,,magazine,,,0
src/content/blog/en/hero-journey-mythology.mdx,en,hero-journey-mythology,Myth & Culture,,magazine,,,0
src/content/blog/en/hero-myth-and-national-unconscious-complexes.mdx,en,hero-myth-and-national-unconscious-complexes,Mythology,,magazine,,,0
src/content/blog/en/hero-myth-complexes.mdx,en,hero-myth-complexes,Mythology,,magazine,,,0
src/content/blog/en/hero-myth-through-psychoanalysis.mdx,en,hero-myth-through-psychoanalysis,Mythology,,magazine,,,0
src/content/blog/en/heros-journey-campbell.mdx,en,heros-journey-campbell,Myth & Culture,,magazine,,,0
src/content/blog/en/heros-journey-monomyth-archetypes.mdx,en,heros-journey-monomyth-archetypes,Mythology,,magazine,,,0
src/content/blog/en/hicks-law-choices.mdx,en,hicks-law-choices,Mind & Psychology,,magazine,,,0
src/content/blog/en/high-school-grad-openai-journey.mdx,en,high-school-grad-openai-journey,Lifestyle & Growth,,magazine,,,0
src/content/blog/en/hindsight-bias-prediction.mdx,en,hindsight-bias-prediction,Mind & Psychology,,magazine,,,0
src/content/blog/en/home-as-stage-for-happiness.mdx,en,home-as-stage-for-happiness,Philosophy & Spirit,,magazine,,,0
src/content/blog/en/horizontal-relationships.mdx,en,horizontal-relationships,Philosophy & Spirit,,magazine,,,0
src/content/blog/en/hormones-and-metabolic-regulators.mdx,en,hormones-and-metabolic-regulators,Mind & Psychology,,magazine,,,0
src/content/blog/en/house-gods-seongju.mdx,en,house-gods-seongju,Myth & Culture,,magazine,,,0
src/content/blog/en/houyi-myth-depressive-position.mdx,en,houyi-myth-depressive-position,Mythology,,magazine,,,0
src/content/blog/en/how-to-increase-testosterone.mdx,en,how-to-increase-testosterone,Lifestyle & Growth,,magazine,,,0
src/content/blog/en/human-design-four-types-strategy.mdx,en,human-design-four-types-strategy,Mysticism,,magazine,,,0
src/content/blog/en/hyperbolic-discounting-bias.mdx,en,hyperbolic-discounting-bias,Mind & Psychology,,magazine,,,0
src/content/blog/en/hyperbolic-discounting-economy.mdx,en,hyperbolic-discounting-economy,Mind & Psychology,,magazine,,,0
src/content/blog/en/i-ching-foundations-flow-of-change.mdx,en,i-ching-foundations-flow-of-change,Philosophy & Spirit,,magazine,,,0
src/content/blog/en/icarus-ambition-crash.mdx,en,icarus-ambition-crash,Myth & Culture,,magazine,,,0
src/content/blog/en/ikigai-art-of-purpose.mdx,en,ikigai-art-of-purpose,Lifestyle & Growth,,magazine,,,0
src/content/blog/en/ikigai-finding-personal-mission.mdx,en,ikigai-finding-personal-mission,Lifestyle & Growth,,magazine,,,0
src/content/blog/en/ikigai-four-circles-purpose-finding.mdx,en,ikigai-four-circles-purpose-finding,Lifestyle & Growth,,magazine,,,0
src/content/blog/en/ikigai-okinawa-longevity-secrets.mdx,en,ikigai-okinawa-longevity-secrets,Lifestyle & Growth,,magazine,,,0
src/content/blog/en/ilju-daily-pillar-core-self.mdx,en,ilju-daily-pillar-core-self,Mysticism,,magazine,,,0
src/content/blog/en/image-base64-serialization-strategy.mdx,en,image-base64-serialization-strategy,Technology,,magazine,,,0
src/content/blog/en/image-cropping-framing-perfection.mdx,en,image-cropping-framing-perfection,Design,,magazine,,,0
src/content/blog/en/image-degradation-internet-archaeology.mdx,en,image-degradation-internet-archaeology,Culture,,magazine,,,0
src/content/blog/en/image-metadata-forensics.mdx,en,image-metadata-forensics,Technology,,magazine,,,0
src/content/blog/en/image-optimization-speed-quality.mdx,en,image-optimization-speed-quality,Technology,,magazine,,,0
src/content/blog/en/image-pixelation-privacy-art.mdx,en,image-pixelation-privacy-art,Technology,,magazine,,,0
src/content/blog/en/imposter-syndrome-doubt.mdx,en,imposter-syndrome-doubt,Mind & Psychology,,magazine,,,0
src/content/blog/en/imposter-syndrome-fraudulence.mdx,en,imposter-syndrome-fraudulence,Mind & Psychology,,magazine,,,0
src/content/blog/en/individuation-process-self-realization.mdx,en,individuation-process-self-realization,Mind & Psychology,,magazine,,,0
src/content/blog/en/industrial-revolution-alienation.mdx,en,industrial-revolution-alienation,Myth & Culture,,magazine,,,0
src/content/blog/en/inflammation-and-brain-health.mdx,en,inflammation-and-brain-health,Mind & Psychology,,magazine,,,0
src/content/blog/en/information-overload-paralysis.mdx,en,information-overload-paralysis,Mind & Psychology,,magazine,,,0
src/content/blog/en/inner-child-wounded-self.mdx,en,inner-child-wounded-self,Mind & Psychology,,magazine,,,0
src/content/blog/en/intergenerational-trauma-healing.mdx,en,intergenerational-trauma-healing,Philosophy & Spirit,,magazine,,,0
src/content/blog/en/intergenerational-trauma.mdx,en,intergenerational-trauma,Mind & Psychology,,magazine,,,0
src/content/blog/en/intermittent-fasting-complete-guide.mdx,en,intermittent-fasting-complete-guide,Health,,magazine,,,6
src/content/blog/en/interpretation-vs-facts.mdx,en,interpretation-vs-facts,Philosophy & Spirit,,magazine,,,0
src/content/blog/en/introvert-extrovert-science.mdx,en,introvert-extrovert-science,Magazine,,magazine,,,1
src/content/blog/en/invisible-gorilla-inattentional-blindness.mdx,en,invisible-gorilla-inattentional-blindness,Mind & Psychology,,magazine,,,0
src/content/blog/en/izanagi-izanami-myth-balance.mdx,en,izanagi-izanami-myth-balance,Mythology,,magazine,,,0
src/content/blog/en/jumong-myth-mother-attachment.mdx,en,jumong-myth-mother-attachment,Mythology,,magazine,,,0
src/content/blog/en/jung-alchemy-symbolism-transformation.mdx,en,jung-alchemy-symbolism-transformation,Mind & Psychology,,magazine,,,0
src/content/blog/en/jung-shadow-psychology.mdx,en,jung-shadow-psychology,Mind & Psychology,,magazine,,,0
src/content/blog/en/jungian-shadow-work-meeting-dark-self.mdx,en,jungian-shadow-work-meeting-dark-self,Mind & Psychology,,magazine,,,0
src/content/blog/en/just-world-hypothesis-fairness.mdx,en,just-world-hypothesis-fairness,Mind & Psychology,,magazine,,,0
src/content/blog/en/kabbalah-tree-of-life-archetypes.mdx,en,kabbalah-tree-of-life-archetypes,Mysticism,,magazine,,,0
src/content/blog/en/kaizen-continuous-improvement-lifestyle.mdx,en,kaizen-continuous-improvement-lifestyle,Lifestyle & Growth,,magazine,,,0
src/content/blog/en/karma-moral-causality.mdx,en,karma-moral-causality,Philosophy & Spirit,,magazine,,,0
src/content/blog/en/korail-act-overview.mdx,en,korail-act-overview,Law & Exam,,magazine,,,0
src/content/blog/en/korean-creation-myth-fear-and-hope.mdx,en,korean-creation-myth-fear-and-hope,Mythology,,magazine,,,0
src/content/blog/en/korean-shamanism-muism.mdx,en,korean-shamanism-muism,Myth & Culture,,magazine,,,0
src/content/blog/en/labor-rights-guide.mdx,en,labor-rights-guide,Society & Wealth,,magazine,,,0
src/content/blog/en/law-of-triviality-bikeshedding.mdx,en,law-of-triviality-bikeshedding,Mind & Psychology,,magazine,,,0
src/content/blog/en/leadership-styles-guide.mdx,en,leadership-styles-guide,Magazine,,magazine,,,1
src/content/blog/en/learned-helplessness-seligman.mdx,en,learned-helplessness-seligman,Mind & Psychology,,magazine,,,0
src/content/blog/en/learning-styles-efficiency.mdx,en,learning-styles-efficiency,Education,,magazine,,,0
src/content/blog/en/lecture-1-ob.mdx,en,lecture-1-ob,Society & Wealth,,magazine,,,2
src/content/blog/en/lecture-1.mdx,en,lecture-1,Philosophy & Spirit,,magazine,,,0
src/content/blog/en/lecture-10-leadership.mdx,en,lecture-10-leadership,Society & Wealth,,magazine,,,2
src/content/blog/en/lecture-10.mdx,en,lecture-10,Myth & Culture,,magazine,,,0
src/content/blog/en/lecture-2-org.mdx,en,lecture-2-org,Society & Wealth,,magazine,,,2
src/content/blog/en/lecture-2.mdx,en,lecture-2,Society & Wealth,,magazine,,,0
src/content/blog/en/lecture-22.mdx,en,lecture-22,Myth & Culture,,magazine,,,0
src/content/blog/en/lecture-3-hrm.mdx,en,lecture-3-hrm,Society & Wealth,,magazine,,,0
src/content/blog/en/lecture-3.mdx,en,lecture-3,Philosophy & Spirit,,magazine,,,0
src/content/blog/en/lecture-4-marketing.mdx,en,lecture-4-marketing,Society & Wealth,,magazine,,,0
src/content/blog/en/lecture-4.mdx,en,lecture-4,Mysticism,,magazine,,,0
src/content/blog/en/lecture-5-om.mdx,en,lecture-5-om,Society & Wealth,,magazine,,,0
src/content/blog/en/lecture-5.mdx,en,lecture-5,Philosophy & Spirit,,magazine,,,0
src/content/blog/en/lecture-6-finance.mdx,en,lecture-6-finance,Society & Wealth,,magazine,,,0
src/content/blog/en/lecture-6.mdx,en,lecture-6,Philosophy & Spirit,,magazine,,,0
src/content/blog/en/lecture-7-accounting.mdx,en,lecture-7-accounting,Society & Wealth,,magazine,,,0
src/content/blog/en/lecture-8-strategy.mdx,en,lecture-8-strategy,Society & Wealth,,magazine,,,2
src/content/blog/en/lecture-8.mdx,en,lecture-8,Myth & Culture,,magazine,,,0
src/content/blog/en/lecture-9-innovation.mdx,en,lecture-9-innovation,Society & Wealth,,magazine,,,2
src/content/blog/en/lecture-9.mdx,en,lecture-9,Myth & Culture,,magazine,,,0
src/content/blog/en/lecture-civil-law-01.mdx,en,lecture-civil-law-01,,,magazine,,,1
src/content/blog/en/lecture-civil-law-02.mdx,en,lecture-civil-law-02,,,magazine,,,1
src/content/blog/en/lecture-civil-law-03.mdx,en,lecture-civil-law-03,,,magazine,,,1
src/content/blog/en/lecture-civil-law-04.mdx,en,lecture-civil-law-04,,,magazine,,,1
src/content/blog/en/lecture-civil-law-05.mdx,en,lecture-civil-law-05,,,magazine,,,1
src/content/blog/en/life-is-a-game.mdx,en,life-is-a-game,Philosophy & Spirit,,magazine,,,0
src/content/blog/en/life-purpose-and-people.mdx,en,life-purpose-and-people,Philosophy & Spirit,,magazine,,,0
src/content/blog/en/life-values-and-happiness.mdx,en,life-values-and-happiness,Magazine,,magazine,,,1
src/content/blog/en/lifestyle-3-elements.mdx,en,lifestyle-3-elements,Mind & Psychology,,magazine,,,0
src/content/blog/en/light-shadow-duet.mdx,en,light-shadow-duet,Philosophy & Spirit,,magazine,,,0
src/content/blog/en/lindy-effect-timeless-wisdom.mdx,en,lindy-effect-timeless-wisdom,Myth & Culture,,magazine,,,0
src/content/blog/en/logic-chain-reasoning-hypothetical-syllogism.mdx,en,logic-chain-reasoning-hypothetical-syllogism,Logic,,magazine,,,0
src/content/blog/en/logic-chain-reasoning-syllogism.mdx,en,logic-chain-reasoning-syllogism,Logic & Philosophy,,magazine,,,0
src/content/blog/en/logic-compound-conditionals-and-or.mdx,en,logic-compound-conditionals-and-or,Logic,,magazine,,,0
src/content/blog/en/logic-conditional-and-or-operators.mdx,en,logic-conditional-and-or-operators,Logic & Philosophy,,magazine,,,0
src/content/blog/en/logic-foundations-converse.mdx,en,logic-foundations-converse,Logic & Philosophy,,magazine,,,0
src/content/blog/en/logic-inference-patterns-guide.mdx,en,logic-inference-patterns-guide,Logic,,magazine,,,0
src/content/blog/en/logic-necessary-sufficient-conditions.mdx,en,logic-necessary-sufficient-conditions,Logic,,magazine,,,0
src/content/blog/en/logic-proof-by-contradiction-induction.mdx,en,logic-proof-by-contradiction-induction,Logic,,magazine,,,0
src/content/blog/en/logic-quantified-statements-all-some-none.mdx,en,logic-quantified-statements-all-some-none,Logic,,magazine,,,0
src/content/blog/en/logic-quantifiers-and-negation.mdx,en,logic-quantifiers-and-negation,Logic,,magazine,,,0
src/content/blog/en/longevity-lifestyle-guide.mdx,en,longevity-lifestyle-guide,Health,,magazine,,,5
src/content/blog/en/looking-glass-self-cooley.mdx,en,looking-glass-self-cooley,Mind & Psychology,,magazine,,,0
src/content/blog/en/lucid-dreaming-astral-projection-consciousness.mdx,en,lucid-dreaming-astral-projection-consciousness,Mind & Psychology,,magazine,,,0
src/content/blog/en/lucid-dreaming-astral-projection-unconscious.mdx,en,lucid-dreaming-astral-projection-unconscious,Mind & Psychology,,magazine,,,0
src/content/blog/en/lucid-dreaming-guide-reality-check.mdx,en,lucid-dreaming-guide-reality-check,Mysticism,,magazine,,,0
src/content/blog/en/lucifer-effect-evil-situation.mdx,en,lucifer-effect-evil-situation,Mind & Psychology,,magazine,,,0
src/content/blog/en/ma-kwang-soo-life-advice.mdx,en,ma-kwang-soo-life-advice,Mind & Psychology,,magazine,,,0
src/content/blog/en/machiavellianism-modern-workplace.mdx,en,machiavellianism-modern-workplace,Mind & Psychology,,magazine,,,0
src/content/blog/en/magazine-acquisition-tax-guide.mdx,en,magazine-acquisition-tax-guide,Magazine,,magazine,,,1
src/content/blog/en/magazine-adhd-workplace-guide.mdx,en,magazine-adhd-workplace-guide,Magazine,,magazine,,,0
src/content/blog/en/magazine-ai-job-displacement-guide.mdx,en,magazine-ai-job-displacement-guide,Magazine,,magazine,,,0
src/content/blog/en/magazine-ai-tools-productivity-guide.mdx,en,magazine-ai-tools-productivity-guide,Magazine,,magazine,,,0
src/content/blog/en/magazine-anger-management-guide.mdx,en,magazine-anger-management-guide,Magazine,,magazine,,,0
src/content/blog/en/magazine-anger-style-psychology.mdx,en,magazine-anger-style-psychology,Magazine,,magazine,,,1
src/content/blog/en/magazine-apartment-subscription-guide.mdx,en,magazine-apartment-subscription-guide,Magazine,,magazine,,,0
src/content/blog/en/magazine-back-pain-guide.mdx,en,magazine-back-pain-guide,Magazine,,magazine,,,0
src/content/blog/en/magazine-baking-guide.mdx,en,magazine-baking-guide,Magazine,,magazine,,,0
src/content/blog/en/magazine-bond-investing-guide.mdx,en,magazine-bond-investing-guide,Magazine,,magazine,,,0
src/content/blog/en/magazine-boundary-psychology.mdx,en,magazine-boundary-psychology,Magazine,,magazine,,,1
src/content/blog/en/magazine-budget-travel-guide.mdx,en,magazine-budget-travel-guide,Magazine,,magazine,,,0
src/content/blog/en/magazine-burnout-guide.mdx,en,magazine-burnout-guide,Magazine,,magazine,,,0
src/content/blog/en/magazine-burnout-psychology.mdx,en,magazine-burnout-psychology,Magazine,,magazine,,,1
src/content/blog/en/magazine-burnout-recovery-guide.mdx,en,magazine-burnout-recovery-guide,Magazine,,magazine,,,0
src/content/blog/en/magazine-camping-beginner-guide.mdx,en,magazine-camping-beginner-guide,Magazine,,magazine,,,0
src/content/blog/en/magazine-cancer-prevention-guide.mdx,en,magazine-cancer-prevention-guide,Magazine,,magazine,,,0
src/content/blog/en/magazine-capital-gains-tax-guide.mdx,en,magazine-capital-gains-tax-guide,Magazine,,magazine,,,1
src/content/blog/en/magazine-car-purchase-guide.mdx,en,magazine-car-purchase-guide,Magazine,,magazine,,,0
src/content/blog/en/magazine-career-break-reentry-guide.mdx,en,magazine-career-break-reentry-guide,Magazine,,magazine,,,0
src/content/blog/en/magazine-career-development-guide.mdx,en,magazine-career-development-guide,Magazine,,magazine,,,0
src/content/blog/en/magazine-checklist-car-rental.mdx,en,magazine-checklist-car-rental,Insights,,magazine,,,2
src/content/blog/en/magazine-checklist-digital-used-trade.mdx,en,magazine-checklist-digital-used-trade,Insights,,magazine,,,2
src/content/blog/en/magazine-checklist-medical.mdx,en,magazine-checklist-medical,Insights,,magazine,,,2
src/content/blog/en/magazine-checklist-overseas-travel.mdx,en,magazine-checklist-overseas-travel,Insights,,magazine,,,1
src/content/blog/en/magazine-checklist-pet.mdx,en,magazine-checklist-pet,Insights,,magazine,,,2
src/content/blog/en/magazine-checklist-real-estate-moving.mdx,en,magazine-checklist-real-estate-moving,Insights,,magazine,,,2
src/content/blog/en/magazine-chess-strategy-guide.mdx,en,magazine-chess-strategy-guide,Magazine,,magazine,,,1
src/content/blog/en/magazine-child-education-guide.mdx,en,magazine-child-education-guide,Magazine,,magazine,,,0
src/content/blog/en/magazine-children-money-education-guide.mdx,en,magazine-children-money-education-guide,Magazine,,magazine,,,0
src/content/blog/en/magazine-chinese-learning-guide.mdx,en,magazine-chinese-learning-guide,Magazine,,magazine,,,0
src/content/blog/en/magazine-chronic-pain-guide.mdx,en,magazine-chronic-pain-guide,Magazine,,magazine,,,0
src/content/blog/en/magazine-civil-servant-exam-guide.mdx,en,magazine-civil-servant-exam-guide,Magazine,,magazine,,,0
src/content/blog/en/magazine-climate-change-guide.mdx,en,magazine-climate-change-guide,Magazine,,magazine,,,0
src/content/blog/en/magazine-coding-self-study-guide.mdx,en,magazine-coding-self-study-guide,Magazine,,magazine,,,0
src/content/blog/en/magazine-coffee-guide.mdx,en,magazine-coffee-guide,Magazine,,magazine,,,0
src/content/blog/en/magazine-college-entrance-guide.mdx,en,magazine-college-entrance-guide,Magazine,,magazine,,,0
src/content/blog/en/magazine-communication-skills-guide.mdx,en,magazine-communication-skills-guide,Magazine,,magazine,,,0
src/content/blog/en/magazine-communication-style-psychology.mdx,en,magazine-communication-style-psychology,Magazine,,magazine,,,1
src/content/blog/en/magazine-commute-productivity-guide.mdx,en,magazine-commute-productivity-guide,Magazine,,magazine,,,0
src/content/blog/en/magazine-compound-interest-guide.mdx,en,magazine-compound-interest-guide,Magazine,,magazine,,,1
src/content/blog/en/magazine-comprehensive-income-tax-guide.mdx,en,magazine-comprehensive-income-tax-guide,Magazine,,magazine,,,0
src/content/blog/en/magazine-condolence-etiquette-guide.mdx,en,magazine-condolence-etiquette-guide,Magazine,,magazine,,,0
src/content/blog/en/magazine-conflict-style-psychology.mdx,en,magazine-conflict-style-psychology,Magazine,,magazine,,,1
src/content/blog/en/magazine-cooking-basics-guide.mdx,en,magazine-cooking-basics-guide,Magazine,,magazine,,,0
src/content/blog/en/magazine-coping-style-psychology.mdx,en,magazine-coping-style-psychology,Magazine,,magazine,,,1
src/content/blog/en/magazine-creativity-type-psychology.mdx,en,magazine-creativity-type-psychology,Magazine,,magazine,,,1
src/content/blog/en/magazine-credit-card-strategy-guide.mdx,en,magazine-credit-card-strategy-guide,Magazine,,magazine,,,0
src/content/blog/en/magazine-credit-score-guide.mdx,en,magazine-credit-score-guide,Magazine,,magazine,,,0
src/content/blog/en/magazine-crypto-bitcoin-guide.mdx,en,magazine-crypto-bitcoin-guide,Magazine,,magazine,,,0
src/content/blog/en/magazine-cycling-guide.mdx,en,magazine-cycling-guide,Magazine,,magazine,,,0
src/content/blog/en/magazine-debt-management-guide.mdx,en,magazine-debt-management-guide,Magazine,,magazine,,,0
src/content/blog/en/magazine-decision-making-psychology.mdx,en,magazine-decision-making-psychology,Magazine,,magazine,,,1
src/content/blog/en/magazine-decluttering-guide.mdx,en,magazine-decluttering-guide,Magazine,,magazine,,,0
src/content/blog/en/magazine-dental-care-guide.mdx,en,magazine-dental-care-guide,Magazine,,magazine,,,0
src/content/blog/en/magazine-diabetes-prevention-guide.mdx,en,magazine-diabetes-prevention-guide,Magazine,,magazine,,,0
src/content/blog/en/magazine-diet-psychology-guide.mdx,en,magazine-diet-psychology-guide,Magazine,,magazine,,,0
src/content/blog/en/magazine-digital-detox-guide.mdx,en,magazine-digital-detox-guide,Magazine,,magazine,,,0
src/content/blog/en/magazine-digital-minimalism-guide.mdx,en,magazine-digital-minimalism-guide,Magazine,,magazine,,,0
src/content/blog/en/magazine-disc-personality-psychology.mdx,en,magazine-disc-personality-psychology,Magazine,,magazine,,,1
src/content/blog/en/magazine-dividend-investing-guide.mdx,en,magazine-dividend-investing-guide,Magazine,,magazine,,,0
src/content/blog/en/magazine-divorce-guide.mdx,en,magazine-divorce-guide,Magazine,,magazine,,,0
src/content/blog/en/magazine-drawing-guide.mdx,en,magazine-drawing-guide,Magazine,,magazine,,,0
src/content/blog/en/magazine-earned-income-tax-credit-guide.mdx,en,magazine-earned-income-tax-credit-guide,Magazine,,magazine,,,0
src/content/blog/en/magazine-economics-basics-guide.mdx,en,magazine-economics-basics-guide,Magazine,,magazine,,,0
src/content/blog/en/magazine-egogram-psychology.mdx,en,magazine-egogram-psychology,Magazine,,magazine,,,1
src/content/blog/en/magazine-elderly-parent-care-guide.mdx,en,magazine-elderly-parent-care-guide,Magazine,,magazine,,,0
src/content/blog/en/magazine-electric-vehicle-guide.mdx,en,magazine-electric-vehicle-guide,Magazine,,magazine,,,0
src/content/blog/en/magazine-emergency-preparedness-guide.mdx,en,magazine-emergency-preparedness-guide,Magazine,,magazine,,,0
src/content/blog/en/magazine-emotion-regulation-psychology.mdx,en,magazine-emotion-regulation-psychology,Magazine,,magazine,,,1
src/content/blog/en/magazine-emotional-intelligence-guide.mdx,en,magazine-emotional-intelligence-guide,Magazine,,magazine,,,0
src/content/blog/en/magazine-emotional-intelligence-psychology.mdx,en,magazine-emotional-intelligence-psychology,Magazine,,magazine,,,1
src/content/blog/en/magazine-empathy-psychology.mdx,en,magazine-empathy-psychology,Magazine,,magazine,,,1
src/content/blog/en/magazine-employment-insurance-guide.mdx,en,magazine-employment-insurance-guide,Magazine,,magazine,,,0
src/content/blog/en/magazine-english-learning-guide.mdx,en,magazine-english-learning-guide,Magazine,,magazine,,,0
src/content/blog/en/magazine-english-pronunciation-guide.mdx,en,magazine-english-pronunciation-guide,Magazine,,magazine,,,0
src/content/blog/en/magazine-enneagram-introduction.mdx,en,magazine-enneagram-introduction,Magazine,,magazine,,,1
src/content/blog/en/magazine-estate-auction-guide.mdx,en,magazine-estate-auction-guide,Magazine,,magazine,,,0
src/content/blog/en/magazine-etf-beginner-guide.mdx,en,magazine-etf-beginner-guide,Magazine,,magazine,,,0
src/content/blog/en/magazine-etf-investing-guide.mdx,en,magazine-etf-investing-guide,Magazine,,magazine,,,0
src/content/blog/en/magazine-exercise-habit-guide.mdx,en,magazine-exercise-habit-guide,Magazine,,magazine,,,0
src/content/blog/en/magazine-family-holiday-conflict-guide.mdx,en,magazine-family-holiday-conflict-guide,Magazine,,magazine,,,0
src/content/blog/en/magazine-fire-movement-guide.mdx,en,magazine-fire-movement-guide,Magazine,,magazine,,,0
src/content/blog/en/magazine-focus-concentration-guide.mdx,en,magazine-focus-concentration-guide,Magazine,,magazine,,,0
src/content/blog/en/magazine-food-allergy-guide.mdx,en,magazine-food-allergy-guide,Magazine,,magazine,,,0
src/content/blog/en/magazine-freelancer-career-guide.mdx,en,magazine-freelancer-career-guide,Magazine,,magazine,,,0
src/content/blog/en/magazine-freelancer-guide.mdx,en,magazine-freelancer-guide,Magazine,,magazine,,,0
src/content/blog/en/magazine-freelancer-tax-guide.mdx,en,magazine-freelancer-tax-guide,Magazine,,magazine,,,0
src/content/blog/en/magazine-future-jobs-certifications.mdx,en,magazine-future-jobs-certifications,Insights,magazine,magazine,,,3
src/content/blog/en/magazine-game-addiction-guide.mdx,en,magazine-game-addiction-guide,Magazine,,magazine,,,0
src/content/blog/en/magazine-gap-year-guide.mdx,en,magazine-gap-year-guide,Magazine,,magazine,,,0
src/content/blog/en/magazine-gift-tax-guide.mdx,en,magazine-gift-tax-guide,Magazine,,magazine,,,1
src/content/blog/en/magazine-global-tax-investing-guide.mdx,en,magazine-global-tax-investing-guide,Magazine,,magazine,,,0
src/content/blog/en/magazine-gomoku-strategy-guide.mdx,en,magazine-gomoku-strategy-guide,Magazine,,magazine,,,1
src/content/blog/en/magazine-government-pension-comparison.mdx,en,magazine-government-pension-comparison,Magazine,,magazine,,,0
src/content/blog/en/magazine-graduate-school-guide.mdx,en,magazine-graduate-school-guide,Magazine,,magazine,,,0
src/content/blog/en/magazine-growth-mindset-psychology.mdx,en,magazine-growth-mindset-psychology,Magazine,,magazine,,,1
src/content/blog/en/magazine-gut-health-guide.mdx,en,magazine-gut-health-guide,Magazine,,magazine,,,0
src/content/blog/en/magazine-habit-formation-guide.mdx,en,magazine-habit-formation-guide,Magazine,,magazine,,,0
src/content/blog/en/magazine-hair-care-guide.mdx,en,magazine-hair-care-guide,Magazine,,magazine,,,0
src/content/blog/en/magazine-health-checkup-guide.mdx,en,magazine-health-checkup-guide,Magazine,,magazine,,,0
src/content/blog/en/magazine-health-insurance-guide.mdx,en,magazine-health-insurance-guide,Magazine,,magazine,,,0
src/content/blog/en/magazine-hiking-guide.mdx,en,magazine-hiking-guide,Magazine,,magazine,,,0
src/content/blog/en/magazine-home-cooking-meal-prep-guide.mdx,en,magazine-home-cooking-meal-prep-guide,Magazine,,magazine,,,0
src/content/blog/en/magazine-home-workout-guide.mdx,en,magazine-home-workout-guide,Magazine,,magazine,,,0
src/content/blog/en/magazine-house-cleaning-routine-guide.mdx,en,magazine-house-cleaning-routine-guide,Magazine,,magazine,,,0
src/content/blog/en/magazine-houseplant-guide.mdx,en,magazine-houseplant-guide,Magazine,,magazine,,,0
src/content/blog/en/magazine-hypertension-guide.mdx,en,magazine-hypertension-guide,Magazine,,magazine,,,0
src/content/blog/en/magazine-inheritance-tax-guide.mdx,en,magazine-inheritance-tax-guide,Magazine,,magazine,,,1
src/content/blog/en/magazine-insurance-guide.mdx,en,magazine-insurance-guide,Magazine,,magazine,,,0
src/content/blog/en/magazine-interior-design-guide.mdx,en,magazine-interior-design-guide,Magazine,,magazine,,,0
src/content/blog/en/magazine-intermittent-fasting-guide.mdx,en,magazine-intermittent-fasting-guide,Magazine,,magazine,,,0
src/content/blog/en/magazine-introvert-extrovert-psychology.mdx,en,magazine-introvert-extrovert-psychology,Magazine,,magazine,,,1
src/content/blog/en/magazine-investment-guide.mdx,en,magazine-investment-guide,Magazine,,magazine,,,1
src/content/blog/en/magazine-investment-psychology-guide.mdx,en,magazine-investment-psychology-guide,Magazine,,magazine,,,0
src/content/blog/en/magazine-isa-guide.mdx,en,magazine-isa-guide,Magazine,,magazine,,,0
src/content/blog/en/magazine-japanese-learning-guide.mdx,en,magazine-japanese-learning-guide,Magazine,,magazine,,,0
src/content/blog/en/magazine-jeonse-fraud-prevention-guide.mdx,en,magazine-jeonse-fraud-prevention-guide,Magazine,,magazine,,,0
src/content/blog/en/magazine-jeonse-vs-rent-guide.mdx,en,magazine-jeonse-vs-rent-guide,Magazine,,magazine,,,0
src/content/blog/en/magazine-job-change-guide.mdx,en,magazine-job-change-guide,Magazine,,magazine,,,0
src/content/blog/en/magazine-job-interview-guide.mdx,en,magazine-job-interview-guide,Magazine,,magazine,,,0
src/content/blog/en/magazine-journaling-guide.mdx,en,magazine-journaling-guide,Magazine,,magazine,,,0
src/content/blog/en/magazine-korean-history-guide.mdx,en,magazine-korean-history-guide,Magazine,,magazine,,,0
src/content/blog/en/magazine-labor-law-rights-guide.mdx,en,magazine-labor-law-rights-guide,Magazine,,magazine,,,0
src/content/blog/en/magazine-leadership-style-psychology.mdx,en,magazine-leadership-style-psychology,Magazine,,magazine,,,1
src/content/blog/en/magazine-learning-style-guide.mdx,en,magazine-learning-style-guide,Magazine,,magazine,,,1
src/content/blog/en/magazine-lease-contract-guide.mdx,en,magazine-lease-contract-guide,Magazine,,magazine,,,0
src/content/blog/en/magazine-legal-interest-guide.mdx,en,magazine-legal-interest-guide,Magazine,,magazine,,,1
src/content/blog/en/magazine-life-insurance-guide.mdx,en,magazine-life-insurance-guide,Magazine,,magazine,,,0
src/content/blog/en/magazine-life-values-psychology.mdx,en,magazine-life-values-psychology,Magazine,,magazine,,,1
src/content/blog/en/magazine-loneliness-guide.mdx,en,magazine-loneliness-guide,Magazine,,magazine,,,0
src/content/blog/en/magazine-love-language-psychology.mdx,en,magazine-love-language-psychology,Magazine,,magazine,,,1
src/content/blog/en/magazine-mac-buying-guide.mdx,en,magazine-mac-buying-guide,Magazine,,magazine,,,0
src/content/blog/en/magazine-marriage-preparation-guide.mdx,en,magazine-marriage-preparation-guide,Magazine,,magazine,,,0
src/content/blog/en/magazine-mbti-career-psychology.mdx,en,magazine-mbti-career-psychology,Magazine,,magazine,,,1
src/content/blog/en/magazine-mbti-cognitive-functions.mdx,en,magazine-mbti-cognitive-functions,Magazine,,magazine,,,1
src/content/blog/en/magazine-mbti-love-psychology.mdx,en,magazine-mbti-love-psychology,Magazine,,magazine,,,1
src/content/blog/en/magazine-meeting-cost-psychology.mdx,en,magazine-meeting-cost-psychology,Magazine,,magazine,,,1
src/content/blog/en/magazine-memory-learning-guide.mdx,en,magazine-memory-learning-guide,Magazine,,magazine,,,0
src/content/blog/en/magazine-menopause-guide.mdx,en,magazine-menopause-guide,Magazine,,magazine,,,0
src/content/blog/en/magazine-mental-health-treatment-guide.mdx,en,magazine-mental-health-treatment-guide,Magazine,,magazine,,,0
src/content/blog/en/magazine-migraine-headache-guide.mdx,en,magazine-migraine-headache-guide,Magazine,,magazine,,,0
src/content/blog/en/magazine-mindfulness-guide.mdx,en,magazine-mindfulness-guide,Magazine,,magazine,,,0
src/content/blog/en/magazine-mindfulness-meditation-guide.mdx,en,magazine-mindfulness-meditation-guide,Magazine,,magazine,,,0
src/content/blog/en/magazine-minimalism-life-guide.mdx,en,magazine-minimalism-life-guide,Magazine,,magazine,,,0
src/content/blog/en/magazine-motivation-type-psychology.mdx,en,magazine-motivation-type-psychology,Magazine,,magazine,,,1
src/content/blog/en/magazine-moving-guide.mdx,en,magazine-moving-guide,Magazine,,magazine,,,0
src/content/blog/en/magazine-national-pension-guide.mdx,en,magazine-national-pension-guide,Magazine,,magazine,,,0
src/content/blog/en/magazine-negotiation-psychology.mdx,en,magazine-negotiation-psychology,Magazine,,magazine,,,0
src/content/blog/en/magazine-negotiation-skills-guide.mdx,en,magazine-negotiation-skills-guide,Magazine,,magazine,,,0
src/content/blog/en/magazine-newlywed-finance-guide.mdx,en,magazine-newlywed-finance-guide,Magazine,,magazine,,,0
src/content/blog/en/magazine-nutrition-basics-guide.mdx,en,magazine-nutrition-basics-guide,Magazine,,magazine,,,0
src/content/blog/en/magazine-nutrition-diet-guide.mdx,en,magazine-nutrition-diet-guide,Magazine,,magazine,,,0
src/content/blog/en/magazine-optimism-psychology.mdx,en,magazine-optimism-psychology,Magazine,,magazine,,,1
src/content/blog/en/magazine-overseas-shopping-guide.mdx,en,magazine-overseas-shopping-guide,Magazine,,magazine,,,0
src/content/blog/en/magazine-panic-disorder-guide.mdx,en,magazine-panic-disorder-guide,Magazine,,magazine,,,0
src/content/blog/en/magazine-parental-leave-guide.mdx,en,magazine-parental-leave-guide,Magazine,,magazine,,,0
src/content/blog/en/magazine-parenting-psychology-guide.mdx,en,magazine-parenting-psychology-guide,Magazine,,magazine,,,0
src/content/blog/en/magazine-parents-elder-care-guide.mdx,en,magazine-parents-elder-care-guide,Magazine,,magazine,,,0
src/content/blog/en/magazine-pension-savings-guide.mdx,en,magazine-pension-savings-guide,Magazine,,magazine,,,0
src/content/blog/en/magazine-perfectionism-psychology.mdx,en,magazine-perfectionism-psychology,Magazine,,magazine,,,1
src/content/blog/en/magazine-personal-bankruptcy-guide.mdx,en,magazine-personal-bankruptcy-guide,Magazine,,magazine,,,0
src/content/blog/en/magazine-personal-branding-guide.mdx,en,magazine-personal-branding-guide,Magazine,,magazine,,,0
src/content/blog/en/magazine-personal-finance-beginner.mdx,en,magazine-personal-finance-beginner,Magazine,magazine,magazine,,,0
src/content/blog/en/magazine-pet-care-guide.mdx,en,magazine-pet-care-guide,Magazine,magazine,magazine,,,0
src/content/blog/en/magazine-photography-basics-guide.mdx,en,magazine-photography-basics-guide,Magazine,magazine,magazine,,,0
src/content/blog/en/magazine-pilates-guide.mdx,en,magazine-pilates-guide,Magazine,magazine,magazine,,,0
src/content/blog/en/magazine-postpartum-depression-guide.mdx,en,magazine-postpartum-depression-guide,Magazine,magazine,magazine,,,0
src/content/blog/en/magazine-posture-correction-guide.mdx,en,magazine-posture-correction-guide,Magazine,magazine,magazine,,,0
src/content/blog/en/magazine-pregnancy-preparation-guide.mdx,en,magazine-pregnancy-preparation-guide,Magazine,magazine,magazine,,,0
src/content/blog/en/magazine-procrastination-psychology.mdx,en,magazine-procrastination-psychology,Magazine,magazine,magazine,,,1
src/content/blog/en/magazine-property-tax-guide.mdx,en,magazine-property-tax-guide,Magazine,magazine,magazine,,,1
src/content/blog/en/magazine-public-enterprise-guide.mdx,en,magazine-public-enterprise-guide,Magazine,magazine,magazine,,,0
src/content/blog/en/magazine-public-speaking-guide.mdx,en,magazine-public-speaking-guide,Magazine,magazine,magazine,,,0
src/content/blog/en/magazine-qualification-strategy-guide.mdx,en,magazine-qualification-strategy-guide,Magazine,magazine,magazine,,,0
src/content/blog/en/magazine-quitting-smoking-guide.mdx,en,magazine-quitting-smoking-guide,Magazine,magazine,magazine,,,0
src/content/blog/en/magazine-reading-habit-guide.mdx,en,magazine-reading-habit-guide,Magazine,magazine,magazine,,,0
src/content/blog/en/magazine-real-estate-investment-guide.mdx,en,magazine-real-estate-investment-guide,Magazine,magazine,magazine,,,0
src/content/blog/en/magazine-real-estate-tax-guide.mdx,en,magazine-real-estate-tax-guide,Magazine,,magazine,,,0
src/content/blog/en/magazine-relationship-communication-guide.mdx,en,magazine-relationship-communication-guide,Magazine,,magazine,,,0
src/content/blog/en/magazine-relationships-communication-guide.mdx,en,magazine-relationships-communication-guide,Magazine,,magazine,,,0
src/content/blog/en/magazine-remote-work-guide.mdx,en,magazine-remote-work-guide,Magazine,,magazine,,,0
src/content/blog/en/magazine-resilience-psychology.mdx,en,magazine-resilience-psychology,Magazine,,magazine,,,1
src/content/blog/en/magazine-resume-writing-guide.mdx,en,magazine-resume-writing-guide,Magazine,,magazine,,,0
src/content/blog/en/magazine-retirement-abroad-guide.mdx,en,magazine-retirement-abroad-guide,Magazine,,magazine,,,0
src/content/blog/en/magazine-retirement-asset-allocation.mdx,en,magazine-retirement-asset-allocation,Magazine,,magazine,,,0
src/content/blog/en/magazine-riasec-career-test.mdx,en,magazine-riasec-career-test,Magazine,,magazine,,,1
src/content/blog/en/magazine-running-guide.mdx,en,magazine-running-guide,Magazine,,magazine,,,0
src/content/blog/en/magazine-salary-calculator-guide.mdx,en,magazine-salary-calculator-guide,Magazine,,magazine,,,1
src/content/blog/en/magazine-self-care-guide.mdx,en,magazine-self-care-guide,Magazine,,magazine,,,0
src/content/blog/en/magazine-self-compassion-psychology.mdx,en,magazine-self-compassion-psychology,Magazine,,magazine,,,1
src/content/blog/en/magazine-self-discovery-guide.mdx,en,magazine-self-discovery-guide,Magazine,,magazine,,,0
src/content/blog/en/magazine-self-employed-insurance-guide.mdx,en,magazine-self-employed-insurance-guide,Magazine,,magazine,,,0
src/content/blog/en/magazine-self-employed-tax-guide.mdx,en,magazine-self-employed-tax-guide,Magazine,,magazine,,,0
src/content/blog/en/magazine-self-esteem-psychology.mdx,en,magazine-self-esteem-psychology,Magazine,,magazine,,,1
src/content/blog/en/magazine-senior-health-guide.mdx,en,magazine-senior-health-guide,Magazine,,magazine,,,0
src/content/blog/en/magazine-severance-pay-guide.mdx,en,magazine-severance-pay-guide,Magazine,,magazine,,,0
src/content/blog/en/magazine-side-hustle-ideas-guide.mdx,en,magazine-side-hustle-ideas-guide,Magazine,,magazine,,,0
src/content/blog/en/magazine-side-income-guide.mdx,en,magazine-side-income-guide,Magazine,,magazine,,,0
src/content/blog/en/magazine-skin-care-guide.mdx,en,magazine-skin-care-guide,Magazine,,magazine,,,0
src/content/blog/en/magazine-sleep-improvement-guide.mdx,en,magazine-sleep-improvement-guide,Magazine,,magazine,,,0
src/content/blog/en/magazine-sleep-optimization-guide.mdx,en,magazine-sleep-optimization-guide,Magazine,,magazine,,,0
src/content/blog/en/magazine-small-business-closure-guide.mdx,en,magazine-small-business-closure-guide,Magazine,,magazine,,,0
src/content/blog/en/magazine-smartphone-addiction-guide.mdx,en,magazine-smartphone-addiction-guide,Magazine,,magazine,,,0
src/content/blog/en/magazine-social-anxiety-guide.mdx,en,magazine-social-anxiety-guide,Magazine,,magazine,,,0
src/content/blog/en/magazine-social-anxiety-psychology.mdx,en,magazine-social-anxiety-psychology,Magazine,,magazine,,,1
src/content/blog/en/magazine-social-media-marketing-guide.mdx,en,magazine-social-media-marketing-guide,Magazine,,magazine,,,0
src/content/blog/en/magazine-speed-reading-guide.mdx,en,magazine-speed-reading-guide,Magazine,,magazine,,,0
src/content/blog/en/magazine-startup-basics-guide.mdx,en,magazine-startup-basics-guide,Magazine,,magazine,,,0
src/content/blog/en/magazine-startup-guide.mdx,en,magazine-startup-guide,Magazine,,magazine,,,0
src/content/blog/en/magazine-stock-dollar-cost-averaging.mdx,en,magazine-stock-dollar-cost-averaging,Magazine,,magazine,,,0
src/content/blog/en/magazine-stock-terms-guide.mdx,en,magazine-stock-terms-guide,Magazine,,magazine,,,0
src/content/blog/en/magazine-stress-management-guide.mdx,en,magazine-stress-management-guide,Magazine,,magazine,,,0
src/content/blog/en/magazine-stretching-flexibility-guide.mdx,en,magazine-stretching-flexibility-guide,Magazine,,magazine,,,0
src/content/blog/en/magazine-student-loan-guide.mdx,en,magazine-student-loan-guide,Magazine,,magazine,,,0
src/content/blog/en/magazine-study-abroad-guide.mdx,en,magazine-study-abroad-guide,Magazine,,magazine,,,0
src/content/blog/en/magazine-study-methods-guide.mdx,en,magazine-study-methods-guide,Magazine,,magazine,,,0
src/content/blog/en/magazine-swimming-guide.mdx,en,magazine-swimming-guide,Magazine,,magazine,,,0
src/content/blog/en/magazine-tax-return-guide.mdx,en,magazine-tax-return-guide,Magazine,,magazine,,,0
src/content/blog/en/magazine-tea-guide.mdx,en,magazine-tea-guide,Magazine,,magazine,,,0
src/content/blog/en/magazine-time-management-guide.mdx,en,magazine-time-management-guide,Magazine,,magazine,,,0
src/content/blog/en/magazine-traffic-accident-guide.mdx,en,magazine-traffic-accident-guide,Magazine,,magazine,,,0
src/content/blog/en/magazine-us-stock-investment-guide.mdx,en,magazine-us-stock-investment-guide,Magazine,,magazine,,,0
src/content/blog/en/magazine-vegan-diet-guide.mdx,en,magazine-vegan-diet-guide,Magazine,,magazine,,,0
src/content/blog/en/magazine-volunteer-guide.mdx,en,magazine-volunteer-guide,Magazine,,magazine,,,0
src/content/blog/en/magazine-wealth-building-mindset-guide.mdx,en,magazine-wealth-building-mindset-guide,Magazine,,magazine,,,0
src/content/blog/en/magazine-weight-training-guide.mdx,en,magazine-weight-training-guide,Magazine,,magazine,,,0
src/content/blog/en/magazine-wine-guide.mdx,en,magazine-wine-guide,Magazine,,magazine,,,0
src/content/blog/en/magazine-work-from-home-guide.mdx,en,magazine-work-from-home-guide,Magazine,,magazine,,,0
src/content/blog/en/magazine-work-style-psychology.mdx,en,magazine-work-style-psychology,Magazine,,magazine,,,1
src/content/blog/en/magazine-working-holiday-guide.mdx,en,magazine-working-holiday-guide,Magazine,,magazine,,,0
src/content/blog/en/magazine-workplace-conflict-guide.mdx,en,magazine-workplace-conflict-guide,Magazine,,magazine,,,0
src/content/blog/en/magazine-world-history-guide.mdx,en,magazine-world-history-guide,Magazine,,magazine,,,0
src/content/blog/en/magazine-year-end-tax-guide.mdx,en,magazine-year-end-tax-guide,Magazine,,magazine,,,0
src/content/blog/en/magazine-yoga-guide.mdx,en,magazine-yoga-guide,Magazine,,magazine,,,0
src/content/blog/en/magazine-youth-housing-policy-guide.mdx,en,magazine-youth-housing-policy-guide,Magazine,,magazine,,,0
src/content/blog/en/magazine-youth-welfare-policy-guide.mdx,en,magazine-youth-welfare-policy-guide,Magazine,,magazine,,,0
src/content/blog/en/magazine-zero-waste-guide.mdx,en,magazine-zero-waste-guide,Magazine,,magazine,,,0
src/content/blog/en/maslow-hierarchy-self-transcendence.mdx,en,maslow-hierarchy-self-transcendence,Mind & Psychology,,magazine,,,0
src/content/blog/en/maslows-hierarchy-human-needs.mdx,en,maslows-hierarchy-human-needs,Mind & Psychology,,magazine,,,0
src/content/blog/en/mayan-calendar-thirteen-tones-creation.mdx,en,mayan-calendar-thirteen-tones-creation,Mysticism,,magazine,,,0
src/content/blog/en/mayan-tzolkin.mdx,en,mayan-tzolkin,Mysticism,,magazine,,,0
src/content/blog/en/mayan-wisdom-in-lakech-connection.mdx,en,mayan-wisdom-in-lakech-connection,Mysticism,,magazine,,,0
src/content/blog/en/mbti-enfj.mdx,en,mbti-enfj,Mind & Psychology,magazine,magazine,,,0
src/content/blog/en/mbti-enfp.mdx,en,mbti-enfp,Mind & Psychology,magazine,magazine,,,0
src/content/blog/en/mbti-entj.mdx,en,mbti-entj,Mind & Psychology,magazine,magazine,,,0
src/content/blog/en/mbti-entp.mdx,en,mbti-entp,Mind & Psychology,magazine,magazine,,,0
src/content/blog/en/mbti-esfj.mdx,en,mbti-esfj,Mind & Psychology,magazine,magazine,,,0
src/content/blog/en/mbti-esfp.mdx,en,mbti-esfp,Mind & Psychology,magazine,magazine,,,0
src/content/blog/en/mbti-estj.mdx,en,mbti-estj,Mind & Psychology,magazine,magazine,,,0
src/content/blog/en/mbti-estp.mdx,en,mbti-estp,Mind & Psychology,magazine,magazine,,,0
src/content/blog/en/mbti-infj.mdx,en,mbti-infj,Mind & Psychology,magazine,magazine,,,0
src/content/blog/en/mbti-infp.mdx,en,mbti-infp,Mind & Psychology,magazine,magazine,,,0
src/content/blog/en/mbti-intj.mdx,en,mbti-intj,Mind & Psychology,magazine,magazine,,,0
src/content/blog/en/mbti-intp.mdx,en,mbti-intp,Mind & Psychology,magazine,magazine,,,0
src/content/blog/en/mbti-isfj.mdx,en,mbti-isfj,Mind & Psychology,magazine,magazine,,,0
src/content/blog/en/mbti-isfp.mdx,en,mbti-isfp,Mind & Psychology,magazine,magazine,,,0
src/content/blog/en/mbti-istj.mdx,en,mbti-istj,Mind & Psychology,magazine,magazine,,,0
src/content/blog/en/mbti-istp.mdx,en,mbti-istp,Mind & Psychology,magazine,magazine,,,0
src/content/blog/en/mbti-pair-dynamics-relationship-growth.mdx,en,mbti-pair-dynamics-relationship-growth,Mind & Psychology,,magazine,,,0
src/content/blog/en/mbti-shadow-functions-stress-personality.mdx,en,mbti-shadow-functions-stress-personality,Mind & Psychology,,magazine,,,0
src/content/blog/en/meaning-of-akashic-records.mdx,en,meaning-of-akashic-records,Philosophy & Spirit,,magazine,,,2
src/content/blog/en/meaning-of-almanac.mdx,en,meaning-of-almanac,Mysticism,,magazine,,,3
src/content/blog/en/meaning-of-archetypes.mdx,en,meaning-of-archetypes,Mysticism,,magazine,,,3
src/content/blog/en/meaning-of-astrology.mdx,en,meaning-of-astrology,Mysticism,,magazine,,,3
src/content/blog/en/meaning-of-attachment-theory.mdx,en,meaning-of-attachment-theory,Mind & Psychology,,magazine,,,2
src/content/blog/en/meaning-of-big5.mdx,en,meaning-of-big5,Mind & Psychology,,magazine,,,3
src/content/blog/en/meaning-of-biorhythms.mdx,en,meaning-of-biorhythms,Mysticism,,magazine,,,3
src/content/blog/en/meaning-of-celtic-mythology.mdx,en,meaning-of-celtic-mythology,Mythology,,magazine,,,3
src/content/blog/en/meaning-of-chronotypes.mdx,en,meaning-of-chronotypes,Mind & Psychology,,magazine,,,3
src/content/blog/en/meaning-of-cognitive-biases.mdx,en,meaning-of-cognitive-biases,Mind & Psychology,,magazine,,,3
src/content/blog/en/meaning-of-eastern-philosophy.mdx,en,meaning-of-eastern-philosophy,Philosophy,,magazine,,,3
src/content/blog/en/meaning-of-egyptian-astrology.mdx,en,meaning-of-egyptian-astrology,Mysticism,,magazine,,,3
src/content/blog/en/meaning-of-enneagram.mdx,en,meaning-of-enneagram,Mysticism,,magazine,,,3
src/content/blog/en/meaning-of-forces-in-mythology.mdx,en,meaning-of-forces-in-mythology,Mythology,,magazine,,,0
src/content/blog/en/meaning-of-gut-microbiome.mdx,en,meaning-of-gut-microbiome,Mind & Psychology,,magazine,,,3
src/content/blog/en/meaning-of-hellenistic-astrology.mdx,en,meaning-of-hellenistic-astrology,Mysticism,,magazine,,,2
src/content/blog/en/meaning-of-hexaco.mdx,en,meaning-of-hexaco,Mind & Psychology,,magazine,,,3
src/content/blog/en/meaning-of-hormones.mdx,en,meaning-of-hormones,Mind & Psychology,,magazine,,,3
src/content/blog/en/meaning-of-hsp.mdx,en,meaning-of-hsp,Mind & Psychology,,magazine,,,2
src/content/blog/en/meaning-of-human-design.mdx,en,meaning-of-human-design,Mysticism,,magazine,,,3
src/content/blog/en/meaning-of-hwarang.mdx,en,meaning-of-hwarang,Myth & Culture,,magazine,,,3
src/content/blog/en/meaning-of-kabbalah.mdx,en,meaning-of-kabbalah,Mysticism,,magazine,,,3
src/content/blog/en/meaning-of-learning-styles.mdx,en,meaning-of-learning-styles,Lifestyle & Growth,,magazine,,,3
src/content/blog/en/meaning-of-life.mdx,en,meaning-of-life,Philosophy & Spirit,,magazine,,,0
src/content/blog/en/meaning-of-mayan-mythology.mdx,en,meaning-of-mayan-mythology,Mysticism,,magazine,,,3
src/content/blog/en/meaning-of-mbti.mdx,en,meaning-of-mbti,Mind & Psychology,,magazine,,,2
src/content/blog/en/meaning-of-musok.mdx,en,meaning-of-musok,Mysticism,,magazine,,,3
src/content/blog/en/meaning-of-nordic-runes.mdx,en,meaning-of-nordic-runes,Mysticism,,magazine,,,3
src/content/blog/en/meaning-of-numerology.mdx,en,meaning-of-numerology,Mysticism,,magazine,,,3
src/content/blog/en/meaning-of-palja.mdx,en,meaning-of-palja,Mysticism,,magazine,,,2
src/content/blog/en/meaning-of-perfectionism.mdx,en,meaning-of-perfectionism,Mind & Psychology,,magazine,,,3
src/content/blog/en/meaning-of-riasec.mdx,en,meaning-of-riasec,Lifestyle & Growth,,magazine,,,3
src/content/blog/en/meaning-of-tci.mdx,en,meaning-of-tci,Mind & Psychology,,magazine,,,3
src/content/blog/en/meaning-of-time.mdx,en,meaning-of-time,Philosophy & Spirit,,magazine,,,3
src/content/blog/en/meaning-of-vedic-astrology.mdx,en,meaning-of-vedic-astrology,Mysticism,,magazine,,,3
src/content/blog/en/meaning-of-yin-yang.mdx,en,meaning-of-yin-yang,Philosophy & Spirit,,magazine,,,3
src/content/blog/en/meaning-of-zi-wei-dou-shu.mdx,en,meaning-of-zi-wei-dou-shu,Mysticism,,magazine,,,3
src/content/blog/en/meaningful-consumption.mdx,en,meaningful-consumption,Philosophy & Spirit,,magazine,,,0
src/content/blog/en/medical-astrology-planetary-body.mdx,en,medical-astrology-planetary-body,Mysticism,,magazine,,,0
src/content/blog/en/medusa-female-rage.mdx,en,medusa-female-rage,Myth & Culture,,magazine,,,0
src/content/blog/en/mental-illness-drug-alcohol.mdx,en,mental-illness-drug-alcohol,Mind & Psychology,,magazine,,,0
src/content/blog/en/mercury-retrograde-survival-guide.mdx,en,mercury-retrograde-survival-guide,Mysticism,,magazine,,,0
src/content/blog/en/metabolic-health-new-beginning.mdx,en,metabolic-health-new-beginning,Mind & Psychology,,magazine,,,0
src/content/blog/en/metabolic-treatment-plan.mdx,en,metabolic-treatment-plan,Mind & Psychology,,magazine,,,0
src/content/blog/en/metacognition-activities.mdx,en,metacognition-activities,Lifestyle & Growth,,magazine,,,0
src/content/blog/en/metacognition-and-class.mdx,en,metacognition-and-class,Lifestyle & Growth,,magazine,,,0
src/content/blog/en/metacognition-strategies.mdx,en,metacognition-strategies,Lifestyle & Growth,,magazine,,,0
src/content/blog/en/metacognition-thinking.mdx,en,metacognition-thinking,Mind & Psychology,,magazine,,,0
src/content/blog/en/microbiome-gut-brain-axis.mdx,en,microbiome-gut-brain-axis,Lifestyle & Growth,,magazine,,,0
src/content/blog/en/millers-law-memory-limit.mdx,en,millers-law-memory-limit,Mind & Psychology,,magazine,,,0
src/content/blog/en/mindfulness-neuroscience.mdx,en,mindfulness-neuroscience,Science & Health,,magazine,,,0
src/content/blog/en/minimalism-mind-digital-detox.mdx,en,minimalism-mind-digital-detox,Lifestyle & Growth,,magazine,,,0
src/content/blog/en/minor-arcana-4-elements-meaning.mdx,en,minor-arcana-4-elements-meaning,Mysticism,,magazine,,,0
src/content/blog/en/mitochondria-life-energy-biohacking.mdx,en,mitochondria-life-energy-biohacking,Mind & Psychology,,magazine,,,0
src/content/blog/en/monthly-travel-destinations.mdx,en,monthly-travel-destinations,Lifestyle & Growth,,magazine,,,0
src/content/blog/en/moon-sign-secret-self.mdx,en,moon-sign-secret-self,Mysticism,,magazine,,,0
src/content/blog/en/morning-pages-creative-recovery.mdx,en,morning-pages-creative-recovery,Lifestyle & Growth,,magazine,,,0
src/content/blog/en/mythological-thinking-of-primitive-humans.mdx,en,mythological-thinking-of-primitive-humans,Mind & Psychology,,magazine,,,0
src/content/blog/en/mythology-eros-psyche-love-soul.mdx,en,mythology-eros-psyche-love-soul,Mythology,,magazine,,,0
src/content/blog/en/mythology-narcissus-echo-self-love.mdx,en,mythology-narcissus-echo-self-love,Mythology,,magazine,,,0
src/content/blog/en/mythology-oedipus-rex-fate-dignity.mdx,en,mythology-oedipus-rex-fate-dignity,Mythology,,magazine,,,0
src/content/blog/en/narcissus-echo-chamber.mdx,en,narcissus-echo-chamber,Myth & Culture,,magazine,,,0
src/content/blog/en/narcissus-echo-myth-vanity.mdx,en,narcissus-echo-myth-vanity,Mythology,,magazine,,,0
src/content/blog/en/navigating-depression-holistic-guide.mdx,en,navigating-depression-holistic-guide,Mind & Psychology,,magazine,,,0
src/content/blog/en/negativity-bias-brain.mdx,en,negativity-bias-brain,Mind & Psychology,,magazine,,,0
src/content/blog/en/neuro-alchemy-music.mdx,en,neuro-alchemy-music,Lifestyle & Growth,,magazine,,,0
src/content/blog/en/neuroplasticity-habit-formation.mdx,en,neuroplasticity-habit-formation,Lifestyle & Growth,,magazine,,,0
src/content/blog/en/neuroplasticity-habits.mdx,en,neuroplasticity-habits,Lifestyle & Growth,,magazine,,,0
src/content/blog/en/neuroscience-default-mode-network-creativity.mdx,en,neuroscience-default-mode-network-creativity,Mind & Psychology,,magazine,,,0
src/content/blog/en/neuroscience-neuroplasticity-brain-rewiring.mdx,en,neuroscience-neuroplasticity-brain-rewiring,Mind & Psychology,,magazine,,,0
src/content/blog/en/neuroscience-of-habits-atomic-change.mdx,en,neuroscience-of-habits-atomic-change,Lifestyle & Growth,,magazine,,,0
src/content/blog/en/neurotransmitters-and-drug-effects.mdx,en,neurotransmitters-and-drug-effects,Mind & Psychology,,magazine,,,0
src/content/blog/en/new-beginning-metabolic-health.mdx,en,new-beginning-metabolic-health,Mind & Psychology,,magazine,,,0
src/content/blog/en/new-horizons-of-treatment.mdx,en,new-horizons-of-treatment,Mind & Psychology,,magazine,,,0
src/content/blog/en/nietzsche-ubermensch-will-to-power.mdx,en,nietzsche-ubermensch-will-to-power,Philosophy,,magazine,,,0
src/content/blog/en/noble-courage-self-protection.mdx,en,noble-courage-self-protection,Philosophy & Spirit,,magazine,,,0
src/content/blog/en/normalcy-bias-disaster.mdx,en,normalcy-bias-disaster,Mind & Psychology,,magazine,,,0
src/content/blog/en/north-node-south-node-karma.mdx,en,north-node-south-node-karma,Mysticism,,magazine,,,0
src/content/blog/en/not-everyone-important.mdx,en,not-everyone-important,Philosophy & Spirit,,magazine,,,0
src/content/blog/en/nudge-theory-choice-architecture.mdx,en,nudge-theory-choice-architecture,Mind & Psychology,,magazine,,,0
src/content/blog/en/numerology-foundations-vibration.mdx,en,numerology-foundations-vibration,Mysticism,,magazine,,,0
src/content/blog/en/nutrition-supplement-guide.mdx,en,nutrition-supplement-guide,Health,,magazine,,,5
src/content/blog/en/odin-thor-myth-existentialism.mdx,en,odin-thor-myth-existentialism,Mythology,,magazine,,,0
src/content/blog/en/oedipus-fate-determinism.mdx,en,oedipus-fate-determinism,Myth & Culture,,magazine,,,0
src/content/blog/en/oedipus-myth-repressed-desire.mdx,en,oedipus-myth-repressed-desire,Mythology,,magazine,,,0
src/content/blog/en/okuninushi-myth-idealized-object.mdx,en,okuninushi-myth-idealized-object,Mythology,,magazine,,,0
src/content/blog/en/only-i-can-hurt-myself.mdx,en,only-i-can-hurt-myself,Philosophy & Spirit,,magazine,,,0
src/content/blog/en/ordinary-cloak.mdx,en,ordinary-cloak,Lifestyle & Growth,,magazine,,,0
src/content/blog/en/osiris-egyptian-myth-rebirth.mdx,en,osiris-egyptian-myth-rebirth,Mythology,,magazine,,,0
src/content/blog/en/osiris-isis-horus-myth-resurrection.mdx,en,osiris-isis-horus-myth-resurrection,Mythology,,magazine,,,0
src/content/blog/en/overview-effect-perspective.mdx,en,overview-effect-perspective,Mind & Psychology,,magazine,,,0
src/content/blog/en/painters-of-life.mdx,en,painters-of-life,Mind & Psychology,,magazine,,,0
src/content/blog/en/pangu-myth-national-narcissism.mdx,en,pangu-myth-national-narcissism,Mythology,,magazine,,,0
src/content/blog/en/panopticon-surveillance-society.mdx,en,panopticon-surveillance-society,Myth & Culture,,magazine,,,0
src/content/blog/en/paradox-of-choice-freedom.mdx,en,paradox-of-choice-freedom,Mind & Psychology,,magazine,,,0
src/content/blog/en/pareidolia-seeing-faces.mdx,en,pareidolia-seeing-faces,Mind & Psychology,,magazine,,,0
src/content/blog/en/participle-phrases-clarity.mdx,en,participle-phrases-clarity,Education & Language,,magazine,,,0
src/content/blog/en/peak-end-rule-memory-bias.mdx,en,peak-end-rule-memory-bias,Mind & Psychology,,magazine,,,0
src/content/blog/en/perfectionism-psychology.mdx,en,perfectionism-psychology,Magazine,,magazine,,,1
src/content/blog/en/perseus-myth-mother-individuation.mdx,en,perseus-myth-mother-individuation,Mythology,,magazine,,,0
src/content/blog/en/personal-color-autumn-warm-deep-guide.mdx,en,personal-color-autumn-warm-deep-guide,Beauty,,magazine,,,0
src/content/blog/en/personal-color-autumn-warm-mute-guide.mdx,en,personal-color-autumn-warm-mute-guide,Beauty,,magazine,,,0
src/content/blog/en/personal-color-spring-warm-mute-guide.mdx,en,personal-color-spring-warm-mute-guide,Beauty,,magazine,,,0
src/content/blog/en/personal-color-spring-warm-vivid-guide.mdx,en,personal-color-spring-warm-vivid-guide,Beauty,,magazine,,,0
src/content/blog/en/personal-color-summer-cool-light-guide.mdx,en,personal-color-summer-cool-light-guide,Beauty,,magazine,,,0
src/content/blog/en/personal-color-summer-cool-mute-guide.mdx,en,personal-color-summer-cool-mute-guide,Beauty,,magazine,,,0
src/content/blog/en/personal-color-winter-cool-bright-guide.mdx,en,personal-color-winter-cool-bright-guide,Beauty,,magazine,,,0
src/content/blog/en/personal-color-winter-cool-deep-guide.mdx,en,personal-color-winter-cool-deep-guide,Beauty,,magazine,,,0
src/content/blog/en/peter-pan-syndrome-kidult.mdx,en,peter-pan-syndrome-kidult,Mind & Psychology,,magazine,,,0
src/content/blog/en/philosophy-existentialism-freedom-responsibility.mdx,en,philosophy-existentialism-freedom-responsibility,Philosophy,,magazine,,,0
src/content/blog/en/physics-of-synchronicity.mdx,en,physics-of-synchronicity,Lifestyle & Growth,,magazine,,,0
src/content/blog/en/placebo-effect-belief.mdx,en,placebo-effect-belief,Mind & Psychology,,magazine,,,0
src/content/blog/en/planetary-aspects-inner-dialogue.mdx,en,planetary-aspects-inner-dialogue,Mysticism,,magazine,,,0
src/content/blog/en/plato-allegory-of-the-cave-reality.mdx,en,plato-allegory-of-the-cave-reality,Philosophy & Spirit,,magazine,,,0
src/content/blog/en/power-of-purpose.mdx,en,power-of-purpose,Mind & Psychology,,magazine,,,0
src/content/blog/en/power-of-vulnerability.mdx,en,power-of-vulnerability,Mind & Psychology,,magazine,,,0
src/content/blog/en/power-of-words.mdx,en,power-of-words,Philosophy & Spirit,,magazine,,,0
src/content/blog/en/power-to-choose-happiness.mdx,en,power-to-choose-happiness,Philosophy & Spirit,,magazine,,,0
src/content/blog/en/primal-movement-somatic-healing-body.mdx,en,primal-movement-somatic-healing-body,Lifestyle & Growth,,magazine,,,0
src/content/blog/en/primitive-spirituality-and-regicide-motif.mdx,en,primitive-spirituality-and-regicide-motif,Mind & Psychology,,magazine,,,0
src/content/blog/en/printing-press-ai-revolution.mdx,en,printing-press-ai-revolution,Myth & Culture,,magazine,,,0
src/content/blog/en/progression-direction-inner-clock.mdx,en,progression-direction-inner-clock,Mysticism,,magazine,,,0
src/content/blog/en/protecting-oneself-noble-courage.mdx,en,protecting-oneself-noble-courage,Philosophy & Spirit,,magazine,,,0
src/content/blog/en/psychoanalytic-perspectives-on-myth.mdx,en,psychoanalytic-perspectives-on-myth,Mind & Psychology,,magazine,,,0
src/content/blog/en/psychology-of-flow.mdx,en,psychology-of-flow,Mind & Psychology,,magazine,,,0
src/content/blog/en/psychology-of-money.mdx,en,psychology-of-money,Mind & Psychology,,magazine,,,0
src/content/blog/en/ptg-awakening-safety-protection.mdx,en,ptg-awakening-safety-protection,Mind & Psychology,,magazine,,,0
src/content/blog/en/ptg-awareness-total-acceptance.mdx,en,ptg-awareness-total-acceptance,Mind & Psychology,,magazine,,,0
src/content/blog/en/ptg-being-integration.mdx,en,ptg-being-integration,Mind & Psychology,,magazine,,,0
src/content/blog/en/ptg-daily-trauma.mdx,en,ptg-daily-trauma,Mind & Psychology,,magazine,,,0
src/content/blog/en/ptg-formation-new-story.mdx,en,ptg-formation-new-story,Mind & Psychology,,magazine,,,0
src/content/blog/en/ptg-staying-at-the-heights.mdx,en,ptg-staying-at-the-heights,Mind & Psychology,,magazine,,,0
src/content/blog/en/ptg-system.mdx,en,ptg-system,Mind & Psychology,,magazine,,,0
src/content/blog/en/ptg-transformation-wisdom-growth.mdx,en,ptg-transformation-wisdom-growth,Mind & Psychology,,magazine,,,0
src/content/blog/en/purpose-driven-relationships.mdx,en,purpose-driven-relationships,Philosophy & Spirit,,magazine,,,0
src/content/blog/en/pygmalion-effect-expectation.mdx,en,pygmalion-effect-expectation,Mind & Psychology,,magazine,,,0
src/content/blog/en/pygmalion-effect-self-fulfilling-prophecy.mdx,en,pygmalion-effect-self-fulfilling-prophecy,Mind & Psychology,,magazine,,,0
src/content/blog/en/quantifiers-all-some.mdx,en,quantifiers-all-some,Logic & Philosophy,,magazine,,,0
src/content/blog/en/quantum-biology-hormones.mdx,en,quantum-biology-hormones,Lifestyle & Growth,,magazine,,,0
src/content/blog/en/quantum-entanglement-einstein-bohr-debate.mdx,en,quantum-entanglement-einstein-bohr-debate,Philosophy & Spirit,,magazine,,,0
src/content/blog/en/quantum-entanglement-synchronicity.mdx,en,quantum-entanglement-synchronicity,Philosophy & Spirit,,magazine,,,0
src/content/blog/en/quantum-mechanics-observer.mdx,en,quantum-mechanics-observer,Lifestyle & Growth,,magazine,,,0
src/content/blog/en/quantum-zeno-effect-observation-reality.mdx,en,quantum-zeno-effect-observation-reality,Philosophy & Spirit,,magazine,,,0
src/content/blog/en/questioning-activities.mdx,en,questioning-activities,Lifestyle & Growth,,magazine,,,0
src/content/blog/en/radical-acceptance-tara-brach.mdx,en,radical-acceptance-tara-brach,Mind & Psychology,,magazine,,,0
src/content/blog/en/railway-accident-reporting.mdx,en,railway-accident-reporting,Law & Exam,,magazine,,,0
src/content/blog/en/railway-driver-licenses.mdx,en,railway-driver-licenses,Law & Exam,,magazine,,,0
src/content/blog/en/railway-framework-act.mdx,en,railway-framework-act,Law & Exam,,magazine,,,0
src/content/blog/en/railway-operation-composition.mdx,en,railway-operation-composition,Law & Exam,,magazine,,,0
src/content/blog/en/railway-safety-act-basics.mdx,en,railway-safety-act-basics,Law & Exam,,magazine,,,0
src/content/blog/en/railway-safety-system.mdx,en,railway-safety-system,Law & Exam,,magazine,,,0
src/content/blog/en/railway-service-act.mdx,en,railway-service-act,Law & Exam,,magazine,,,0
src/content/blog/en/railway-signals-signs.mdx,en,railway-signals-signs,Law & Exam,,magazine,,,0
src/content/blog/en/railway-staff-exams.mdx,en,railway-staff-exams,Law & Exam,,magazine,,,0
src/content/blog/en/re-evaluating-treatments.mdx,en,re-evaluating-treatments,Mind & Psychology,,magazine,,,0
src/content/blog/en/reciprocity-norm-social.mdx,en,reciprocity-norm-social,Mind & Psychology,,magazine,,,0
src/content/blog/en/relationship-shadow-projection.mdx,en,relationship-shadow-projection,Philosophy & Spirit,,magazine,,,0
src/content/blog/en/relationships-as-energy.mdx,en,relationships-as-energy,Philosophy & Spirit,,magazine,,,0
src/content/blog/en/renaissance-humanism-center.mdx,en,renaissance-humanism-center,Myth & Culture,,magazine,,,0
src/content/blog/en/resilience-science.mdx,en,resilience-science,Magazine,,magazine,,,1
src/content/blog/en/ringelmann-effect-social-loafing.mdx,en,ringelmann-effect-social-loafing,Mind & Psychology,,magazine,,,0
src/content/blog/en/role-of-mitochondria.mdx,en,role-of-mitochondria,Mind & Psychology,,magazine,,,0
src/content/blog/en/saju-basics-what-is-four-pillars.mdx,en,saju-basics-what-is-four-pillars,Mysticism,,magazine,,,0
src/content/blog/en/saju-career-calling.mdx,en,saju-career-calling,Mysticism,,magazine,,,0
src/content/blog/en/saju-five-elements-harmony-energy.mdx,en,saju-five-elements-harmony-energy,Mysticism,,magazine,,,0
src/content/blog/en/saju-ten-gods-archetypes-of-desire.mdx,en,saju-ten-gods-archetypes-of-desire,Mysticism,,magazine,,,0
src/content/blog/en/samjae-three-disasters-myth.mdx,en,samjae-three-disasters-myth,Mysticism,,magazine,,,0
src/content/blog/en/satisfaction-octagon.mdx,en,satisfaction-octagon,Philosophy & Spirit,,magazine,,,0
src/content/blog/en/saturn-cycle-life-exams.mdx,en,saturn-cycle-life-exams,Mysticism,,magazine,,,0
src/content/blog/en/saturn-return-cosmic-rite-of-passage.mdx,en,saturn-return-cosmic-rite-of-passage,Mysticism,,magazine,,,0
src/content/blog/en/saturn-return-meaning.mdx,en,saturn-return-meaning,Mysticism,,magazine,,,0
src/content/blog/en/savanna-principle-evolution.mdx,en,savanna-principle-evolution,Mind & Psychology,,magazine,,,0
src/content/blog/en/science-ai-soul-singularity.mdx,en,science-ai-soul-singularity,Lifestyle & Growth,,magazine,,,0
src/content/blog/en/science-future-aquarius.mdx,en,science-future-aquarius,Lifestyle & Growth,,magazine,,,0
src/content/blog/en/science-holographic-universe.mdx,en,science-holographic-universe,Lifestyle & Growth,,magazine,,,0
src/content/blog/en/science-quantum-observer.mdx,en,science-quantum-observer,Lifestyle & Growth,,magazine,,,0
src/content/blog/en/science-spiral-dynamics-evolution.mdx,en,science-spiral-dynamics-evolution,Lifestyle & Growth,,magazine,,,0
src/content/blog/en/science-synchronicity-jung-pauli.mdx,en,science-synchronicity-jung-pauli,Lifestyle & Growth,,magazine,,,0
src/content/blog/en/sciences-biology-epigenetics-karma.mdx,en,sciences-biology-epigenetics-karma,Lifestyle & Growth,,magazine,,,0
src/content/blog/en/sciences-biology-nde-afterlife.mdx,en,sciences-biology-nde-afterlife,Lifestyle & Growth,,magazine,,,0
src/content/blog/en/sciences-biology-pineal-third-eye.mdx,en,sciences-biology-pineal-third-eye,Lifestyle & Growth,,magazine,,,0
src/content/blog/en/self-serving-bias-success-failure.mdx,en,self-serving-bias-success-failure,Mind & Psychology,,magazine,,,0
src/content/blog/en/semun-yearly-luck-strategy.mdx,en,semun-yearly-luck-strategy,Mysticism,,magazine,,,0
src/content/blog/en/seven-chakras-energy-centers-alignment.mdx,en,seven-chakras-energy-centers-alignment,Philosophy & Spirit,,magazine,,,0
src/content/blog/en/seven-deadly-sins-capitalism.mdx,en,seven-deadly-sins-capitalism,Philosophy & Spirit,,magazine,,,0
src/content/blog/en/shadow-of-comparison.mdx,en,shadow-of-comparison,Mind & Psychology,,magazine,,,0
src/content/blog/en/shadow-work-jungian-integration.mdx,en,shadow-work-jungian-integration,Mind & Psychology,,magazine,,,0
src/content/blog/en/shadow-work-relationships-mirror.mdx,en,shadow-work-relationships-mirror,Mind & Psychology,,magazine,,,0
src/content/blog/en/shun-myth-true-self-transformation.mdx,en,shun-myth-true-self-transformation,Mythology,,magazine,,,0
src/content/blog/en/simulation-theory-matrix.mdx,en,simulation-theory-matrix,Lifestyle & Growth,,magazine,,,0
src/content/blog/en/sinsal-modern-interpretation.mdx,en,sinsal-modern-interpretation,Mysticism,,magazine,,,0
src/content/blog/en/sinsal-myth-or-statistics.mdx,en,sinsal-myth-or-statistics,Mythology,,magazine,,,0
src/content/blog/en/sisyphus-burnout.mdx,en,sisyphus-burnout,Myth & Culture,,magazine,,,0
src/content/blog/en/sleep-architecture-deep-rest.mdx,en,sleep-architecture-deep-rest,Lifestyle & Growth,,magazine,,,0
src/content/blog/en/sleep-circadian-rhythm-energy.mdx,en,sleep-circadian-rhythm-energy,Mind & Psychology,,magazine,,,0
src/content/blog/en/social-contract-rousseau-freedom.mdx,en,social-contract-rousseau-freedom,Myth & Culture,,magazine,,,0
src/content/blog/en/social-prescribing-loneliness.mdx,en,social-prescribing-loneliness,Psychology & Society,,magazine,,,0
src/content/blog/en/social-proof-consensus.mdx,en,social-proof-consensus,Mind & Psychology,,magazine,,,0
src/content/blog/en/social-proof-influence.mdx,en,social-proof-influence,Mind & Psychology,,magazine,,,0
src/content/blog/en/son-eomneun-nal-handless-day.mdx,en,son-eomneun-nal-handless-day,Myth & Culture,,magazine,,,0
src/content/blog/en/spotlight-effect-social-anxiety.mdx,en,spotlight-effect-social-anxiety,Mind & Psychology,,magazine,,,0
src/content/blog/en/steering-wheel-of-life.mdx,en,steering-wheel-of-life,Philosophy & Spirit,,magazine,,,0
src/content/blog/en/stoic-philosophy-anger.mdx,en,stoic-philosophy-anger,Philosophy & Spirit,,magazine,,,0
src/content/blog/en/stoic-resilience.mdx,en,stoic-resilience,Philosophy,,magazine,,,0
src/content/blog/en/stoicism-digital-age.mdx,en,stoicism-digital-age,Philosophy,,magazine,,,0
src/content/blog/en/stoicism-memento-mori-life-wisdom.mdx,en,stoicism-memento-mori-life-wisdom,Philosophy,,magazine,,,0
src/content/blog/en/stoicism-stress-system.mdx,en,stoicism-stress-system,Philosophy,,magazine,,,0
src/content/blog/en/streetlight-effect-search-bias.mdx,en,streetlight-effect-search-bias,Mind & Psychology,,magazine,,,0
src/content/blog/en/string-theory-multiverse-cosmology.mdx,en,string-theory-multiverse-cosmology,Philosophy & Spirit,,magazine,,,0
src/content/blog/en/stroop-effect-cognitive-interference.mdx,en,stroop-effect-cognitive-interference,Mind & Psychology,,magazine,,,0
src/content/blog/en/sufism-rumi-love.mdx,en,sufism-rumi-love,Philosophy & Spirit,,magazine,,,0
src/content/blog/en/sunk-cost-fallacy-investment.mdx,en,sunk-cost-fallacy-investment,Mind & Psychology,,magazine,,,0
src/content/blog/en/survivorship-bias-failure.mdx,en,survivorship-bias-failure,Mind & Psychology,,magazine,,,0
src/content/blog/en/susanoo-myth-destructive-sublimation.mdx,en,susanoo-myth-destructive-sublimation,Mythology,,magazine,,,0
src/content/blog/en/svg-vector-future-drawing.mdx,en,svg-vector-future-drawing,Design,,magazine,,,0
src/content/blog/en/symbolic-logic-operators.mdx,en,symbolic-logic-operators,Logic & Philosophy,,magazine,,,0
src/content/blog/en/sympathetic-parasympathetic-nervous-system.mdx,en,sympathetic-parasympathetic-nervous-system,Health,,magazine,,,7
src/content/blog/en/synastry-soul-contracts.mdx,en,synastry-soul-contracts,Philosophy & Spirit,,magazine,,,0
src/content/blog/en/synchronicity-universe-speaks.mdx,en,synchronicity-universe-speaks,Mind & Psychology,,magazine,,,0
src/content/blog/en/taoism-wu-wei-flow.mdx,en,taoism-wu-wei-flow,Philosophy & Spirit,,magazine,,,0
src/content/blog/en/taoism-wu-wei-non-action-flow.mdx,en,taoism-wu-wei-non-action-flow,Philosophy & Spirit,,magazine,,,0
src/content/blog/en/tarot-fools-journey-archetype.mdx,en,tarot-fools-journey-archetype,Mysticism,,magazine,,,0
src/content/blog/en/tarot-fools-journey-cycles-life.mdx,en,tarot-fools-journey-cycles-life,Mysticism,,magazine,,,0
src/content/blog/en/tarot-fools-journey-hero-path.mdx,en,tarot-fools-journey-hero-path,Mysticism,,magazine,,,0
src/content/blog/en/tarot-fools-journey-individuation.mdx,en,tarot-fools-journey-individuation,Mysticism,,magazine,,,0
src/content/blog/en/tarot-heros-journey-campbell.mdx,en,tarot-heros-journey-campbell,Mysticism,,magazine,,,0
src/content/blog/en/tarot-kabbalah-tree-of-life.mdx,en,tarot-kabbalah-tree-of-life,Mysticism,,magazine,,,0
src/content/blog/en/tarot-numerology-secret-code.mdx,en,tarot-numerology-secret-code,Mysticism,,magazine,,,0
src/content/blog/en/tarot-reading-self-mindfulness.mdx,en,tarot-reading-self-mindfulness,Mysticism,,magazine,,,0
src/content/blog/en/tarot-structure-major-minor-arcana.mdx,en,tarot-structure-major-minor-arcana,Mysticism,,magazine,,,0
src/content/blog/en/techno-animism-robots.mdx,en,techno-animism-robots,Myth & Culture,,magazine,,,0
src/content/blog/en/testing-activities.mdx,en,testing-activities,Lifestyle & Growth,,magazine,,,0
src/content/blog/en/the-logic-of-saju-structural-analysis.mdx,en,the-logic-of-saju-structural-analysis,Mysticism,,magazine,,,0
src/content/blog/en/theseus-myth-labyrinth-catastrophe.mdx,en,theseus-myth-labyrinth-catastrophe,Mythology,,magazine,,,0
src/content/blog/en/time-zone-productivity-guide.mdx,en,time-zone-productivity-guide,Lifestyle,,magazine,,,4
src/content/blog/en/tipping-culture-world-guide.mdx,en,tipping-culture-world-guide,Lifestyle,,magazine,,,4
src/content/blog/en/together-flower.mdx,en,together-flower,Lifestyle & Growth,,magazine,,,0
src/content/blog/en/tojeong-bigyeol-korean-almanac.mdx,en,tojeong-bigyeol-korean-almanac,Mysticism,,magazine,,,0
src/content/blog/en/trickster-chaos-creativity.mdx,en,trickster-chaos-creativity,Myth & Culture,,magazine,,,0
src/content/blog/en/trust-and-betrayal.mdx,en,trust-and-betrayal,Philosophy & Spirit,,magazine,,,0
src/content/blog/en/truth-about-mbti-compatibility.mdx,en,truth-about-mbti-compatibility,Mind & Psychology,,magazine,,,0
src/content/blog/en/trying-to-change-others.mdx,en,trying-to-change-others,Philosophy & Spirit,,magazine,,,0
src/content/blog/en/types-of-unconscious-creating-myth.mdx,en,types-of-unconscious-creating-myth,Mind & Psychology,,magazine,,,0
src/content/blog/en/unwritten-page.mdx,en,unwritten-page,Philosophy & Spirit,,magazine,,,0
src/content/blog/en/useless-glory.mdx,en,useless-glory,Lifestyle & Growth,,magazine,,,0
src/content/blog/en/utilitarianism-trolley-problem.mdx,en,utilitarianism-trolley-problem,Myth & Culture,,magazine,,,0
src/content/blog/en/vagus-nerve-resilience.mdx,en,vagus-nerve-resilience,Lifestyle & Growth,,magazine,,,0
src/content/blog/en/veblen-goods-status.mdx,en,veblen-goods-status,Mind & Psychology,,magazine,,,0
src/content/blog/en/vedic-vs-western-astrology.mdx,en,vedic-vs-western-astrology,Mysticism,,magazine,,,0
src/content/blog/en/vedic-wisdom-three-gunas-minds.mdx,en,vedic-wisdom-three-gunas-minds,Mysticism,,magazine,,,0
src/content/blog/en/viktor-frankl-purpose.mdx,en,viktor-frankl-purpose,Mind & Psychology,,magazine,,,0
src/content/blog/en/visualizing-goals.mdx,en,visualizing-goals,Mind & Psychology,,magazine,,,0
src/content/blog/en/wabi-sabi-philosophy-imperfection.mdx,en,wabi-sabi-philosophy-imperfection,Philosophy,,magazine,,,0
src/content/blog/en/western-astrology-vs-saju-comparison.mdx,en,western-astrology-vs-saju-comparison,Mysticism,,magazine,,,0
src/content/blog/en/what-is-post-traumatic-growth.mdx,en,what-is-post-traumatic-growth,Mind & Psychology,,magazine,,,0
src/content/blog/en/words-change-destiny.mdx,en,words-change-destiny,Philosophy & Spirit,,magazine,,,0
src/content/blog/en/writing-from-memory-activities.mdx,en,writing-from-memory-activities,Lifestyle & Growth,,magazine,,,0
src/content/blog/en/yongsin-heesin-philosophy.mdx,en,yongsin-heesin-philosophy,Philosophy,,magazine,,,0
src/content/blog/en/youth-labor-policy-guide.mdx,en,youth-labor-policy-guide,Education,,magazine,,,0
src/content/blog/en/zeigarnik-effect-memory.mdx,en,zeigarnik-effect-memory,Mind & Psychology,,magazine,,,0
src/content/blog/en/zero-calorie-drinks-myth.mdx,en,zero-calorie-drinks-myth,Lifestyle & Growth,,magazine,,,0
src/content/blog/en/zodiac-aquarius-complete-guide.mdx,en,zodiac-aquarius-complete-guide,Mysticism,,magazine,,,0
src/content/blog/en/zodiac-aries-complete-guide.mdx,en,zodiac-aries-complete-guide,Mysticism,,magazine,,,0
src/content/blog/en/zodiac-cancer-complete-guide.mdx,en,zodiac-cancer-complete-guide,Mysticism,,magazine,,,0
src/content/blog/en/zodiac-capricorn-complete-guide.mdx,en,zodiac-capricorn-complete-guide,Mysticism,,magazine,,,0
src/content/blog/en/zodiac-gemini-complete-guide.mdx,en,zodiac-gemini-complete-guide,Mysticism,,magazine,,,0
src/content/blog/en/zodiac-leo-complete-guide.mdx,en,zodiac-leo-complete-guide,Mysticism,,magazine,,,0
src/content/blog/en/zodiac-libra-complete-guide.mdx,en,zodiac-libra-complete-guide,Mysticism,,magazine,,,0
src/content/blog/en/zodiac-pisces-complete-guide.mdx,en,zodiac-pisces-complete-guide,Mysticism,,magazine,,,0
src/content/blog/en/zodiac-sagittarius-complete-guide.mdx,en,zodiac-sagittarius-complete-guide,Mysticism,,magazine,,,0
src/content/blog/en/zodiac-scorpio-complete-guide.mdx,en,zodiac-scorpio-complete-guide,Mysticism,,magazine,,,0
src/content/blog/en/zodiac-taurus-complete-guide.mdx,en,zodiac-taurus-complete-guide,Mysticism,,magazine,,,0
src/content/blog/en/zodiac-virgo-complete-guide.mdx,en,zodiac-virgo-complete-guide,Mysticism,,magazine,,,0
src/content/blog/es/ancestor-worship-jesa.mdx,es,ancestor-worship-jesa,Myth & Culture,,magazine,,,0
src/content/blog/es/attachment-theory-relationships.mdx,es,attachment-theory-relationships,Mind & Psychology,,magazine,,,0
src/content/blog/es/black-death-pandemic-economics.mdx,es,black-death-pandemic-economics,Myth & Culture,,magazine,,,0
src/content/blog/es/buddhist-void-sunyata.mdx,es,buddhist-void-sunyata,Philosophy & Spirit,,magazine,,,0
src/content/blog/es/bystander-effect-apathy.mdx,es,bystander-effect-apathy,Mind & Psychology,,magazine,,,0
src/content/blog/es/cassandra-unbelieved-truth.mdx,es,cassandra-unbelieved-truth,Myth & Culture,,magazine,,,0
src/content/blog/es/cognitive-dissonance-beliefs.mdx,es,cognitive-dissonance-beliefs,Mind & Psychology,,magazine,,,0
src/content/blog/es/confucianism-hierarchy-respect.mdx,es,confucianism-hierarchy-respect,Philosophy & Spirit,,magazine,,,0
src/content/blog/es/consciousness-hard-problem.mdx,es,consciousness-hard-problem,Lifestyle & Growth,,magazine,,,0
src/content/blog/es/digital-narcissism-selfie.mdx,es,digital-narcissism-selfie,Mind & Psychology,,magazine,,,0
src/content/blog/es/dokkaebi-wealth-mischief.mdx,es,dokkaebi-wealth-mischief,Myth & Culture,,magazine,,,0
src/content/blog/es/dopamine-fasting-focus.mdx,es,dopamine-fasting-focus,Mind & Psychology,,magazine,,,0
src/content/blog/es/dream-interpretation-taemong.mdx,es,dream-interpretation-taemong,Myth & Culture,,magazine,,,0
src/content/blog/es/enneagram-nine-peacemaker-path.mdx,es,enneagram-nine-peacemaker-path,Mind & Psychology,,magazine,,,0
src/content/blog/es/entropy-thermodynamics-decay.mdx,es,entropy-thermodynamics-decay,Lifestyle & Growth,,magazine,,,0
src/content/blog/es/epigenetics-trauma-inheritance.mdx,es,epigenetics-trauma-inheritance,Lifestyle & Growth,,magazine,,,0
src/content/blog/es/evil-eye-envy-protection.mdx,es,evil-eye-envy-protection,Myth & Culture,,magazine,,,0
src/content/blog/es/evolution-survival-friendliest.mdx,es,evolution-survival-friendliest,Lifestyle & Growth,,magazine,,,0
src/content/blog/es/fall-of-rome-modern-parallels.mdx,es,fall-of-rome-modern-parallels,Myth & Culture,,magazine,,,0
src/content/blog/es/five-love-languages-connection.mdx,es,five-love-languages-connection,Mind & Psychology,,magazine,,,0
src/content/blog/es/gaslighting-reality-distortion.mdx,es,gaslighting-reality-distortion,Mind & Psychology,,magazine,,,0
src/content/blog/es/gnosticism-hidden-god.mdx,es,gnosticism-hidden-god,Philosophy & Spirit,,magazine,,,0
src/content/blog/es/gumiho-desire-taboo.mdx,es,gumiho-desire-taboo,Myth & Culture,,magazine,,,0
src/content/blog/es/heros-journey-campbell.mdx,es,heros-journey-campbell,Myth & Culture,,magazine,,,0
src/content/blog/es/house-gods-seongju.mdx,es,house-gods-seongju,Myth & Culture,,magazine,,,0
src/content/blog/es/icarus-ambition-crash.mdx,es,icarus-ambition-crash,Myth & Culture,,magazine,,,0
src/content/blog/es/ikigai-four-circles-purpose-finding.mdx,es,ikigai-four-circles-purpose-finding,Lifestyle & Growth,,magazine,,,0
src/content/blog/es/imposter-syndrome-fraudulence.mdx,es,imposter-syndrome-fraudulence,Mind & Psychology,,magazine,,,0
src/content/blog/es/industrial-revolution-alienation.mdx,es,industrial-revolution-alienation,Myth & Culture,,magazine,,,0
src/content/blog/es/jungian-shadow-work-meeting-dark-self.mdx,es,jungian-shadow-work-meeting-dark-self,Mind & Psychology,,magazine,,,0
src/content/blog/es/karma-moral-causality.mdx,es,karma-moral-causality,Philosophy & Spirit,,magazine,,,0
src/content/blog/es/korean-shamanism-muism.mdx,es,korean-shamanism-muism,Myth & Culture,,magazine,,,0
src/content/blog/es/lecture-1.mdx,es,lecture-1,Philosophy & Spirit,,magazine,,,0
src/content/blog/es/lecture-22.mdx,es,lecture-22,Myth & Culture,,magazine,,,0
src/content/blog/es/lecture-6.mdx,es,lecture-6,Philosophy & Spirit,,magazine,,,0
src/content/blog/es/machiavellianism-modern-workplace.mdx,es,machiavellianism-modern-workplace,Mind & Psychology,,magazine,,,0
src/content/blog/es/magazine-checklist-car-rental.mdx,es,magazine-checklist-car-rental,Insights,,magazine,,,2
src/content/blog/es/magazine-checklist-digital-used-trade.mdx,es,magazine-checklist-digital-used-trade,Insights,,magazine,,,2
src/content/blog/es/magazine-checklist-medical.mdx,es,magazine-checklist-medical,Insights,,magazine,,,2
src/content/blog/es/magazine-checklist-overseas-travel.mdx,es,magazine-checklist-overseas-travel,Insights,,magazine,,,1
src/content/blog/es/magazine-checklist-pet.mdx,es,magazine-checklist-pet,Insights,,magazine,,,2
src/content/blog/es/magazine-checklist-real-estate-moving.mdx,es,magazine-checklist-real-estate-moving,Insights,,magazine,,,2
src/content/blog/es/maslow-hierarchy-self-transcendence.mdx,es,maslow-hierarchy-self-transcendence,Mind & Psychology,,magazine,,,0
src/content/blog/es/meaning-of-akashic-records.mdx,es,meaning-of-akashic-records,Philosophy & Spirit,,magazine,,,3
src/content/blog/es/meaning-of-almanac.mdx,es,meaning-of-almanac,Mysticism,,magazine,,,3
src/content/blog/es/meaning-of-archetypes.mdx,es,meaning-of-archetypes,Mysticism,,magazine,,,3
src/content/blog/es/meaning-of-attachment-theory.mdx,es,meaning-of-attachment-theory,Mind & Psychology,,magazine,,,3
src/content/blog/es/meaning-of-big5.mdx,es,meaning-of-big5,Mind & Psychology,,magazine,,,3
src/content/blog/es/meaning-of-biorhythms.mdx,es,meaning-of-biorhythms,Mysticism,,magazine,,,3
src/content/blog/es/meaning-of-chronotypes.mdx,es,meaning-of-chronotypes,Mind & Psychology,,magazine,,,3
src/content/blog/es/meaning-of-cognitive-biases.mdx,es,meaning-of-cognitive-biases,Mind & Psychology,,magazine,,,3
src/content/blog/es/meaning-of-egyptian-astrology.mdx,es,meaning-of-egyptian-astrology,Mysticism,,magazine,,,3
src/content/blog/es/meaning-of-enneagram.mdx,es,meaning-of-enneagram,Mysticism,,magazine,,,3
src/content/blog/es/meaning-of-gut-microbiome.mdx,es,meaning-of-gut-microbiome,Mind & Psychology,,magazine,,,3
src/content/blog/es/meaning-of-hellenistic-astrology.mdx,es,meaning-of-hellenistic-astrology,Mysticism,,magazine,,,3
src/content/blog/es/meaning-of-hexaco.mdx,es,meaning-of-hexaco,Lifestyle & Growth,,magazine,,,3
src/content/blog/es/meaning-of-hormones.mdx,es,meaning-of-hormones,Mind & Psychology,,magazine,,,3
src/content/blog/es/meaning-of-hsp.mdx,es,meaning-of-hsp,Mind & Psychology,,magazine,,,3
src/content/blog/es/meaning-of-human-design.mdx,es,meaning-of-human-design,Mysticism,,magazine,,,3
src/content/blog/es/meaning-of-hwarang.mdx,es,meaning-of-hwarang,Myth & Culture,,magazine,,,3
src/content/blog/es/meaning-of-kabbalah.mdx,es,meaning-of-kabbalah,Mysticism,,magazine,,,3
src/content/blog/es/meaning-of-learning-styles.mdx,es,meaning-of-learning-styles,Lifestyle & Growth,,magazine,,,3
src/content/blog/es/meaning-of-mbti.mdx,es,meaning-of-mbti,Mind & Psychology,,magazine,,,3
src/content/blog/es/meaning-of-musok.mdx,es,meaning-of-musok,Mysticism,,magazine,,,3
src/content/blog/es/meaning-of-nordic-runes.mdx,es,meaning-of-nordic-runes,Mysticism,,magazine,,,3
src/content/blog/es/meaning-of-numerology.mdx,es,meaning-of-numerology,Mysticism,,magazine,,,3
src/content/blog/es/meaning-of-palja.mdx,es,meaning-of-palja,Mysticism,,magazine,,,3
src/content/blog/es/meaning-of-perfectionism.mdx,es,meaning-of-perfectionism,Mind & Psychology,,magazine,,,3
src/content/blog/es/meaning-of-riasec.mdx,es,meaning-of-riasec,Lifestyle & Growth,,magazine,,,3
src/content/blog/es/meaning-of-tci.mdx,es,meaning-of-tci,Mind & Psychology,,magazine,,,3
src/content/blog/es/meaning-of-time.mdx,es,meaning-of-time,Philosophy & Spirit,,magazine,,,3
src/content/blog/es/meaning-of-vedic-astrology.mdx,es,meaning-of-vedic-astrology,Mysticism,,magazine,,,3
src/content/blog/es/meaning-of-yin-yang.mdx,es,meaning-of-yin-yang,Philosophy & Spirit,,magazine,,,3
src/content/blog/es/medusa-female-rage.mdx,es,medusa-female-rage,Myth & Culture,,magazine,,,0
src/content/blog/es/metacognition-thinking.mdx,es,metacognition-thinking,Mind & Psychology,,magazine,,,0
src/content/blog/es/microbiome-gut-brain-axis.mdx,es,microbiome-gut-brain-axis,Lifestyle & Growth,,magazine,,,0
src/content/blog/es/narcissus-echo-chamber.mdx,es,narcissus-echo-chamber,Myth & Culture,,magazine,,,0
src/content/blog/es/neuroplasticity-habit-formation.mdx,es,neuroplasticity-habit-formation,Lifestyle & Growth,,magazine,,,0
src/content/blog/es/neuroscience-neuroplasticity-brain-rewiring.mdx,es,neuroscience-neuroplasticity-brain-rewiring,Mind & Psychology,,magazine,,,0
src/content/blog/es/oedipus-fate-determinism.mdx,es,oedipus-fate-determinism,Myth & Culture,,magazine,,,0
src/content/blog/es/panopticon-surveillance-society.mdx,es,panopticon-surveillance-society,Myth & Culture,,magazine,,,0
src/content/blog/es/peter-pan-syndrome-kidult.mdx,es,peter-pan-syndrome-kidult,Mind & Psychology,,magazine,,,0
src/content/blog/es/printing-press-ai-revolution.mdx,es,printing-press-ai-revolution,Myth & Culture,,magazine,,,0
src/content/blog/es/pygmalion-effect-self-fulfilling-prophecy.mdx,es,pygmalion-effect-self-fulfilling-prophecy,Mind & Psychology,,magazine,,,0
src/content/blog/es/quantum-mechanics-observer.mdx,es,quantum-mechanics-observer,Lifestyle & Growth,,magazine,,,0
src/content/blog/es/renaissance-humanism-center.mdx,es,renaissance-humanism-center,Myth & Culture,,magazine,,,0
src/content/blog/es/seven-chakras-energy-centers-alignment.mdx,es,seven-chakras-energy-centers-alignment,Philosophy & Spirit,,magazine,,,0
src/content/blog/es/seven-deadly-sins-capitalism.mdx,es,seven-deadly-sins-capitalism,Philosophy & Spirit,,magazine,,,0
src/content/blog/es/shadow-work-jungian-integration.mdx,es,shadow-work-jungian-integration,Mind & Psychology,,magazine,,,0
src/content/blog/es/simulation-theory-matrix.mdx,es,simulation-theory-matrix,Lifestyle & Growth,,magazine,,,0
src/content/blog/es/sisyphus-burnout.mdx,es,sisyphus-burnout,Myth & Culture,,magazine,,,0
src/content/blog/es/social-contract-rousseau-freedom.mdx,es,social-contract-rousseau-freedom,Myth & Culture,,magazine,,,0
src/content/blog/es/son-eomneun-nal-handless-day.mdx,es,son-eomneun-nal-handless-day,Myth & Culture,,magazine,,,0
src/content/blog/es/spain-autonomo-guide.mdx,es,spain-autonomo-guide,Finance,magazine,magazine,,,5
src/content/blog/es/spain-irpf-guide.mdx,es,spain-irpf-guide,Finance,magazine,magazine,,,5
src/content/blog/es/spain-iva-guide.mdx,es,spain-iva-guide,Finance,magazine,magazine,,,5
src/content/blog/es/spain-oposiciones-guide.mdx,es,spain-oposiciones-guide,Finance,magazine,magazine,,,5
src/content/blog/es/spain-pension-guide.mdx,es,spain-pension-guide,Finance,magazine,magazine,,,5
src/content/blog/es/spain-seguridad-social-guide.mdx,es,spain-seguridad-social-guide,Finance,magazine,magazine,,,4
src/content/blog/es/stoicism-memento-mori-life-wisdom.mdx,es,stoicism-memento-mori-life-wisdom,Philosophy,,magazine,,,0
src/content/blog/es/stoicism-stress-system.mdx,es,stoicism-stress-system,Philosophy,,magazine,,,0
src/content/blog/es/sufism-rumi-love.mdx,es,sufism-rumi-love,Philosophy & Spirit,,magazine,,,0
src/content/blog/es/sympathetic-parasympathetic-nervous-system.mdx,es,sympathetic-parasympathetic-nervous-system,Health,,magazine,,,7
src/content/blog/es/taoism-wu-wei-flow.mdx,es,taoism-wu-wei-flow,Philosophy & Spirit,,magazine,,,0
src/content/blog/es/techno-animism-robots.mdx,es,techno-animism-robots,Myth & Culture,,magazine,,,0
src/content/blog/es/trickster-chaos-creativity.mdx,es,trickster-chaos-creativity,Myth & Culture,,magazine,,,0
src/content/blog/es/utilitarianism-trolley-problem.mdx,es,utilitarianism-trolley-problem,Myth & Culture,,magazine,,,0
src/content/blog/fr/ancestor-worship-jesa.mdx,fr,ancestor-worship-jesa,Myth & Culture,,magazine,,,0
src/content/blog/fr/attachment-theory-relationships.mdx,fr,attachment-theory-relationships,Mind & Psychology,,magazine,,,0
src/content/blog/fr/black-death-pandemic-economics.mdx,fr,black-death-pandemic-economics,Myth & Culture,,magazine,,,0
src/content/blog/fr/buddhist-void-sunyata.mdx,fr,buddhist-void-sunyata,Philosophy & Spirit,,magazine,,,0
src/content/blog/fr/bystander-effect-apathy.mdx,fr,bystander-effect-apathy,Mind & Psychology,,magazine,,,0
src/content/blog/fr/cassandra-unbelieved-truth.mdx,fr,cassandra-unbelieved-truth,Myth & Culture,,magazine,,,0
src/content/blog/fr/cognitive-dissonance-beliefs.mdx,fr,cognitive-dissonance-beliefs,Mind & Psychology,,magazine,,,0
src/content/blog/fr/confucianism-hierarchy-respect.mdx,fr,confucianism-hierarchy-respect,Philosophy & Spirit,,magazine,,,0
src/content/blog/fr/consciousness-hard-problem.mdx,fr,consciousness-hard-problem,Lifestyle & Growth,,magazine,,,0
src/content/blog/fr/digital-narcissism-selfie.mdx,fr,digital-narcissism-selfie,Mind & Psychology,,magazine,,,0
src/content/blog/fr/dokkaebi-wealth-mischief.mdx,fr,dokkaebi-wealth-mischief,Myth & Culture,,magazine,,,0
src/content/blog/fr/dopamine-fasting-focus.mdx,fr,dopamine-fasting-focus,Mind & Psychology,,magazine,,,0
src/content/blog/fr/dream-interpretation-taemong.mdx,fr,dream-interpretation-taemong,Myth & Culture,,magazine,,,0
src/content/blog/fr/enneagram-nine-peacemaker-path.mdx,fr,enneagram-nine-peacemaker-path,Mind & Psychology,,magazine,,,0
src/content/blog/fr/entropy-thermodynamics-decay.mdx,fr,entropy-thermodynamics-decay,Lifestyle & Growth,,magazine,,,0
src/content/blog/fr/epigenetics-trauma-inheritance.mdx,fr,epigenetics-trauma-inheritance,Lifestyle & Growth,,magazine,,,0
src/content/blog/fr/evil-eye-envy-protection.mdx,fr,evil-eye-envy-protection,Myth & Culture,,magazine,,,0
src/content/blog/fr/evolution-survival-friendliest.mdx,fr,evolution-survival-friendliest,Lifestyle & Growth,,magazine,,,0
src/content/blog/fr/fall-of-rome-modern-parallels.mdx,fr,fall-of-rome-modern-parallels,Myth & Culture,,magazine,,,0
src/content/blog/fr/five-love-languages-connection.mdx,fr,five-love-languages-connection,Mind & Psychology,,magazine,,,0
src/content/blog/fr/france-cotisations-sociales-guide.mdx,fr,france-cotisations-sociales-guide,Finance,magazine,magazine,,,4
src/content/blog/fr/france-dcg-dscg-guide.mdx,fr,france-dcg-dscg-guide,Finance,magazine,magazine,,,4
src/content/blog/fr/france-impot-revenu-guide.mdx,fr,france-impot-revenu-guide,Finance,magazine,magazine,,,4
src/content/blog/fr/france-micro-entrepreneur-guide.mdx,fr,france-micro-entrepreneur-guide,Finance,magazine,magazine,,,5
src/content/blog/fr/france-retraite-guide.mdx,fr,france-retraite-guide,Finance,magazine,magazine,,,4
src/content/blog/fr/france-tva-guide.mdx,fr,france-tva-guide,Finance,magazine,magazine,,,4
src/content/blog/fr/gaslighting-reality-distortion.mdx,fr,gaslighting-reality-distortion,Mind & Psychology,,magazine,,,0
src/content/blog/fr/gnosticism-hidden-god.mdx,fr,gnosticism-hidden-god,Philosophy & Spirit,,magazine,,,0
src/content/blog/fr/gumiho-desire-taboo.mdx,fr,gumiho-desire-taboo,Myth & Culture,,magazine,,,0
src/content/blog/fr/heros-journey-campbell.mdx,fr,heros-journey-campbell,Myth & Culture,,magazine,,,0
src/content/blog/fr/house-gods-seongju.mdx,fr,house-gods-seongju,Myth & Culture,,magazine,,,0
src/content/blog/fr/icarus-ambition-crash.mdx,fr,icarus-ambition-crash,Myth & Culture,,magazine,,,0
src/content/blog/fr/ikigai-four-circles-purpose-finding.mdx,fr,ikigai-four-circles-purpose-finding,Lifestyle & Growth,,magazine,,,0
src/content/blog/fr/imposter-syndrome-fraudulence.mdx,fr,imposter-syndrome-fraudulence,Mind & Psychology,,magazine,,,0
src/content/blog/fr/industrial-revolution-alienation.mdx,fr,industrial-revolution-alienation,Myth & Culture,,magazine,,,0
src/content/blog/fr/jungian-shadow-work-meeting-dark-self.mdx,fr,jungian-shadow-work-meeting-dark-self,Mind & Psychology,,magazine,,,0
src/content/blog/fr/karma-moral-causality.mdx,fr,karma-moral-causality,Philosophy & Spirit,,magazine,,,0
src/content/blog/fr/korean-shamanism-muism.mdx,fr,korean-shamanism-muism,Myth & Culture,,magazine,,,0
src/content/blog/fr/lecture-1.mdx,fr,lecture-1,Philosophy & Spirit,,magazine,,,0
src/content/blog/fr/lecture-22.mdx,fr,lecture-22,Myth & Culture,,magazine,,,0
src/content/blog/fr/lecture-6.mdx,fr,lecture-6,Philosophy & Spirit,,magazine,,,0
src/content/blog/fr/machiavellianism-modern-workplace.mdx,fr,machiavellianism-modern-workplace,Mind & Psychology,,magazine,,,0
src/content/blog/fr/magazine-checklist-car-rental.mdx,fr,magazine-checklist-car-rental,Insights,,magazine,,,2
src/content/blog/fr/magazine-checklist-digital-used-trade.mdx,fr,magazine-checklist-digital-used-trade,Insights,,magazine,,,2
src/content/blog/fr/magazine-checklist-medical.mdx,fr,magazine-checklist-medical,Insights,,magazine,,,2
src/content/blog/fr/magazine-checklist-overseas-travel.mdx,fr,magazine-checklist-overseas-travel,Insights,,magazine,,,1
src/content/blog/fr/magazine-checklist-pet.mdx,fr,magazine-checklist-pet,Insights,,magazine,,,2
src/content/blog/fr/magazine-checklist-real-estate-moving.mdx,fr,magazine-checklist-real-estate-moving,Insights,,magazine,,,2
src/content/blog/fr/maslow-hierarchy-self-transcendence.mdx,fr,maslow-hierarchy-self-transcendence,Mind & Psychology,,magazine,,,0
src/content/blog/fr/meaning-of-akashic-records.mdx,fr,meaning-of-akashic-records,Philosophy & Spirit,,magazine,,,3
src/content/blog/fr/meaning-of-almanac.mdx,fr,meaning-of-almanac,Mysticism,,magazine,,,3
src/content/blog/fr/meaning-of-archetypes.mdx,fr,meaning-of-archetypes,Mysticism,,magazine,,,3
src/content/blog/fr/meaning-of-attachment-theory.mdx,fr,meaning-of-attachment-theory,Mind & Psychology,,magazine,,,3
src/content/blog/fr/meaning-of-big5.mdx,fr,meaning-of-big5,Mind & Psychology,,magazine,,,3
src/content/blog/fr/meaning-of-biorhythms.mdx,fr,meaning-of-biorhythms,Mysticism,,magazine,,,3
src/content/blog/fr/meaning-of-chronotypes.mdx,fr,meaning-of-chronotypes,Mind & Psychology,,magazine,,,3
src/content/blog/fr/meaning-of-cognitive-biases.mdx,fr,meaning-of-cognitive-biases,Mind & Psychology,,magazine,,,3
src/content/blog/fr/meaning-of-egyptian-astrology.mdx,fr,meaning-of-egyptian-astrology,Mysticism,,magazine,,,3
src/content/blog/fr/meaning-of-enneagram.mdx,fr,meaning-of-enneagram,Mysticism,,magazine,,,3
src/content/blog/fr/meaning-of-gut-microbiome.mdx,fr,meaning-of-gut-microbiome,Mind & Psychology,,magazine,,,3
src/content/blog/fr/meaning-of-hellenistic-astrology.mdx,fr,meaning-of-hellenistic-astrology,Mysticism,,magazine,,,3
src/content/blog/fr/meaning-of-hexaco.mdx,fr,meaning-of-hexaco,Lifestyle & Growth,,magazine,,,3
src/content/blog/fr/meaning-of-hormones.mdx,fr,meaning-of-hormones,Mind & Psychology,,magazine,,,3
src/content/blog/fr/meaning-of-hsp.mdx,fr,meaning-of-hsp,Mind & Psychology,,magazine,,,3
src/content/blog/fr/meaning-of-human-design.mdx,fr,meaning-of-human-design,Mysticism,,magazine,,,3
src/content/blog/fr/meaning-of-hwarang.mdx,fr,meaning-of-hwarang,Myth & Culture,,magazine,,,3
src/content/blog/fr/meaning-of-kabbalah.mdx,fr,meaning-of-kabbalah,Mysticism,,magazine,,,3
src/content/blog/fr/meaning-of-learning-styles.mdx,fr,meaning-of-learning-styles,Lifestyle & Growth,,magazine,,,3
src/content/blog/fr/meaning-of-mbti.mdx,fr,meaning-of-mbti,Mind & Psychology,,magazine,,,3
src/content/blog/fr/meaning-of-musok.mdx,fr,meaning-of-musok,Mysticism,,magazine,,,3
src/content/blog/fr/meaning-of-nordic-runes.mdx,fr,meaning-of-nordic-runes,Mysticism,,magazine,,,3
src/content/blog/fr/meaning-of-numerology.mdx,fr,meaning-of-numerology,Mysticism,,magazine,,,3
src/content/blog/fr/meaning-of-palja.mdx,fr,meaning-of-palja,Mysticism,,magazine,,,3
src/content/blog/fr/meaning-of-perfectionism.mdx,fr,meaning-of-perfectionism,Mind & Psychology,,magazine,,,3
src/content/blog/fr/meaning-of-riasec.mdx,fr,meaning-of-riasec,Lifestyle & Growth,,magazine,,,3
src/content/blog/fr/meaning-of-tci.mdx,fr,meaning-of-tci,Mind & Psychology,,magazine,,,3
src/content/blog/fr/meaning-of-time.mdx,fr,meaning-of-time,Philosophy & Spirit,,magazine,,,3
src/content/blog/fr/meaning-of-vedic-astrology.mdx,fr,meaning-of-vedic-astrology,Mysticism,,magazine,,,3
src/content/blog/fr/meaning-of-yin-yang.mdx,fr,meaning-of-yin-yang,Philosophy & Spirit,,magazine,,,3
src/content/blog/fr/medusa-female-rage.mdx,fr,medusa-female-rage,Myth & Culture,,magazine,,,0
src/content/blog/fr/metacognition-thinking.mdx,fr,metacognition-thinking,Mind & Psychology,,magazine,,,0
src/content/blog/fr/microbiome-gut-brain-axis.mdx,fr,microbiome-gut-brain-axis,Lifestyle & Growth,,magazine,,,0
src/content/blog/fr/narcissus-echo-chamber.mdx,fr,narcissus-echo-chamber,Myth & Culture,,magazine,,,0
src/content/blog/fr/neuroplasticity-habit-formation.mdx,fr,neuroplasticity-habit-formation,Lifestyle & Growth,,magazine,,,0
src/content/blog/fr/neuroscience-neuroplasticity-brain-rewiring.mdx,fr,neuroscience-neuroplasticity-brain-rewiring,Mind & Psychology,,magazine,,,0
src/content/blog/fr/oedipus-fate-determinism.mdx,fr,oedipus-fate-determinism,Myth & Culture,,magazine,,,0
src/content/blog/fr/panopticon-surveillance-society.mdx,fr,panopticon-surveillance-society,Myth & Culture,,magazine,,,0
src/content/blog/fr/peter-pan-syndrome-kidult.mdx,fr,peter-pan-syndrome-kidult,Mind & Psychology,,magazine,,,0
src/content/blog/fr/printing-press-ai-revolution.mdx,fr,printing-press-ai-revolution,Myth & Culture,,magazine,,,0
src/content/blog/fr/pygmalion-effect-self-fulfilling-prophecy.mdx,fr,pygmalion-effect-self-fulfilling-prophecy,Mind & Psychology,,magazine,,,0
src/content/blog/fr/quantum-mechanics-observer.mdx,fr,quantum-mechanics-observer,Lifestyle & Growth,,magazine,,,0
src/content/blog/fr/renaissance-humanism-center.mdx,fr,renaissance-humanism-center,Myth & Culture,,magazine,,,0
src/content/blog/fr/seven-chakras-energy-centers-alignment.mdx,fr,seven-chakras-energy-centers-alignment,Philosophy & Spirit,,magazine,,,0
src/content/blog/fr/seven-deadly-sins-capitalism.mdx,fr,seven-deadly-sins-capitalism,Philosophy & Spirit,,magazine,,,0
src/content/blog/fr/shadow-work-jungian-integration.mdx,fr,shadow-work-jungian-integration,Mind & Psychology,,magazine,,,0
src/content/blog/fr/simulation-theory-matrix.mdx,fr,simulation-theory-matrix,Lifestyle & Growth,,magazine,,,0
src/content/blog/fr/sisyphus-burnout.mdx,fr,sisyphus-burnout,Myth & Culture,,magazine,,,0
src/content/blog/fr/social-contract-rousseau-freedom.mdx,fr,social-contract-rousseau-freedom,Myth & Culture,,magazine,,,0
src/content/blog/fr/son-eomneun-nal-handless-day.mdx,fr,son-eomneun-nal-handless-day,Myth & Culture,,magazine,,,0
src/content/blog/fr/stoicism-memento-mori-life-wisdom.mdx,fr,stoicism-memento-mori-life-wisdom,Philosophy,,magazine,,,0
src/content/blog/fr/stoicism-stress-system.mdx,fr,stoicism-stress-system,Philosophy,,magazine,,,0
src/content/blog/fr/sufism-rumi-love.mdx,fr,sufism-rumi-love,Philosophy & Spirit,,magazine,,,0
src/content/blog/fr/taoism-wu-wei-flow.mdx,fr,taoism-wu-wei-flow,Philosophy & Spirit,,magazine,,,0
src/content/blog/fr/techno-animism-robots.mdx,fr,techno-animism-robots,Myth & Culture,,magazine,,,0
src/content/blog/fr/trickster-chaos-creativity.mdx,fr,trickster-chaos-creativity,Myth & Culture,,magazine,,,0
src/content/blog/fr/utilitarianism-trolley-problem.mdx,fr,utilitarianism-trolley-problem,Myth & Culture,,magazine,,,0
src/content/blog/ja/12-houses-of-life-areas.mdx,ja,12-houses-of-life-areas,Mysticism,,magazine,,,0
src/content/blog/ja/12-stages-of-life-energy-cycle.mdx,ja,12-stages-of-life-energy-cycle,Mysticism,,magazine,,,0
src/content/blog/ja/2025-year-of-blue-snake-fortune.mdx,ja,2025-year-of-blue-snake-fortune,Mysticism,,magazine,,,0
src/content/blog/ja/2025-year-of-blue-snake-outlook.mdx,ja,2025-year-of-blue-snake-outlook,Mysticism,,magazine,,,0
src/content/blog/ja/8-cognitive-functions-deep-dive.mdx,ja,8-cognitive-functions-deep-dive,Mind & Psychology,,magazine,,,0
src/content/blog/ja/abilene-paradox-groupthink.mdx,ja,abilene-paradox-groupthink,Mind & Psychology,,magazine,,,0
src/content/blog/ja/advanced-subjunctive-usage.mdx,ja,advanced-subjunctive-usage,Education & Language,,magazine,,,0
src/content/blog/ja/all-problems-are-relationships.mdx,ja,all-problems-are-relationships,Philosophy & Spirit,,magazine,,,0
src/content/blog/ja/all-worries-from-relationships.mdx,ja,all-worries-from-relationships,Philosophy & Spirit,,magazine,,,0
src/content/blog/ja/ancestor-worship-jesa.mdx,ja,ancestor-worship-jesa,Myth & Culture,,magazine,,,0
src/content/blog/ja/anchoring-bias-negotiation.mdx,ja,anchoring-bias-negotiation,Mind & Psychology,,magazine,,,0
src/content/blog/ja/animal-spirits-totems-power.mdx,ja,animal-spirits-totems-power,Philosophy & Spirit,,magazine,,,0
src/content/blog/ja/anxiety-flame.mdx,ja,anxiety-flame,Philosophy & Spirit,,magazine,,,0
src/content/blog/ja/architecture-of-focus-environment.mdx,ja,architecture-of-focus-environment,Lifestyle & Growth,,magazine,,,0
src/content/blog/ja/ascendant-rising-sign-mask.mdx,ja,ascendant-rising-sign-mask,Mysticism,,magazine,,,0
src/content/blog/ja/asch-conformity-social-pressure.mdx,ja,asch-conformity-social-pressure,Mind & Psychology,,magazine,,,0
src/content/blog/ja/astrology-black-moon-lilith-shadow-power.mdx,ja,astrology-black-moon-lilith-shadow-power,Mysticism,,magazine,,,0
src/content/blog/ja/astrology-karmic-saturn-pluto.mdx,ja,astrology-karmic-saturn-pluto,Mysticism,,magazine,,,0
src/content/blog/ja/astrology-lunar-nodes-spiritual-destiny.mdx,ja,astrology-lunar-nodes-spiritual-destiny,Mysticism,,magazine,,,0
src/content/blog/ja/astrology-parenting-moon.mdx,ja,astrology-parenting-moon,Mysticism,,magazine,,,0
src/content/blog/ja/astronomy-orbital-dynamics.mdx,ja,astronomy-orbital-dynamics,Lifestyle & Growth,,magazine,,,0
src/content/blog/ja/attachment-theory-adults.mdx,ja,attachment-theory-adults,Mind & Psychology,,magazine,,,0
src/content/blog/ja/attachment-theory-archetypal-map.mdx,ja,attachment-theory-archetypal-map,Mind & Psychology,,magazine,,,0
src/content/blog/ja/attachment-theory-love-patterns.mdx,ja,attachment-theory-love-patterns,Mind & Psychology,,magazine,,,0
src/content/blog/ja/attachment-theory-relationships.mdx,ja,attachment-theory-relationships,Mind & Psychology,,magazine,,,0
src/content/blog/ja/authority-bias-influence.mdx,ja,authority-bias-influence,Mind & Psychology,,magazine,,,0
src/content/blog/ja/availability-heuristic-bias.mdx,ja,availability-heuristic-bias,Mind & Psychology,,magazine,,,0
src/content/blog/ja/availability-heuristic-risk.mdx,ja,availability-heuristic-risk,Mind & Psychology,,magazine,,,0
src/content/blog/ja/baader-meinhof-frequency-illusion.mdx,ja,baader-meinhof-frequency-illusion,Mind & Psychology,,magazine,,,0
src/content/blog/ja/bagua-map-life-areas.mdx,ja,bagua-map-life-areas,Mysticism,,magazine,,,0
src/content/blog/ja/baking-soda-citric-acid-percarbonate-uses.mdx,ja,baking-soda-citric-acid-percarbonate-uses,Lifestyle,,magazine,,,0
src/content/blog/ja/baldur-myth-shadow-tragic.mdx,ja,baldur-myth-shadow-tragic,Mythology,,magazine,,,0
src/content/blog/ja/baridegi-myth-healer-transformation.mdx,ja,baridegi-myth-healer-transformation,Mythology,,magazine,,,0
src/content/blog/ja/base-rate-neglect-probability.mdx,ja,base-rate-neglect-probability,Mind & Psychology,,magazine,,,0
src/content/blog/ja/bedroom-mirrors-sleep-quality.mdx,ja,bedroom-mirrors-sleep-quality,Mysticism,,magazine,,,0
src/content/blog/ja/befriending-anxiety-science.mdx,ja,befriending-anxiety-science,Mind & Psychology,,magazine,,,0
src/content/blog/ja/ben-franklin-effect-favors.mdx,ja,ben-franklin-effect-favors,Mind & Psychology,,magazine,,,0
src/content/blog/ja/biology-autophagy-cellular-cleanup.mdx,ja,biology-autophagy-cellular-cleanup,Mind & Psychology,,magazine,,,0
src/content/blog/ja/birthstone-april-diamond-meaning.mdx,ja,birthstone-april-diamond-meaning,Mysticism,,magazine,,,0
src/content/blog/ja/birthstone-august-peridot-meaning.mdx,ja,birthstone-august-peridot-meaning,Mysticism,,magazine,,,0
src/content/blog/ja/birthstone-december-tanzanite-turquoise-meaning.mdx,ja,birthstone-december-tanzanite-turquoise-meaning,Mysticism,,magazine,,,0
src/content/blog/ja/birthstone-february-amethyst-meaning.mdx,ja,birthstone-february-amethyst-meaning,Mysticism,,magazine,,,0
src/content/blog/ja/birthstone-january-garnet-meaning.mdx,ja,birthstone-january-garnet-meaning,Mysticism,,magazine,,,0
src/content/blog/ja/birthstone-july-ruby-meaning.mdx,ja,birthstone-july-ruby-meaning,Mysticism,,magazine,,,0
src/content/blog/ja/birthstone-june-pearl-alexandrite-meaning.mdx,ja,birthstone-june-pearl-alexandrite-meaning,Mysticism,,magazine,,,0
src/content/blog/ja/birthstone-march-aquamarine-meaning.mdx,ja,birthstone-march-aquamarine-meaning,Mysticism,,magazine,,,0
src/content/blog/ja/birthstone-may-emerald-meaning.mdx,ja,birthstone-may-emerald-meaning,Mysticism,,magazine,,,0
src/content/blog/ja/birthstone-november-topaz-citrine-meaning.mdx,ja,birthstone-november-topaz-citrine-meaning,Mysticism,,magazine,,,0
src/content/blog/ja/birthstone-october-opal-tourmaline-meaning.mdx,ja,birthstone-october-opal-tourmaline-meaning,Mysticism,,magazine,,,0
src/content/blog/ja/birthstone-september-sapphire-meaning.mdx,ja,birthstone-september-sapphire-meaning,Mysticism,,magazine,,,0
src/content/blog/ja/black-death-pandemic-economics.mdx,ja,black-death-pandemic-economics,Myth & Culture,,magazine,,,0
src/content/blog/ja/body-and-mind-legs.mdx,ja,body-and-mind-legs,Philosophy & Spirit,,magazine,,,0
src/content/blog/ja/body-keeps-the-score-somatic.mdx,ja,body-keeps-the-score-somatic,Mind & Psychology,,magazine,,,0
src/content/blog/ja/boost-brain-performance-daily-habits.mdx,ja,boost-brain-performance-daily-habits,Wellness,,magazine,,,0
src/content/blog/ja/broken-windows-theory-crime.mdx,ja,broken-windows-theory-crime,Mind & Psychology,,magazine,,,0
src/content/blog/ja/buddhist-void-sunyata.mdx,ja,buddhist-void-sunyata,Philosophy & Spirit,,magazine,,,0
src/content/blog/ja/burnout-recovery-dopamine-reset.mdx,ja,burnout-recovery-dopamine-reset,Mind & Psychology,,magazine,,,0
src/content/blog/ja/bystander-effect-apathy.mdx,ja,bystander-effect-apathy,Mind & Psychology,,magazine,,,0
src/content/blog/ja/bystander-effect-social.mdx,ja,bystander-effect-social,Mind & Psychology,,magazine,,,0
src/content/blog/ja/car-maintenance-guide.mdx,ja,car-maintenance-guide,Lifestyle & How-to,,magazine,,,0
src/content/blog/ja/car-purchase-checklist.mdx,ja,car-purchase-checklist,Lifestyle & How-to,,magazine,,,0
src/content/blog/ja/carl-jung-archetypes-psyche.mdx,ja,carl-jung-archetypes-psyche,Mind & Psychology,,magazine,,,0
src/content/blog/ja/carl-jung-archetypes-self.mdx,ja,carl-jung-archetypes-self,Mind & Psychology,,magazine,,,0
src/content/blog/ja/cassandra-unbelieved-truth.mdx,ja,cassandra-unbelieved-truth,Myth & Culture,,magazine,,,0
src/content/blog/ja/cbt-cognitive-behavioral-therapy-guide.mdx,ja,cbt-cognitive-behavioral-therapy-guide,Mind & Psychology,,magazine,,,0
src/content/blog/ja/cbt-essentials-rewiring-mind.mdx,ja,cbt-essentials-rewiring-mind,Mind & Psychology,,magazine,,,0
src/content/blog/ja/celtic-tree-signs.mdx,ja,celtic-tree-signs,Myth & Culture,,magazine,,,0
src/content/blog/ja/change-blindness-perception.mdx,ja,change-blindness-perception,Mind & Psychology,,magazine,,,0
src/content/blog/ja/choosing-people-choosing-future.mdx,ja,choosing-people-choosing-future,Philosophy & Spirit,,magazine,,,0
src/content/blog/ja/choosing-who-to-keep.mdx,ja,choosing-who-to-keep,Philosophy & Spirit,,magazine,,,0
src/content/blog/ja/chronotypes-sleep-biology-optimization.mdx,ja,chronotypes-sleep-biology-optimization,Mind & Psychology,,magazine,,,0
src/content/blog/ja/circadian-rhythm-alignment.mdx,ja,circadian-rhythm-alignment,Lifestyle & Growth,,magazine,,,0
src/content/blog/ja/cobra-effect-incentives.mdx,ja,cobra-effect-incentives,Mind & Psychology,,magazine,,,0
src/content/blog/ja/cognitive-dissonance-beliefs.mdx,ja,cognitive-dissonance-beliefs,Mind & Psychology,,magazine,,,0
src/content/blog/ja/cognitive-dissonance-self-justification-truth.mdx,ja,cognitive-dissonance-self-justification-truth,Mind & Psychology,,magazine,,,0
src/content/blog/ja/cognitive-dissonance-truth.mdx,ja,cognitive-dissonance-truth,Mind & Psychology,,magazine,,,0
src/content/blog/ja/cognitive-load-management.mdx,ja,cognitive-load-management,Psychology & Productivity,,magazine,,,0
src/content/blog/ja/collective-trauma-to-growth.mdx,ja,collective-trauma-to-growth,Mind & Psychology,,magazine,,,0
src/content/blog/ja/collective-unconscious-archetypes-history.mdx,ja,collective-unconscious-archetypes-history,Mind & Psychology,,magazine,,,0
src/content/blog/ja/collective-unconscious-archetypes.mdx,ja,collective-unconscious-archetypes,Mind & Psychology,,magazine,,,0
src/content/blog/ja/commanding-position-desk-bed.mdx,ja,commanding-position-desk-bed,Mysticism,,magazine,,,0
src/content/blog/ja/composite-charts-third-energy.mdx,ja,composite-charts-third-energy,Philosophy & Spirit,,magazine,,,0
src/content/blog/ja/confirmation-bias-cherry-picking.mdx,ja,confirmation-bias-cherry-picking,Mind & Psychology,,magazine,,,0
src/content/blog/ja/confucianism-hierarchy-respect.mdx,ja,confucianism-hierarchy-respect,Philosophy & Spirit,,magazine,,,0
src/content/blog/ja/conquering-nightmares-rewrite.mdx,ja,conquering-nightmares-rewrite,Mysticism,,magazine,,,0
src/content/blog/ja/conscious-uncoupling-boundaries.mdx,ja,conscious-uncoupling-boundaries,Philosophy & Spirit,,magazine,,,0
src/content/blog/ja/consciousness-hard-problem.mdx,ja,consciousness-hard-problem,Lifestyle & Growth,,magazine,,,0
src/content/blog/ja/cosmic-dance-orbits-time.mdx,ja,cosmic-dance-orbits-time,Lifestyle & Growth,,magazine,,,0
src/content/blog/ja/courage-to-protect-myself.mdx,ja,courage-to-protect-myself,Philosophy & Spirit,,magazine,,,0
src/content/blog/ja/court-cards-people-archetypes.mdx,ja,court-cards-people-archetypes,Mysticism,,magazine,,,0
src/content/blog/ja/creation-myth-east-west-worldviews.mdx,ja,creation-myth-east-west-worldviews,Mythology,,magazine,,,0
src/content/blog/ja/curse-of-knowledge-communication.mdx,ja,curse-of-knowledge-communication,Mind & Psychology,,magazine,,,0
src/content/blog/ja/daewoon-10-year-cycle-seasons.mdx,ja,daewoon-10-year-cycle-seasons,Mysticism,,magazine,,,0
src/content/blog/ja/dangun-myth-idealized-objects.mdx,ja,dangun-myth-idealized-objects,Mythology,,magazine,,,0
src/content/blog/ja/dark-triad-human-nature-shadow.mdx,ja,dark-triad-human-nature-shadow,Mind & Psychology,,magazine,,,0
src/content/blog/ja/death-anxiety-existentialism.mdx,ja,death-anxiety-existentialism,Philosophy & Spirit,,magazine,,,0
src/content/blog/ja/debate-essay-activities.mdx,ja,debate-essay-activities,Lifestyle & Growth,,magazine,,,0
src/content/blog/ja/decision-fatigue-willpower.mdx,ja,decision-fatigue-willpower,Mind & Psychology,,magazine,,,0
src/content/blog/ja/decoy-effect-marketing.mdx,ja,decoy-effect-marketing,Mind & Psychology,,magazine,,,0
src/content/blog/ja/deep-work-focus-distraction-mastery.mdx,ja,deep-work-focus-distraction-mastery,Lifestyle & Growth,,magazine,,,0
src/content/blog/ja/delayed-gratification-marshmallow.mdx,ja,delayed-gratification-marshmallow,Mind & Psychology,,magazine,,,0
src/content/blog/ja/deliberate-practice-skill.mdx,ja,deliberate-practice-skill,Mind & Psychology,,magazine,,,0
src/content/blog/ja/digital-minimalism-cal-newport-focus.mdx,ja,digital-minimalism-cal-newport-focus,Lifestyle & Growth,,magazine,,,0
src/content/blog/ja/digital-narcissism-selfie.mdx,ja,digital-narcissism-selfie,Mind & Psychology,,magazine,,,0
src/content/blog/ja/dohwa-sal-peach-blossom-attraction.mdx,ja,dohwa-sal-peach-blossom-attraction,Mysticism,,magazine,,,0
src/content/blog/ja/dokkaebi-wealth-mischief.mdx,ja,dokkaebi-wealth-mischief,Myth & Culture,,magazine,,,0
src/content/blog/ja/dont-postpone-yourself.mdx,ja,dont-postpone-yourself,Philosophy & Spirit,,magazine,,,0
src/content/blog/ja/door-in-the-face-influence.mdx,ja,door-in-the-face-influence,Mind & Psychology,,magazine,,,0
src/content/blog/ja/dopamine-fasting-digital-detox.mdx,ja,dopamine-fasting-digital-detox,Mind & Psychology,,magazine,,,0
src/content/blog/ja/dopamine-fasting-focus.mdx,ja,dopamine-fasting-focus,Mind & Psychology,,magazine,,,0
src/content/blog/ja/dream-interpretation-taemong.mdx,ja,dream-interpretation-taemong,Myth & Culture,,magazine,,,0
src/content/blog/ja/dream-symbols-flying-falling-meaning.mdx,ja,dream-symbols-flying-falling-meaning,Mysticism,,magazine,,,0
src/content/blog/ja/dunbars-number-social-limit.mdx,ja,dunbars-number-social-limit,Mind & Psychology,,magazine,,,0
src/content/blog/ja/dunbars-number-social.mdx,ja,dunbars-number-social,Mind & Psychology,,magazine,,,0
src/content/blog/ja/dunning-kruger-effect-competence.mdx,ja,dunning-kruger-effect-competence,Mind & Psychology,,magazine,,,0
src/content/blog/ja/earthly-branches-animal-archetypes.mdx,ja,earthly-branches-animal-archetypes,Mysticism,,magazine,,,0
src/content/blog/ja/egocentric-bias-perspective.mdx,ja,egocentric-bias-perspective,Mind & Psychology,,magazine,,,0
src/content/blog/ja/egyptian-mythology-osiris-rebirth-cycles.mdx,ja,egyptian-mythology-osiris-rebirth-cycles,Mythology,,magazine,,,0
src/content/blog/ja/egyptian-neteru.mdx,ja,egyptian-neteru,Myth & Culture,,magazine,,,0
src/content/blog/ja/emotional-intelligence-workplace.mdx,ja,emotional-intelligence-workplace,Mind & Psychology,,magazine,,,0
src/content/blog/ja/emphasis-via-inversion.mdx,ja,emphasis-via-inversion,Education & Language,,magazine,,,0
src/content/blog/ja/endowment-effect-ownership.mdx,ja,endowment-effect-ownership,Mind & Psychology,,magazine,,,0
src/content/blog/ja/energy-of-relationships.mdx,ja,energy-of-relationships,Philosophy & Spirit,,magazine,,,0
src/content/blog/ja/enneagram-nine-peacemaker-path.mdx,ja,enneagram-nine-peacemaker-path,Mind & Psychology,,magazine,,,0
src/content/blog/ja/enneagram-wings-instincts-deep.mdx,ja,enneagram-wings-instincts-deep,Mysticism,,magazine,,,0
src/content/blog/ja/entrance-wealth-luck.mdx,ja,entrance-wealth-luck,Mysticism,,magazine,,,0
src/content/blog/ja/entropy-order-chaos-life-metaphor.mdx,ja,entropy-order-chaos-life-metaphor,Lifestyle & Growth,,magazine,,,0
src/content/blog/ja/entropy-thermodynamics-decay.mdx,ja,entropy-thermodynamics-decay,Lifestyle & Growth,,magazine,,,0
src/content/blog/ja/epigenetics-ancestral-memory.mdx,ja,epigenetics-ancestral-memory,Mind & Psychology,,magazine,,,0
src/content/blog/ja/epigenetics-ghost-in-your-genes.mdx,ja,epigenetics-ghost-in-your-genes,Mind & Psychology,,magazine,,,0
src/content/blog/ja/epigenetics-trauma-inheritance.mdx,ja,epigenetics-trauma-inheritance,Lifestyle & Growth,,magazine,,,0
src/content/blog/ja/eros-psyche-myth-integration.mdx,ja,eros-psyche-myth-integration,Mythology,,magazine,,,0
src/content/blog/ja/evil-eye-envy-protection.mdx,ja,evil-eye-envy-protection,Myth & Culture,,magazine,,,0
src/content/blog/ja/evolution-survival-friendliest.mdx,ja,evolution-survival-friendliest,Lifestyle & Growth,,magazine,,,0
src/content/blog/ja/evolving-self-saju-mbti.mdx,ja,evolving-self-saju-mbti,Mysticism,,magazine,,,0
src/content/blog/ja/exercise-metabolic-effects.mdx,ja,exercise-metabolic-effects,Mind & Psychology,,magazine,,,0
src/content/blog/ja/existence-of-interpretation.mdx,ja,existence-of-interpretation,Philosophy & Spirit,,magazine,,,0
src/content/blog/ja/existing-treatments-brain-energy.mdx,ja,existing-treatments-brain-energy,Mind & Psychology,,magazine,,,0
src/content/blog/ja/explaining-activities.mdx,ja,explaining-activities,Lifestyle & Growth,,magazine,,,0
src/content/blog/ja/explaining-brain-energy-theory.mdx,ja,explaining-brain-energy-theory,Mind & Psychology,,magazine,,,0
src/content/blog/ja/facts-vs-interpretation.mdx,ja,facts-vs-interpretation,Philosophy & Spirit,,magazine,,,0
src/content/blog/ja/fall-of-rome-modern-parallels.mdx,ja,fall-of-rome-modern-parallels,Myth & Culture,,magazine,,,0
src/content/blog/ja/false-consensus-effect-bias.mdx,ja,false-consensus-effect-bias,Mind & Psychology,,magazine,,,0
src/content/blog/ja/feng-shui-modern-living-energy.mdx,ja,feng-shui-modern-living-energy,Mysticism,,magazine,,,0
src/content/blog/ja/finding-balance-yongshin.mdx,ja,finding-balance-yongshin,Mysticism,,magazine,,,0
src/content/blog/ja/finding-causes-and-solutions.mdx,ja,finding-causes-and-solutions,Mind & Psychology,,magazine,,,0
src/content/blog/ja/five-love-languages-connection.mdx,ja,five-love-languages-connection,Mind & Psychology,,magazine,,,0
src/content/blog/ja/fix-poor-posture-easy-methods.mdx,ja,fix-poor-posture-easy-methods,Wellness,,magazine,,,0
src/content/blog/ja/flow-state-optimal-experience.mdx,ja,flow-state-optimal-experience,Mind & Psychology,,magazine,,,0
src/content/blog/ja/fluid-factors-of-growth.mdx,ja,fluid-factors-of-growth,Mind & Psychology,,magazine,,,0
src/content/blog/ja/focus-on-person-not-object.mdx,ja,focus-on-person-not-object,Philosophy & Spirit,,magazine,,,0
src/content/blog/ja/focus-on-yourself.mdx,ja,focus-on-yourself,Philosophy & Spirit,,magazine,,,0
src/content/blog/ja/follower-count-not-trust.mdx,ja,follower-count-not-trust,Philosophy & Spirit,,magazine,,,0
src/content/blog/ja/food-revolution.mdx,ja,food-revolution,Lifestyle & Growth,,magazine,,,0
src/content/blog/ja/foot-in-the-door-influence.mdx,ja,foot-in-the-door-influence,Mind & Psychology,,magazine,,,0
src/content/blog/ja/foundation-01-wealth.mdx,ja,foundation-01-wealth,Society & Wealth,,magazine,,,2
src/content/blog/ja/fractals-chaos-theory-universal-patterns.mdx,ja,fractals-chaos-theory-universal-patterns,Lifestyle & Growth,,magazine,,,0
src/content/blog/ja/framing-effect-context.mdx,ja,framing-effect-context,Mind & Psychology,,magazine,,,0
src/content/blog/ja/future-in-decisions.mdx,ja,future-in-decisions,Mind & Psychology,,magazine,,,0
src/content/blog/ja/future-not-hostage-to-past.mdx,ja,future-not-hostage-to-past,Philosophy & Spirit,,magazine,,,0
src/content/blog/ja/gamblers-fallacy-probability.mdx,ja,gamblers-fallacy-probability,Mind & Psychology,,magazine,,,0
src/content/blog/ja/game-theory-human-relationships.mdx,ja,game-theory-human-relationships,Myth & Culture,,magazine,,,0
src/content/blog/ja/gaslighting-manipulation.mdx,ja,gaslighting-manipulation,Mind & Psychology,,magazine,,,0
src/content/blog/ja/gaslighting-reality-distortion.mdx,ja,gaslighting-reality-distortion,Mind & Psychology,,magazine,,,0
src/content/blog/ja/gilgamesh-arrogance-to-wisdom.mdx,ja,gilgamesh-arrogance-to-wisdom,Mind & Psychology,,magazine,,,0
src/content/blog/ja/giving-up-changing-others.mdx,ja,giving-up-changing-others,Philosophy & Spirit,,magazine,,,0
src/content/blog/ja/gnosticism-hidden-god.mdx,ja,gnosticism-hidden-god,Philosophy & Spirit,,magazine,,,0
src/content/blog/ja/golden-ratio-nature-aesthetics.mdx,ja,golden-ratio-nature-aesthetics,Lifestyle & Growth,,magazine,,,0
src/content/blog/ja/gongmang-void-emptiness.mdx,ja,gongmang-void-emptiness,Mysticism,,magazine,,,0
src/content/blog/ja/greek-creation-myth-power-struggle.mdx,ja,greek-creation-myth-power-struggle,Mythology,,magazine,,,0
src/content/blog/ja/groupthink-conformity.mdx,ja,groupthink-conformity,Mind & Psychology,,magazine,,,0
src/content/blog/ja/gumiho-desire-taboo.mdx,ja,gumiho-desire-taboo,Myth & Culture,,magazine,,,0
src/content/blog/ja/gut-brain-axis-intuition.mdx,ja,gut-brain-axis-intuition,Mind & Psychology,,magazine,,,0
src/content/blog/ja/gyeokguk-theory-structure.mdx,ja,gyeokguk-theory-structure,Mysticism,,magazine,,,0
src/content/blog/ja/habit-neuroplasticity.mdx,ja,habit-neuroplasticity,Science & Health,,magazine,,,0
src/content/blog/ja/halo-effect-bias.mdx,ja,halo-effect-bias,Mind & Psychology,,magazine,,,0
src/content/blog/ja/happiness-and-responsibility.mdx,ja,happiness-and-responsibility,Mind & Psychology,,magazine,,,0
src/content/blog/ja/harmonic-charts-soul-vibration.mdx,ja,harmonic-charts-soul-vibration,Mysticism,,magazine,,,0
src/content/blog/ja/havruta-types.mdx,ja,havruta-types,Lifestyle & Growth,,magazine,,,0
src/content/blog/ja/healing-inner-child.mdx,ja,healing-inner-child,Mind & Psychology,,magazine,,,0
src/content/blog/ja/heart-revolution.mdx,ja,heart-revolution,Philosophy & Spirit,,magazine,,,0
src/content/blog/ja/heavenly-stems-deep-wisdom.mdx,ja,heavenly-stems-deep-wisdom,Mysticism,,magazine,,,0
src/content/blog/ja/hedonic-treadmill-happiness.mdx,ja,hedonic-treadmill-happiness,Mind & Psychology,,magazine,,,0
src/content/blog/ja/hercules-myth-madness-motherhood.mdx,ja,hercules-myth-madness-motherhood,Mythology,,magazine,,,0
src/content/blog/ja/hermeticism-seven-universal-laws.mdx,ja,hermeticism-seven-universal-laws,Philosophy & Spirit,,magazine,,,0
src/content/blog/ja/hero-journey-mythology.mdx,ja,hero-journey-mythology,Myth & Culture,,magazine,,,0
src/content/blog/ja/hero-myth-and-national-unconscious-complexes.mdx,ja,hero-myth-and-national-unconscious-complexes,Mythology,,magazine,,,0
src/content/blog/ja/hero-myth-complexes.mdx,ja,hero-myth-complexes,Mythology,,magazine,,,0
src/content/blog/ja/hero-myth-through-psychoanalysis.mdx,ja,hero-myth-through-psychoanalysis,Mythology,,magazine,,,0
src/content/blog/ja/heros-journey-campbell.mdx,ja,heros-journey-campbell,Myth & Culture,,magazine,,,0
src/content/blog/ja/heros-journey-monomyth-archetypes.mdx,ja,heros-journey-monomyth-archetypes,Mythology,,magazine,,,0
src/content/blog/ja/hicks-law-choices.mdx,ja,hicks-law-choices,Mind & Psychology,,magazine,,,0
src/content/blog/ja/high-school-grad-openai-journey.mdx,ja,high-school-grad-openai-journey,Lifestyle & Growth,,magazine,,,0
src/content/blog/ja/hindsight-bias-prediction.mdx,ja,hindsight-bias-prediction,Mind & Psychology,,magazine,,,0
src/content/blog/ja/home-as-stage-for-happiness.mdx,ja,home-as-stage-for-happiness,Philosophy & Spirit,,magazine,,,0
src/content/blog/ja/horizontal-relationships.mdx,ja,horizontal-relationships,Philosophy & Spirit,,magazine,,,0
src/content/blog/ja/hormones-and-metabolic-regulators.mdx,ja,hormones-and-metabolic-regulators,Mind & Psychology,,magazine,,,0
src/content/blog/ja/house-gods-seongju.mdx,ja,house-gods-seongju,Myth & Culture,,magazine,,,0
src/content/blog/ja/houyi-myth-depressive-position.mdx,ja,houyi-myth-depressive-position,Mythology,,magazine,,,0
src/content/blog/ja/how-to-increase-testosterone.mdx,ja,how-to-increase-testosterone,Lifestyle & Growth,,magazine,,,0
src/content/blog/ja/human-design-four-types-strategy.mdx,ja,human-design-four-types-strategy,Mysticism,,magazine,,,0
src/content/blog/ja/hyperbolic-discounting-bias.mdx,ja,hyperbolic-discounting-bias,Mind & Psychology,,magazine,,,0
src/content/blog/ja/hyperbolic-discounting-economy.mdx,ja,hyperbolic-discounting-economy,Mind & Psychology,,magazine,,,0
src/content/blog/ja/i-ching-foundations-flow-of-change.mdx,ja,i-ching-foundations-flow-of-change,Philosophy & Spirit,,magazine,,,0
src/content/blog/ja/icarus-ambition-crash.mdx,ja,icarus-ambition-crash,Myth & Culture,,magazine,,,0
src/content/blog/ja/ikigai-art-of-purpose.mdx,ja,ikigai-art-of-purpose,Lifestyle & Growth,,magazine,,,0
src/content/blog/ja/ikigai-finding-personal-mission.mdx,ja,ikigai-finding-personal-mission,Lifestyle & Growth,,magazine,,,0
src/content/blog/ja/ikigai-four-circles-purpose-finding.mdx,ja,ikigai-four-circles-purpose-finding,Lifestyle & Growth,,magazine,,,0
src/content/blog/ja/ikigai-okinawa-longevity-secrets.mdx,ja,ikigai-okinawa-longevity-secrets,Lifestyle & Growth,,magazine,,,0
src/content/blog/ja/ilju-daily-pillar-core-self.mdx,ja,ilju-daily-pillar-core-self,Mysticism,,magazine,,,0
src/content/blog/ja/imposter-syndrome-doubt.mdx,ja,imposter-syndrome-doubt,Mind & Psychology,,magazine,,,0
src/content/blog/ja/imposter-syndrome-fraudulence.mdx,ja,imposter-syndrome-fraudulence,Mind & Psychology,,magazine,,,0
src/content/blog/ja/individuation-process-self-realization.mdx,ja,individuation-process-self-realization,Mind & Psychology,,magazine,,,0
src/content/blog/ja/industrial-revolution-alienation.mdx,ja,industrial-revolution-alienation,Myth & Culture,,magazine,,,0
src/content/blog/ja/inflammation-and-brain-health.mdx,ja,inflammation-and-brain-health,Mind & Psychology,,magazine,,,0
src/content/blog/ja/information-overload-paralysis.mdx,ja,information-overload-paralysis,Mind & Psychology,,magazine,,,0
src/content/blog/ja/inner-child-wounded-self.mdx,ja,inner-child-wounded-self,Mind & Psychology,,magazine,,,0
src/content/blog/ja/intergenerational-trauma-healing.mdx,ja,intergenerational-trauma-healing,Philosophy & Spirit,,magazine,,,0
src/content/blog/ja/intergenerational-trauma.mdx,ja,intergenerational-trauma,Mind & Psychology,,magazine,,,0
src/content/blog/ja/interpretation-vs-facts.mdx,ja,interpretation-vs-facts,Philosophy & Spirit,,magazine,,,0
src/content/blog/ja/invisible-gorilla-inattentional-blindness.mdx,ja,invisible-gorilla-inattentional-blindness,Mind & Psychology,,magazine,,,0
src/content/blog/ja/izanagi-izanami-myth-balance.mdx,ja,izanagi-izanami-myth-balance,Mythology,,magazine,,,0
src/content/blog/ja/japan-fp-exam-guide.mdx,ja,japan-fp-exam-guide,Finance,magazine,magazine,,,4
src/content/blog/ja/japan-income-tax-complete-guide.mdx,ja,japan-income-tax-complete-guide,Finance,magazine,magazine,,,4
src/content/blog/ja/japan-pension-system-guide.mdx,ja,japan-pension-system-guide,Finance,magazine,magazine,,,3
src/content/blog/ja/japan-social-insurance-guide.mdx,ja,japan-social-insurance-guide,Finance,magazine,magazine,,,4
src/content/blog/ja/japan-takken-exam-guide.mdx,ja,japan-takken-exam-guide,Finance,magazine,magazine,,,4
src/content/blog/ja/japan-tax-return-guide.mdx,ja,japan-tax-return-guide,Finance,magazine,magazine,,,4
src/content/blog/ja/jumong-myth-mother-attachment.mdx,ja,jumong-myth-mother-attachment,Mythology,,magazine,,,0
src/content/blog/ja/jung-alchemy-symbolism-transformation.mdx,ja,jung-alchemy-symbolism-transformation,Mind & Psychology,,magazine,,,0
src/content/blog/ja/jung-shadow-psychology.mdx,ja,jung-shadow-psychology,Mind & Psychology,,magazine,,,0
src/content/blog/ja/jungian-shadow-work-meeting-dark-self.mdx,ja,jungian-shadow-work-meeting-dark-self,Mind & Psychology,,magazine,,,0
src/content/blog/ja/just-world-hypothesis-fairness.mdx,ja,just-world-hypothesis-fairness,Mind & Psychology,,magazine,,,0
src/content/blog/ja/kabbalah-tree-of-life-archetypes.mdx,ja,kabbalah-tree-of-life-archetypes,Mysticism,,magazine,,,0
src/content/blog/ja/kaizen-continuous-improvement-lifestyle.mdx,ja,kaizen-continuous-improvement-lifestyle,Lifestyle & Growth,,magazine,,,0
src/content/blog/ja/karma-moral-causality.mdx,ja,karma-moral-causality,Philosophy & Spirit,,magazine,,,0
src/content/blog/ja/korail-act-overview.mdx,ja,korail-act-overview,Law & Exam,,magazine,,,0
src/content/blog/ja/korean-creation-myth-fear-and-hope.mdx,ja,korean-creation-myth-fear-and-hope,Mythology,,magazine,,,0
src/content/blog/ja/korean-shamanism-muism.mdx,ja,korean-shamanism-muism,Myth & Culture,,magazine,,,0
src/content/blog/ja/law-of-triviality-bikeshedding.mdx,ja,law-of-triviality-bikeshedding,Mind & Psychology,,magazine,,,0
src/content/blog/ja/learned-helplessness-seligman.mdx,ja,learned-helplessness-seligman,Mind & Psychology,,magazine,,,0
src/content/blog/ja/lecture-1-ob.mdx,ja,lecture-1-ob,Society & Wealth,,magazine,,,2
src/content/blog/ja/lecture-1.mdx,ja,lecture-1,Philosophy & Spirit,,magazine,,,0
src/content/blog/ja/lecture-10-leadership.mdx,ja,lecture-10-leadership,Society & Wealth,,magazine,,,2
src/content/blog/ja/lecture-10.mdx,ja,lecture-10,Myth & Culture,,magazine,,,0
src/content/blog/ja/lecture-2-org.mdx,ja,lecture-2-org,Society & Wealth,,magazine,,,2
src/content/blog/ja/lecture-2.mdx,ja,lecture-2,Society & Wealth,,magazine,,,0
src/content/blog/ja/lecture-22.mdx,ja,lecture-22,Myth & Culture,,magazine,,,0
src/content/blog/ja/lecture-3-hrm.mdx,ja,lecture-3-hrm,Society & Wealth,,magazine,,,0
src/content/blog/ja/lecture-3.mdx,ja,lecture-3,Philosophy & Spirit,,magazine,,,0
src/content/blog/ja/lecture-4-marketing.mdx,ja,lecture-4-marketing,Society & Wealth,,magazine,,,0
src/content/blog/ja/lecture-4.mdx,ja,lecture-4,Mysticism,,magazine,,,0
src/content/blog/ja/lecture-5-om.mdx,ja,lecture-5-om,Society & Wealth,,magazine,,,0
src/content/blog/ja/lecture-5.mdx,ja,lecture-5,Philosophy & Spirit,,magazine,,,0
src/content/blog/ja/lecture-6-finance.mdx,ja,lecture-6-finance,Society & Wealth,,magazine,,,0
src/content/blog/ja/lecture-6.mdx,ja,lecture-6,Philosophy & Spirit,,magazine,,,0
src/content/blog/ja/lecture-7-accounting.mdx,ja,lecture-7-accounting,Society & Wealth,,magazine,,,0
src/content/blog/ja/lecture-8-strategy.mdx,ja,lecture-8-strategy,Society & Wealth,,magazine,,,2
src/content/blog/ja/lecture-8.mdx,ja,lecture-8,Myth & Culture,,magazine,,,0
src/content/blog/ja/lecture-9-innovation.mdx,ja,lecture-9-innovation,Society & Wealth,,magazine,,,2
src/content/blog/ja/lecture-9.mdx,ja,lecture-9,Myth & Culture,,magazine,,,0
src/content/blog/ja/lecture-civil-law-01.mdx,ja,lecture-civil-law-01,,,magazine,,,1
src/content/blog/ja/lecture-civil-law-02.mdx,ja,lecture-civil-law-02,,,magazine,,,1
src/content/blog/ja/lecture-civil-law-03.mdx,ja,lecture-civil-law-03,,,magazine,,,1
src/content/blog/ja/lecture-civil-law-04.mdx,ja,lecture-civil-law-04,,,magazine,,,1
src/content/blog/ja/lecture-civil-law-05.mdx,ja,lecture-civil-law-05,,,magazine,,,1
src/content/blog/ja/life-is-a-game.mdx,ja,life-is-a-game,Mind & Psychology,,magazine,,,0
src/content/blog/ja/life-purpose-and-people.mdx,ja,life-purpose-and-people,Philosophy & Spirit,,magazine,,,0
src/content/blog/ja/lifestyle-3-elements.mdx,ja,lifestyle-3-elements,Mind & Psychology,,magazine,,,0
src/content/blog/ja/light-shadow-duet.mdx,ja,light-shadow-duet,Philosophy & Spirit,,magazine,,,0
src/content/blog/ja/lindy-effect-timeless-wisdom.mdx,ja,lindy-effect-timeless-wisdom,Myth & Culture,,magazine,,,0
src/content/blog/ja/logic-chain-reasoning-syllogism.mdx,ja,logic-chain-reasoning-syllogism,Logic & Philosophy,,magazine,,,0
src/content/blog/ja/logic-conditional-and-or-operators.mdx,ja,logic-conditional-and-or-operators,Logic & Philosophy,,magazine,,,0
src/content/blog/ja/logic-foundations-converse.mdx,ja,logic-foundations-converse,Logic & Philosophy,,magazine,,,0
src/content/blog/ja/logic-inference-patterns-guide.mdx,ja,logic-inference-patterns-guide,Logic,,magazine,,,0
src/content/blog/ja/logic-proof-by-contradiction-induction.mdx,ja,logic-proof-by-contradiction-induction,Logic,,magazine,,,0
src/content/blog/ja/logic-quantifiers-and-negation.mdx,ja,logic-quantifiers-and-negation,Logic,,magazine,,,0
src/content/blog/ja/looking-glass-self-cooley.mdx,ja,looking-glass-self-cooley,Mind & Psychology,,magazine,,,0
src/content/blog/ja/lucid-dreaming-astral-projection-consciousness.mdx,ja,lucid-dreaming-astral-projection-consciousness,Mind & Psychology,,magazine,,,0
src/content/blog/ja/lucid-dreaming-astral-projection-unconscious.mdx,ja,lucid-dreaming-astral-projection-unconscious,Mind & Psychology,,magazine,,,0
src/content/blog/ja/lucid-dreaming-guide-reality-check.mdx,ja,lucid-dreaming-guide-reality-check,Mysticism,,magazine,,,0
src/content/blog/ja/lucifer-effect-evil-situation.mdx,ja,lucifer-effect-evil-situation,Mind & Psychology,,magazine,,,0
src/content/blog/ja/ma-kwang-soo-life-advice.mdx,ja,ma-kwang-soo-life-advice,Mind & Psychology,,magazine,,,0
src/content/blog/ja/machiavellianism-modern-workplace.mdx,ja,machiavellianism-modern-workplace,Mind & Psychology,,magazine,,,0
src/content/blog/ja/magazine-checklist-car-rental.mdx,ja,magazine-checklist-car-rental,Insights,,magazine,,,2
src/content/blog/ja/magazine-checklist-digital-used-trade.mdx,ja,magazine-checklist-digital-used-trade,Insights,,magazine,,,2
src/content/blog/ja/magazine-checklist-medical.mdx,ja,magazine-checklist-medical,Insights,,magazine,,,2
src/content/blog/ja/magazine-checklist-overseas-travel.mdx,ja,magazine-checklist-overseas-travel,Insights,,magazine,,,1
src/content/blog/ja/magazine-checklist-pet.mdx,ja,magazine-checklist-pet,Insights,,magazine,,,2
src/content/blog/ja/magazine-checklist-real-estate-moving.mdx,ja,magazine-checklist-real-estate-moving,Insights,,magazine,,,2
src/content/blog/ja/magazine-future-jobs-certifications.mdx,ja,magazine-future-jobs-certifications,Insights,magazine,magazine,,,3
src/content/blog/ja/maslow-hierarchy-self-transcendence.mdx,ja,maslow-hierarchy-self-transcendence,Mind & Psychology,,magazine,,,0
src/content/blog/ja/maslows-hierarchy-human-needs.mdx,ja,maslows-hierarchy-human-needs,Mind & Psychology,,magazine,,,0
src/content/blog/ja/mayan-calendar-thirteen-tones-creation.mdx,ja,mayan-calendar-thirteen-tones-creation,Mysticism,,magazine,,,0
src/content/blog/ja/mayan-tzolkin.mdx,ja,mayan-tzolkin,Mysticism,,magazine,,,0
src/content/blog/ja/mayan-wisdom-in-lakech-connection.mdx,ja,mayan-wisdom-in-lakech-connection,Mysticism,,magazine,,,0
src/content/blog/ja/mbti-enfp.mdx,ja,mbti-enfp,Mind & Psychology,magazine,magazine,,,0
src/content/blog/ja/mbti-infj.mdx,ja,mbti-infj,Mind & Psychology,magazine,magazine,,,0
src/content/blog/ja/mbti-infp.mdx,ja,mbti-infp,Mind & Psychology,magazine,magazine,,,0
src/content/blog/ja/mbti-intj.mdx,ja,mbti-intj,Mind & Psychology,magazine,magazine,,,0
src/content/blog/ja/mbti-pair-dynamics-relationship-growth.mdx,ja,mbti-pair-dynamics-relationship-growth,Mind & Psychology,,magazine,,,0
src/content/blog/ja/mbti-shadow-functions-stress-personality.mdx,ja,mbti-shadow-functions-stress-personality,Mind & Psychology,,magazine,,,0
src/content/blog/ja/meaning-of-akashic-records.mdx,ja,meaning-of-akashic-records,Philosophy & Spirit,,magazine,,,3
src/content/blog/ja/meaning-of-almanac.mdx,ja,meaning-of-almanac,Mysticism,,magazine,,,3
src/content/blog/ja/meaning-of-archetypes.mdx,ja,meaning-of-archetypes,Mysticism,,magazine,,,3
src/content/blog/ja/meaning-of-astrology.mdx,ja,meaning-of-astrology,Mysticism,,magazine,,,3
src/content/blog/ja/meaning-of-attachment-theory.mdx,ja,meaning-of-attachment-theory,Mind & Psychology,,magazine,,,3
src/content/blog/ja/meaning-of-big5.mdx,ja,meaning-of-big5,Mind & Psychology,,magazine,,,3
src/content/blog/ja/meaning-of-biorhythms.mdx,ja,meaning-of-biorhythms,Mysticism,,magazine,,,3
src/content/blog/ja/meaning-of-celtic-mythology.mdx,ja,meaning-of-celtic-mythology,Mythology,,magazine,,,3
src/content/blog/ja/meaning-of-chronotypes.mdx,ja,meaning-of-chronotypes,Mind & Psychology,,magazine,,,3
src/content/blog/ja/meaning-of-cognitive-biases.mdx,ja,meaning-of-cognitive-biases,Mind & Psychology,,magazine,,,3
src/content/blog/ja/meaning-of-eastern-philosophy.mdx,ja,meaning-of-eastern-philosophy,Philosophy,,magazine,,,3
src/content/blog/ja/meaning-of-egyptian-astrology.mdx,ja,meaning-of-egyptian-astrology,Mysticism,,magazine,,,3
src/content/blog/ja/meaning-of-enneagram.mdx,ja,meaning-of-enneagram,Mysticism,,magazine,,,3
src/content/blog/ja/meaning-of-forces-in-mythology.mdx,ja,meaning-of-forces-in-mythology,Mythology,,magazine,,,0
src/content/blog/ja/meaning-of-gut-microbiome.mdx,ja,meaning-of-gut-microbiome,Mind & Psychology,,magazine,,,3
src/content/blog/ja/meaning-of-hellenistic-astrology.mdx,ja,meaning-of-hellenistic-astrology,Mysticism,,magazine,,,3
src/content/blog/ja/meaning-of-hexaco.mdx,ja,meaning-of-hexaco,Lifestyle & Growth,,magazine,,,3
src/content/blog/ja/meaning-of-hormones.mdx,ja,meaning-of-hormones,Mind & Psychology,,magazine,,,3
src/content/blog/ja/meaning-of-hsp.mdx,ja,meaning-of-hsp,Mind & Psychology,,magazine,,,3
src/content/blog/ja/meaning-of-human-design.mdx,ja,meaning-of-human-design,Mysticism,,magazine,,,3
src/content/blog/ja/meaning-of-hwarang.mdx,ja,meaning-of-hwarang,Myth & Culture,,magazine,,,3
src/content/blog/ja/meaning-of-kabbalah.mdx,ja,meaning-of-kabbalah,Mysticism,,magazine,,,3
src/content/blog/ja/meaning-of-learning-styles.mdx,ja,meaning-of-learning-styles,Lifestyle & Growth,,magazine,,,3
src/content/blog/ja/meaning-of-life.mdx,ja,meaning-of-life,Mind & Psychology,,magazine,,,0
src/content/blog/ja/meaning-of-mayan-mythology.mdx,ja,meaning-of-mayan-mythology,Mysticism,,magazine,,,3
src/content/blog/ja/meaning-of-mbti.mdx,ja,meaning-of-mbti,Mind & Psychology,,magazine,,,3
src/content/blog/ja/meaning-of-musok.mdx,ja,meaning-of-musok,Mysticism,,magazine,,,3
src/content/blog/ja/meaning-of-nordic-runes.mdx,ja,meaning-of-nordic-runes,Mysticism,,magazine,,,3
src/content/blog/ja/meaning-of-numerology.mdx,ja,meaning-of-numerology,Mysticism,,magazine,,,3
src/content/blog/ja/meaning-of-palja.mdx,ja,meaning-of-palja,Mysticism,,magazine,,,3
src/content/blog/ja/meaning-of-perfectionism.mdx,ja,meaning-of-perfectionism,Mind & Psychology,,magazine,,,3
src/content/blog/ja/meaning-of-riasec.mdx,ja,meaning-of-riasec,Lifestyle & Growth,,magazine,,,3
src/content/blog/ja/meaning-of-tci.mdx,ja,meaning-of-tci,Mind & Psychology,,magazine,,,3
src/content/blog/ja/meaning-of-time.mdx,ja,meaning-of-time,Philosophy & Spirit,,magazine,,,3
src/content/blog/ja/meaning-of-vedic-astrology.mdx,ja,meaning-of-vedic-astrology,Mysticism,,magazine,,,3
src/content/blog/ja/meaning-of-yin-yang.mdx,ja,meaning-of-yin-yang,Philosophy & Spirit,,magazine,,,3
src/content/blog/ja/meaning-of-zi-wei-dou-shu.mdx,ja,meaning-of-zi-wei-dou-shu,Mysticism,,magazine,,,3
src/content/blog/ja/meaningful-consumption.mdx,ja,meaningful-consumption,Philosophy & Spirit,,magazine,,,0
src/content/blog/ja/medical-astrology-planetary-body.mdx,ja,medical-astrology-planetary-body,Mysticism,,magazine,,,0
src/content/blog/ja/medusa-female-rage.mdx,ja,medusa-female-rage,Myth & Culture,,magazine,,,0
src/content/blog/ja/mental-illness-drug-alcohol.mdx,ja,mental-illness-drug-alcohol,Mind & Psychology,,magazine,,,0
src/content/blog/ja/mercury-retrograde-survival-guide.mdx,ja,mercury-retrograde-survival-guide,Mysticism,,magazine,,,0
src/content/blog/ja/metabolic-health-new-beginning.mdx,ja,metabolic-health-new-beginning,Mind & Psychology,,magazine,,,0
src/content/blog/ja/metabolic-treatment-plan.mdx,ja,metabolic-treatment-plan,Mind & Psychology,,magazine,,,0
src/content/blog/ja/metacognition-activities.mdx,ja,metacognition-activities,Lifestyle & Growth,,magazine,,,0
src/content/blog/ja/metacognition-and-class.mdx,ja,metacognition-and-class,Lifestyle & Growth,,magazine,,,0
src/content/blog/ja/metacognition-strategies.mdx,ja,metacognition-strategies,Lifestyle & Growth,,magazine,,,0
src/content/blog/ja/metacognition-thinking.mdx,ja,metacognition-thinking,Mind & Psychology,,magazine,,,0
src/content/blog/ja/microbiome-gut-brain-axis.mdx,ja,microbiome-gut-brain-axis,Lifestyle & Growth,,magazine,,,0
src/content/blog/ja/millers-law-memory-limit.mdx,ja,millers-law-memory-limit,Mind & Psychology,,magazine,,,0
src/content/blog/ja/mindfulness-neuroscience.mdx,ja,mindfulness-neuroscience,Science & Health,,magazine,,,0
src/content/blog/ja/minimalism-mind-digital-detox.mdx,ja,minimalism-mind-digital-detox,Lifestyle & Growth,,magazine,,,0
src/content/blog/ja/minor-arcana-4-elements-meaning.mdx,ja,minor-arcana-4-elements-meaning,Mysticism,,magazine,,,0
src/content/blog/ja/mitochondria-life-energy-biohacking.mdx,ja,mitochondria-life-energy-biohacking,Mind & Psychology,,magazine,,,0
src/content/blog/ja/monthly-travel-destinations.mdx,ja,monthly-travel-destinations,Lifestyle & Growth,,magazine,,,0
src/content/blog/ja/moon-sign-secret-self.mdx,ja,moon-sign-secret-self,Mysticism,,magazine,,,0
src/content/blog/ja/morning-pages-creative-recovery.mdx,ja,morning-pages-creative-recovery,Lifestyle & Growth,,magazine,,,0
src/content/blog/ja/mythological-thinking-of-primitive-humans.mdx,ja,mythological-thinking-of-primitive-humans,Mind & Psychology,,magazine,,,0
src/content/blog/ja/mythology-eros-psyche-love-soul.mdx,ja,mythology-eros-psyche-love-soul,Mythology,,magazine,,,0
src/content/blog/ja/mythology-narcissus-echo-self-love.mdx,ja,mythology-narcissus-echo-self-love,Mythology,,magazine,,,0
src/content/blog/ja/mythology-oedipus-rex-fate-dignity.mdx,ja,mythology-oedipus-rex-fate-dignity,Mythology,,magazine,,,0
src/content/blog/ja/narcissus-echo-chamber.mdx,ja,narcissus-echo-chamber,Myth & Culture,,magazine,,,0
src/content/blog/ja/narcissus-echo-myth-vanity.mdx,ja,narcissus-echo-myth-vanity,Mythology,,magazine,,,0
src/content/blog/ja/navigating-depression-holistic-guide.mdx,ja,navigating-depression-holistic-guide,Mind & Psychology,,magazine,,,0
src/content/blog/ja/negativity-bias-brain.mdx,ja,negativity-bias-brain,Mind & Psychology,,magazine,,,0
src/content/blog/ja/neuro-alchemy-music.mdx,ja,neuro-alchemy-music,Lifestyle & Growth,,magazine,,,0
src/content/blog/ja/neuroplasticity-habit-formation.mdx,ja,neuroplasticity-habit-formation,Lifestyle & Growth,,magazine,,,0
src/content/blog/ja/neuroplasticity-habits.mdx,ja,neuroplasticity-habits,Lifestyle & Growth,,magazine,,,0
src/content/blog/ja/neuroscience-default-mode-network-creativity.mdx,ja,neuroscience-default-mode-network-creativity,Mind & Psychology,,magazine,,,0
src/content/blog/ja/neuroscience-neuroplasticity-brain-rewiring.mdx,ja,neuroscience-neuroplasticity-brain-rewiring,Mind & Psychology,,magazine,,,0
src/content/blog/ja/neuroscience-of-habits-atomic-change.mdx,ja,neuroscience-of-habits-atomic-change,Lifestyle & Growth,,magazine,,,0
src/content/blog/ja/neurotransmitters-and-drug-effects.mdx,ja,neurotransmitters-and-drug-effects,Mind & Psychology,,magazine,,,0
src/content/blog/ja/new-beginning-metabolic-health.mdx,ja,new-beginning-metabolic-health,Mind & Psychology,,magazine,,,0
src/content/blog/ja/new-horizons-of-treatment.mdx,ja,new-horizons-of-treatment,Mind & Psychology,,magazine,,,0
src/content/blog/ja/nietzsche-ubermensch-will-to-power.mdx,ja,nietzsche-ubermensch-will-to-power,Philosophy,,magazine,,,0
src/content/blog/ja/noble-courage-self-protection.mdx,ja,noble-courage-self-protection,Philosophy & Spirit,,magazine,,,0
src/content/blog/ja/normalcy-bias-disaster.mdx,ja,normalcy-bias-disaster,Mind & Psychology,,magazine,,,0
src/content/blog/ja/north-node-south-node-karma.mdx,ja,north-node-south-node-karma,Mysticism,,magazine,,,0
src/content/blog/ja/not-everyone-important.mdx,ja,not-everyone-important,Philosophy & Spirit,,magazine,,,0
src/content/blog/ja/nudge-theory-choice-architecture.mdx,ja,nudge-theory-choice-architecture,Mind & Psychology,,magazine,,,0
src/content/blog/ja/numerology-foundations-vibration.mdx,ja,numerology-foundations-vibration,Mysticism,,magazine,,,0
src/content/blog/ja/odin-thor-myth-existentialism.mdx,ja,odin-thor-myth-existentialism,Mythology,,magazine,,,0
src/content/blog/ja/oedipus-fate-determinism.mdx,ja,oedipus-fate-determinism,Myth & Culture,,magazine,,,0
src/content/blog/ja/oedipus-myth-repressed-desire.mdx,ja,oedipus-myth-repressed-desire,Mythology,,magazine,,,0
src/content/blog/ja/okuninushi-myth-idealized-object.mdx,ja,okuninushi-myth-idealized-object,Mythology,,magazine,,,0
src/content/blog/ja/only-i-can-hurt-myself.mdx,ja,only-i-can-hurt-myself,Philosophy & Spirit,,magazine,,,0
src/content/blog/ja/ordinary-cloak.mdx,ja,ordinary-cloak,Lifestyle & Growth,,magazine,,,0
src/content/blog/ja/osiris-egyptian-myth-rebirth.mdx,ja,osiris-egyptian-myth-rebirth,Mythology,,magazine,,,0
src/content/blog/ja/osiris-isis-horus-myth-resurrection.mdx,ja,osiris-isis-horus-myth-resurrection,Mythology,,magazine,,,0
src/content/blog/ja/overview-effect-perspective.mdx,ja,overview-effect-perspective,Mind & Psychology,,magazine,,,0
src/content/blog/ja/painters-of-life.mdx,ja,painters-of-life,Mind & Psychology,,magazine,,,0
src/content/blog/ja/pangu-myth-national-narcissism.mdx,ja,pangu-myth-national-narcissism,Mythology,,magazine,,,0
src/content/blog/ja/panopticon-surveillance-society.mdx,ja,panopticon-surveillance-society,Myth & Culture,,magazine,,,0
src/content/blog/ja/paradox-of-choice-freedom.mdx,ja,paradox-of-choice-freedom,Mind & Psychology,,magazine,,,0
src/content/blog/ja/pareidolia-seeing-faces.mdx,ja,pareidolia-seeing-faces,Mind & Psychology,,magazine,,,0
src/content/blog/ja/participle-phrases-clarity.mdx,ja,participle-phrases-clarity,Education & Language,,magazine,,,0
src/content/blog/ja/peak-end-rule-memory-bias.mdx,ja,peak-end-rule-memory-bias,Mind & Psychology,,magazine,,,0
src/content/blog/ja/perseus-myth-mother-individuation.mdx,ja,perseus-myth-mother-individuation,Mythology,,magazine,,,0
src/content/blog/ja/personal-color-autumn-warm-deep-guide.mdx,ja,personal-color-autumn-warm-deep-guide,Beauty,,magazine,,,0
src/content/blog/ja/personal-color-autumn-warm-mute-guide.mdx,ja,personal-color-autumn-warm-mute-guide,Beauty,,magazine,,,0
src/content/blog/ja/personal-color-spring-warm-mute-guide.mdx,ja,personal-color-spring-warm-mute-guide,Beauty,,magazine,,,0
src/content/blog/ja/personal-color-spring-warm-vivid-guide.mdx,ja,personal-color-spring-warm-vivid-guide,Beauty,,magazine,,,0
src/content/blog/ja/personal-color-summer-cool-light-guide.mdx,ja,personal-color-summer-cool-light-guide,Beauty,,magazine,,,0
src/content/blog/ja/personal-color-summer-cool-mute-guide.mdx,ja,personal-color-summer-cool-mute-guide,Beauty,,magazine,,,0
src/content/blog/ja/personal-color-winter-cool-bright-guide.mdx,ja,personal-color-winter-cool-bright-guide,Beauty,,magazine,,,0
src/content/blog/ja/personal-color-winter-cool-deep-guide.mdx,ja,personal-color-winter-cool-deep-guide,Beauty,,magazine,,,0
src/content/blog/ja/peter-pan-syndrome-kidult.mdx,ja,peter-pan-syndrome-kidult,Mind & Psychology,,magazine,,,0
src/content/blog/ja/philosophy-existentialism-freedom-responsibility.mdx,ja,philosophy-existentialism-freedom-responsibility,Philosophy,,magazine,,,0
src/content/blog/ja/physics-of-synchronicity.mdx,ja,physics-of-synchronicity,Lifestyle & Growth,,magazine,,,0
src/content/blog/ja/placebo-effect-belief.mdx,ja,placebo-effect-belief,Mind & Psychology,,magazine,,,0
src/content/blog/ja/planetary-aspects-inner-dialogue.mdx,ja,planetary-aspects-inner-dialogue,Mysticism,,magazine,,,0
src/content/blog/ja/plato-allegory-of-the-cave-reality.mdx,ja,plato-allegory-of-the-cave-reality,Philosophy & Spirit,,magazine,,,0
src/content/blog/ja/power-of-purpose.mdx,ja,power-of-purpose,Mind & Psychology,,magazine,,,0
src/content/blog/ja/power-of-vulnerability.mdx,ja,power-of-vulnerability,Mind & Psychology,,magazine,,,0
src/content/blog/ja/power-of-words.mdx,ja,power-of-words,Philosophy & Spirit,,magazine,,,0
src/content/blog/ja/power-to-choose-happiness.mdx,ja,power-to-choose-happiness,Philosophy & Spirit,,magazine,,,0
src/content/blog/ja/primal-movement-somatic-healing-body.mdx,ja,primal-movement-somatic-healing-body,Lifestyle & Growth,,magazine,,,0
src/content/blog/ja/primitive-spirituality-and-regicide-motif.mdx,ja,primitive-spirituality-and-regicide-motif,Mind & Psychology,,magazine,,,0
src/content/blog/ja/printing-press-ai-revolution.mdx,ja,printing-press-ai-revolution,Myth & Culture,,magazine,,,0
src/content/blog/ja/progression-direction-inner-clock.mdx,ja,progression-direction-inner-clock,Mysticism,,magazine,,,0
src/content/blog/ja/protecting-oneself-noble-courage.mdx,ja,protecting-oneself-noble-courage,Philosophy & Spirit,,magazine,,,0
src/content/blog/ja/psychoanalytic-perspectives-on-myth.mdx,ja,psychoanalytic-perspectives-on-myth,Mind & Psychology,,magazine,,,0
src/content/blog/ja/psychology-of-flow.mdx,ja,psychology-of-flow,Mind & Psychology,,magazine,,,0
src/content/blog/ja/psychology-of-money.mdx,ja,psychology-of-money,Mind & Psychology,,magazine,,,0
src/content/blog/ja/ptg-awakening-safety-protection.mdx,ja,ptg-awakening-safety-protection,Mind & Psychology,,magazine,,,0
src/content/blog/ja/ptg-awareness-total-acceptance.mdx,ja,ptg-awareness-total-acceptance,Mind & Psychology,,magazine,,,0
src/content/blog/ja/ptg-being-integration.mdx,ja,ptg-being-integration,Mind & Psychology,,magazine,,,0
src/content/blog/ja/ptg-daily-trauma.mdx,ja,ptg-daily-trauma,Mind & Psychology,,magazine,,,0
src/content/blog/ja/ptg-formation-new-story.mdx,ja,ptg-formation-new-story,Mind & Psychology,,magazine,,,0
src/content/blog/ja/ptg-staying-at-the-heights.mdx,ja,ptg-staying-at-the-heights,Mind & Psychology,,magazine,,,0
src/content/blog/ja/ptg-system.mdx,ja,ptg-system,Mind & Psychology,,magazine,,,0
src/content/blog/ja/ptg-transformation-wisdom-growth.mdx,ja,ptg-transformation-wisdom-growth,Mind & Psychology,,magazine,,,0
src/content/blog/ja/purpose-driven-relationships.mdx,ja,purpose-driven-relationships,Philosophy & Spirit,,magazine,,,0
src/content/blog/ja/pygmalion-effect-expectation.mdx,ja,pygmalion-effect-expectation,Mind & Psychology,,magazine,,,0
src/content/blog/ja/pygmalion-effect-self-fulfilling-prophecy.mdx,ja,pygmalion-effect-self-fulfilling-prophecy,Mind & Psychology,,magazine,,,0
src/content/blog/ja/quantifiers-all-some.mdx,ja,quantifiers-all-some,Logic & Philosophy,,magazine,,,0
src/content/blog/ja/quantum-biology-hormones.mdx,ja,quantum-biology-hormones,Lifestyle & Growth,,magazine,,,0
src/content/blog/ja/quantum-entanglement-einstein-bohr-debate.mdx,ja,quantum-entanglement-einstein-bohr-debate,Philosophy & Spirit,,magazine,,,0
src/content/blog/ja/quantum-entanglement-synchronicity.mdx,ja,quantum-entanglement-synchronicity,Philosophy & Spirit,,magazine,,,0
src/content/blog/ja/quantum-mechanics-observer.mdx,ja,quantum-mechanics-observer,Lifestyle & Growth,,magazine,,,0
src/content/blog/ja/quantum-zeno-effect-observation-reality.mdx,ja,quantum-zeno-effect-observation-reality,Philosophy & Spirit,,magazine,,,0
src/content/blog/ja/questioning-activities.mdx,ja,questioning-activities,Lifestyle & Growth,,magazine,,,0
src/content/blog/ja/radical-acceptance-tara-brach.mdx,ja,radical-acceptance-tara-brach,Mind & Psychology,,magazine,,,0
src/content/blog/ja/railway-accident-reporting.mdx,ja,railway-accident-reporting,Law & Exam,,magazine,,,0
src/content/blog/ja/railway-driver-licenses.mdx,ja,railway-driver-licenses,Law & Exam,,magazine,,,0
src/content/blog/ja/railway-framework-act.mdx,ja,railway-framework-act,Law & Exam,,magazine,,,0
src/content/blog/ja/railway-operation-composition.mdx,ja,railway-operation-composition,Law & Exam,,magazine,,,0
src/content/blog/ja/railway-safety-act-basics.mdx,ja,railway-safety-act-basics,Law & Exam,,magazine,,,0
src/content/blog/ja/railway-safety-system.mdx,ja,railway-safety-system,Law & Exam,,magazine,,,0
src/content/blog/ja/railway-service-act.mdx,ja,railway-service-act,Law & Exam,,magazine,,,0
src/content/blog/ja/railway-signals-signs.mdx,ja,railway-signals-signs,Law & Exam,,magazine,,,0
src/content/blog/ja/railway-staff-exams.mdx,ja,railway-staff-exams,Law & Exam,,magazine,,,0
src/content/blog/ja/re-evaluating-treatments.mdx,ja,re-evaluating-treatments,Mind & Psychology,,magazine,,,0
src/content/blog/ja/reciprocity-norm-social.mdx,ja,reciprocity-norm-social,Mind & Psychology,,magazine,,,0
src/content/blog/ja/relationship-shadow-projection.mdx,ja,relationship-shadow-projection,Philosophy & Spirit,,magazine,,,0
src/content/blog/ja/relationships-as-energy.mdx,ja,relationships-as-energy,Philosophy & Spirit,,magazine,,,0
src/content/blog/ja/renaissance-humanism-center.mdx,ja,renaissance-humanism-center,Myth & Culture,,magazine,,,0
src/content/blog/ja/ringelmann-effect-social-loafing.mdx,ja,ringelmann-effect-social-loafing,Mind & Psychology,,magazine,,,0
src/content/blog/ja/role-of-mitochondria.mdx,ja,role-of-mitochondria,Mind & Psychology,,magazine,,,0
src/content/blog/ja/saju-basics-what-is-four-pillars.mdx,ja,saju-basics-what-is-four-pillars,Mysticism,,magazine,,,0
src/content/blog/ja/saju-career-calling.mdx,ja,saju-career-calling,Mysticism,,magazine,,,0
src/content/blog/ja/saju-five-elements-harmony-energy.mdx,ja,saju-five-elements-harmony-energy,Mysticism,,magazine,,,0
src/content/blog/ja/saju-ten-gods-archetypes-of-desire.mdx,ja,saju-ten-gods-archetypes-of-desire,Mysticism,,magazine,,,0
src/content/blog/ja/samjae-three-disasters-myth.mdx,ja,samjae-three-disasters-myth,Mysticism,,magazine,,,0
src/content/blog/ja/satisfaction-octagon.mdx,ja,satisfaction-octagon,Philosophy & Spirit,,magazine,,,0
src/content/blog/ja/saturn-cycle-life-exams.mdx,ja,saturn-cycle-life-exams,Mysticism,,magazine,,,0
src/content/blog/ja/saturn-return-cosmic-rite-of-passage.mdx,ja,saturn-return-cosmic-rite-of-passage,Mysticism,,magazine,,,0
src/content/blog/ja/saturn-return-meaning.mdx,ja,saturn-return-meaning,Mysticism,,magazine,,,0
src/content/blog/ja/savanna-principle-evolution.mdx,ja,savanna-principle-evolution,Mind & Psychology,,magazine,,,0
src/content/blog/ja/science-ai-soul-singularity.mdx,ja,science-ai-soul-singularity,Lifestyle & Growth,,magazine,,,0
src/content/blog/ja/science-holographic-universe.mdx,ja,science-holographic-universe,Lifestyle & Growth,,magazine,,,0
src/content/blog/ja/science-quantum-observer.mdx,ja,science-quantum-observer,Lifestyle & Growth,,magazine,,,0
src/content/blog/ja/science-spiral-dynamics-evolution.mdx,ja,science-spiral-dynamics-evolution,Lifestyle & Growth,,magazine,,,0
src/content/blog/ja/science-synchronicity-jung-pauli.mdx,ja,science-synchronicity-jung-pauli,Lifestyle & Growth,,magazine,,,0
src/content/blog/ja/sciences-biology-epigenetics-karma.mdx,ja,sciences-biology-epigenetics-karma,Lifestyle & Growth,,magazine,,,0
src/content/blog/ja/sciences-biology-nde-afterlife.mdx,ja,sciences-biology-nde-afterlife,Lifestyle & Growth,,magazine,,,0
src/content/blog/ja/sciences-biology-pineal-third-eye.mdx,ja,sciences-biology-pineal-third-eye,Lifestyle & Growth,,magazine,,,0
src/content/blog/ja/self-serving-bias-success-failure.mdx,ja,self-serving-bias-success-failure,Mind & Psychology,,magazine,,,0
src/content/blog/ja/semun-yearly-luck-strategy.mdx,ja,semun-yearly-luck-strategy,Mysticism,,magazine,,,0
src/content/blog/ja/seven-chakras-energy-centers-alignment.mdx,ja,seven-chakras-energy-centers-alignment,Philosophy & Spirit,,magazine,,,0
src/content/blog/ja/seven-deadly-sins-capitalism.mdx,ja,seven-deadly-sins-capitalism,Philosophy & Spirit,,magazine,,,0
src/content/blog/ja/shadow-of-comparison.mdx,ja,shadow-of-comparison,Mind & Psychology,,magazine,,,0
src/content/blog/ja/shadow-work-jungian-integration.mdx,ja,shadow-work-jungian-integration,Mind & Psychology,,magazine,,,0
src/content/blog/ja/shadow-work-relationships-mirror.mdx,ja,shadow-work-relationships-mirror,Mind & Psychology,,magazine,,,0
src/content/blog/ja/shun-myth-true-self-transformation.mdx,ja,shun-myth-true-self-transformation,Mythology,,magazine,,,0
src/content/blog/ja/simulation-theory-matrix.mdx,ja,simulation-theory-matrix,Lifestyle & Growth,,magazine,,,0
src/content/blog/ja/sinsal-modern-interpretation.mdx,ja,sinsal-modern-interpretation,Mysticism,,magazine,,,0
src/content/blog/ja/sinsal-myth-or-statistics.mdx,ja,sinsal-myth-or-statistics,Mythology,,magazine,,,0
src/content/blog/ja/sisyphus-burnout.mdx,ja,sisyphus-burnout,Myth & Culture,,magazine,,,0
src/content/blog/ja/sleep-architecture-deep-rest.mdx,ja,sleep-architecture-deep-rest,Lifestyle & Growth,,magazine,,,0
src/content/blog/ja/sleep-circadian-rhythm-energy.mdx,ja,sleep-circadian-rhythm-energy,Mind & Psychology,,magazine,,,0
src/content/blog/ja/social-contract-rousseau-freedom.mdx,ja,social-contract-rousseau-freedom,Myth & Culture,,magazine,,,0
src/content/blog/ja/social-prescribing-loneliness.mdx,ja,social-prescribing-loneliness,Psychology & Society,,magazine,,,0
src/content/blog/ja/social-proof-consensus.mdx,ja,social-proof-consensus,Mind & Psychology,,magazine,,,0
src/content/blog/ja/social-proof-influence.mdx,ja,social-proof-influence,Mind & Psychology,,magazine,,,0
src/content/blog/ja/son-eomneun-nal-handless-day.mdx,ja,son-eomneun-nal-handless-day,Myth & Culture,,magazine,,,0
src/content/blog/ja/spotlight-effect-social-anxiety.mdx,ja,spotlight-effect-social-anxiety,Mind & Psychology,,magazine,,,0
src/content/blog/ja/steering-wheel-of-life.mdx,ja,steering-wheel-of-life,Philosophy & Spirit,,magazine,,,0
src/content/blog/ja/stoic-philosophy-anger.mdx,ja,stoic-philosophy-anger,Philosophy & Spirit,,magazine,,,0
src/content/blog/ja/stoic-resilience.mdx,ja,stoic-resilience,Philosophy,,magazine,,,0
src/content/blog/ja/stoicism-digital-age.mdx,ja,stoicism-digital-age,Philosophy,,magazine,,,0
src/content/blog/ja/stoicism-memento-mori-life-wisdom.mdx,ja,stoicism-memento-mori-life-wisdom,Philosophy,,magazine,,,0
src/content/blog/ja/stoicism-stress-system.mdx,ja,stoicism-stress-system,Philosophy,,magazine,,,0
src/content/blog/ja/streetlight-effect-search-bias.mdx,ja,streetlight-effect-search-bias,Mind & Psychology,,magazine,,,0
src/content/blog/ja/string-theory-multiverse-cosmology.mdx,ja,string-theory-multiverse-cosmology,Philosophy & Spirit,,magazine,,,0
src/content/blog/ja/stroop-effect-cognitive-interference.mdx,ja,stroop-effect-cognitive-interference,Mind & Psychology,,magazine,,,0
src/content/blog/ja/sufism-rumi-love.mdx,ja,sufism-rumi-love,Philosophy & Spirit,,magazine,,,0
src/content/blog/ja/sunk-cost-fallacy-investment.mdx,ja,sunk-cost-fallacy-investment,Mind & Psychology,,magazine,,,0
src/content/blog/ja/survivorship-bias-failure.mdx,ja,survivorship-bias-failure,Mind & Psychology,,magazine,,,0
src/content/blog/ja/susanoo-myth-destructive-sublimation.mdx,ja,susanoo-myth-destructive-sublimation,Mythology,,magazine,,,0
src/content/blog/ja/symbolic-logic-operators.mdx,ja,symbolic-logic-operators,Logic & Philosophy,,magazine,,,0
src/content/blog/ja/sympathetic-parasympathetic-nervous-system.mdx,ja,sympathetic-parasympathetic-nervous-system,Health,,magazine,,,7
src/content/blog/ja/synastry-soul-contracts.mdx,ja,synastry-soul-contracts,Philosophy & Spirit,,magazine,,,0
src/content/blog/ja/synchronicity-universe-speaks.mdx,ja,synchronicity-universe-speaks,Mind & Psychology,,magazine,,,0
src/content/blog/ja/taoism-wu-wei-flow.mdx,ja,taoism-wu-wei-flow,Philosophy & Spirit,,magazine,,,0
src/content/blog/ja/taoism-wu-wei-non-action-flow.mdx,ja,taoism-wu-wei-non-action-flow,Philosophy & Spirit,,magazine,,,0
src/content/blog/ja/tarot-fools-journey-archetype.mdx,ja,tarot-fools-journey-archetype,Mysticism,,magazine,,,0
src/content/blog/ja/tarot-fools-journey-cycles-life.mdx,ja,tarot-fools-journey-cycles-life,Mysticism,,magazine,,,0
src/content/blog/ja/tarot-fools-journey-hero-path.mdx,ja,tarot-fools-journey-hero-path,Mysticism,,magazine,,,0
src/content/blog/ja/tarot-fools-journey-individuation.mdx,ja,tarot-fools-journey-individuation,Mysticism,,magazine,,,0
src/content/blog/ja/tarot-heros-journey-campbell.mdx,ja,tarot-heros-journey-campbell,Mysticism,,magazine,,,0
src/content/blog/ja/tarot-kabbalah-tree-of-life.mdx,ja,tarot-kabbalah-tree-of-life,Mysticism,,magazine,,,0
src/content/blog/ja/tarot-numerology-secret-code.mdx,ja,tarot-numerology-secret-code,Mysticism,,magazine,,,0
src/content/blog/ja/tarot-reading-self-mindfulness.mdx,ja,tarot-reading-self-mindfulness,Mysticism,,magazine,,,0
src/content/blog/ja/tarot-structure-major-minor-arcana.mdx,ja,tarot-structure-major-minor-arcana,Mysticism,,magazine,,,0
src/content/blog/ja/techno-animism-robots.mdx,ja,techno-animism-robots,Myth & Culture,,magazine,,,0
src/content/blog/ja/testing-activities.mdx,ja,testing-activities,Lifestyle & Growth,,magazine,,,0
src/content/blog/ja/the-logic-of-saju-structural-analysis.mdx,ja,the-logic-of-saju-structural-analysis,Mysticism,,magazine,,,0
src/content/blog/ja/theseus-myth-labyrinth-catastrophe.mdx,ja,theseus-myth-labyrinth-catastrophe,Mythology,,magazine,,,0
src/content/blog/ja/together-flower.mdx,ja,together-flower,Lifestyle & Growth,,magazine,,,0
src/content/blog/ja/tojeong-bigyeol-korean-almanac.mdx,ja,tojeong-bigyeol-korean-almanac,Mysticism,,magazine,,,0
src/content/blog/ja/trickster-chaos-creativity.mdx,ja,trickster-chaos-creativity,Myth & Culture,,magazine,,,0
src/content/blog/ja/trust-and-betrayal.mdx,ja,trust-and-betrayal,Philosophy & Spirit,,magazine,,,0
src/content/blog/ja/truth-about-mbti-compatibility.mdx,ja,truth-about-mbti-compatibility,Mind & Psychology,,magazine,,,0
src/content/blog/ja/trying-to-change-others.mdx,ja,trying-to-change-others,Philosophy & Spirit,,magazine,,,0
src/content/blog/ja/types-of-unconscious-creating-myth.mdx,ja,types-of-unconscious-creating-myth,Mind & Psychology,,magazine,,,0
src/content/blog/ja/unwritten-page.mdx,ja,unwritten-page,Philosophy & Spirit,,magazine,,,0
src/content/blog/ja/useless-glory.mdx,ja,useless-glory,Lifestyle & Growth,,magazine,,,0
src/content/blog/ja/utilitarianism-trolley-problem.mdx,ja,utilitarianism-trolley-problem,Myth & Culture,,magazine,,,0
src/content/blog/ja/vagus-nerve-resilience.mdx,ja,vagus-nerve-resilience,Lifestyle & Growth,,magazine,,,0
src/content/blog/ja/veblen-goods-status.mdx,ja,veblen-goods-status,Mind & Psychology,,magazine,,,0
src/content/blog/ja/vedic-vs-western-astrology.mdx,ja,vedic-vs-western-astrology,Mysticism,,magazine,,,0
src/content/blog/ja/vedic-wisdom-three-gunas-minds.mdx,ja,vedic-wisdom-three-gunas-minds,Mysticism,,magazine,,,0
src/content/blog/ja/viktor-frankl-purpose.mdx,ja,viktor-frankl-purpose,Mind & Psychology,,magazine,,,0
src/content/blog/ja/visualizing-goals.mdx,ja,visualizing-goals,Mind & Psychology,,magazine,,,0
src/content/blog/ja/wabi-sabi-philosophy-imperfection.mdx,ja,wabi-sabi-philosophy-imperfection,Philosophy,,magazine,,,0
src/content/blog/ja/western-astrology-vs-saju-comparison.mdx,ja,western-astrology-vs-saju-comparison,Mysticism,,magazine,,,0
src/content/blog/ja/what-is-post-traumatic-growth.mdx,ja,what-is-post-traumatic-growth,Mind & Psychology,,magazine,,,0
src/content/blog/ja/words-change-destiny.mdx,ja,words-change-destiny,Philosophy & Spirit,,magazine,,,0
src/content/blog/ja/writing-from-memory-activities.mdx,ja,writing-from-memory-activities,Lifestyle & Growth,,magazine,,,0
src/content/blog/ja/yongsin-heesin-philosophy.mdx,ja,yongsin-heesin-philosophy,Philosophy,,magazine,,,0
src/content/blog/ja/zeigarnik-effect-memory.mdx,ja,zeigarnik-effect-memory,Mind & Psychology,,magazine,,,0
src/content/blog/ja/zero-calorie-drinks-myth.mdx,ja,zero-calorie-drinks-myth,Lifestyle & Growth,,magazine,,,0
src/content/blog/ja/zodiac-aquarius-complete-guide.mdx,ja,zodiac-aquarius-complete-guide,Mysticism,,magazine,,,0
src/content/blog/ja/zodiac-aries-complete-guide.mdx,ja,zodiac-aries-complete-guide,Mysticism,,magazine,,,0
src/content/blog/ja/zodiac-cancer-complete-guide.mdx,ja,zodiac-cancer-complete-guide,Mysticism,,magazine,,,0
src/content/blog/ja/zodiac-capricorn-complete-guide.mdx,ja,zodiac-capricorn-complete-guide,Mysticism,,magazine,,,0
src/content/blog/ja/zodiac-gemini-complete-guide.mdx,ja,zodiac-gemini-complete-guide,Mysticism,,magazine,,,0
src/content/blog/ja/zodiac-leo-complete-guide.mdx,ja,zodiac-leo-complete-guide,Mysticism,,magazine,,,0
src/content/blog/ja/zodiac-libra-complete-guide.mdx,ja,zodiac-libra-complete-guide,Mysticism,,magazine,,,0
src/content/blog/ja/zodiac-pisces-complete-guide.mdx,ja,zodiac-pisces-complete-guide,Mysticism,,magazine,,,0
src/content/blog/ja/zodiac-sagittarius-complete-guide.mdx,ja,zodiac-sagittarius-complete-guide,Mysticism,,magazine,,,0
src/content/blog/ja/zodiac-scorpio-complete-guide.mdx,ja,zodiac-scorpio-complete-guide,Mysticism,,magazine,,,0
src/content/blog/ja/zodiac-taurus-complete-guide.mdx,ja,zodiac-taurus-complete-guide,Mysticism,,magazine,,,0
src/content/blog/ja/zodiac-virgo-complete-guide.mdx,ja,zodiac-virgo-complete-guide,Mysticism,,magazine,,,0
src/content/blog/ko/12-houses-of-life-areas.mdx,ko,12-houses-of-life-areas,Mysticism,magazine,magazine,,,0
src/content/blog/ko/12-stages-of-life-energy-cycle.mdx,ko,12-stages-of-life-energy-cycle,Mysticism,magazine,magazine,,,0
src/content/blog/ko/2025-year-of-blue-snake-fortune.mdx,ko,2025-year-of-blue-snake-fortune,Mysticism,magazine,magazine,,,0
src/content/blog/ko/2025-year-of-blue-snake-outlook.mdx,ko,2025-year-of-blue-snake-outlook,Mysticism,magazine,magazine,,,0
src/content/blog/ko/8-cognitive-functions-deep-dive.mdx,ko,8-cognitive-functions-deep-dive,Mind & Psychology,magazine,magazine,,,0
src/content/blog/ko/abilene-paradox-groupthink-psychology.mdx,ko,abilene-paradox-groupthink-psychology,Psychology,magazine,magazine,,,0
src/content/blog/ko/abilene-paradox-groupthink.mdx,ko,abilene-paradox-groupthink,Mind & Psychology,magazine,magazine,,,0
src/content/blog/ko/adler-belief-vs-greatness.mdx,ko,adler-belief-vs-greatness,Psychology,magazine,magazine,,,0
src/content/blog/ko/adler-cognitive-frame.mdx,ko,adler-cognitive-frame,Psychology,magazine,magazine,,,0
src/content/blog/ko/adler-courage.mdx,ko,adler-courage,Psychology,magazine,magazine,,,0
src/content/blog/ko/adler-doing-what-you-love.mdx,ko,adler-doing-what-you-love,Psychology,magazine,magazine,,,0
src/content/blog/ko/adler-environment.mdx,ko,adler-environment,Psychology,magazine,magazine,,,0
src/content/blog/ko/adler-happiness-is-beginning.mdx,ko,adler-happiness-is-beginning,Psychology,magazine,magazine,,,0
src/content/blog/ko/adler-happiness-no-qualifications.mdx,ko,adler-happiness-no-qualifications,Psychology,magazine,magazine,,,0
src/content/blog/ko/adler-happiness.mdx,ko,adler-happiness,Psychology,magazine,magazine,,,0
src/content/blog/ko/adler-holism.mdx,ko,adler-holism,Psychology,magazine,magazine,,,0
src/content/blog/ko/adler-lazy-perfectionist.mdx,ko,adler-lazy-perfectionist,Psychology,magazine,magazine,,,0
src/content/blog/ko/adler-life-vessel.mdx,ko,adler-life-vessel,Psychology,magazine,magazine,,,0
src/content/blog/ko/adler-metacognition.mdx,ko,adler-metacognition,Psychology,magazine,magazine,,,0
src/content/blog/ko/adler-numbers.mdx,ko,adler-numbers,Psychology,magazine,magazine,,,0
src/content/blog/ko/adler-relationships.mdx,ko,adler-relationships,Psychology,magazine,magazine,,,0
src/content/blog/ko/adler-simple-life.mdx,ko,adler-simple-life,Psychology,magazine,magazine,,,0
src/content/blog/ko/adler-stepping-stone.mdx,ko,adler-stepping-stone,Psychology,magazine,magazine,,,0
src/content/blog/ko/adler-subject-and-distance.mdx,ko,adler-subject-and-distance,Psychology,magazine,magazine,,,0
src/content/blog/ko/adler-teleology.mdx,ko,adler-teleology,Psychology,magazine,magazine,,,0
src/content/blog/ko/adler-understanding-others.mdx,ko,adler-understanding-others,Psychology,magazine,magazine,,,0
src/content/blog/ko/adler-values.mdx,ko,adler-values,Psychology,magazine,magazine,,,0
src/content/blog/ko/adult-adhd-survival-guide.mdx,ko,adult-adhd-survival-guide,Psychology,magazine,magazine,,,1
src/content/blog/ko/advanced-subjunctive-usage.mdx,ko,advanced-subjunctive-usage,Education & Language,magazine,magazine,,,0
src/content/blog/ko/all-problems-are-relationships.mdx,ko,all-problems-are-relationships,Philosophy & Spirit,magazine,magazine,,,0
src/content/blog/ko/all-worries-from-relationships.mdx,ko,all-worries-from-relationships,Philosophy & Spirit,magazine,magazine,,,0
src/content/blog/ko/ancestor-worship-jesa.mdx,ko,ancestor-worship-jesa,Myth & Culture,magazine,magazine,,,0
src/content/blog/ko/anchoring-bias-negotiation.mdx,ko,anchoring-bias-negotiation,Mind & Psychology,magazine,magazine,,,0
src/content/blog/ko/anger-management-psychology.mdx,ko,anger-management-psychology,Magazine,magazine,magazine,,,1
src/content/blog/ko/animal-spirits-totems-power.mdx,ko,animal-spirits-totems-power,Philosophy & Spirit,magazine,magazine,,,0
src/content/blog/ko/anxiety-flame.mdx,ko,anxiety-flame,Philosophy & Spirit,magazine,magazine,,,0
src/content/blog/ko/architecture-of-focus-environment.mdx,ko,architecture-of-focus-environment,Lifestyle & Growth,magazine,magazine,,,0
src/content/blog/ko/ascendant-rising-sign-mask.mdx,ko,ascendant-rising-sign-mask,Mysticism,magazine,magazine,,,0
src/content/blog/ko/asch-conformity-social-pressure.mdx,ko,asch-conformity-social-pressure,Mind & Psychology,magazine,magazine,,,0
src/content/blog/ko/ascii-art-digital-nostalgia.mdx,ko,ascii-art-digital-nostalgia,Culture,magazine,magazine,,,0
src/content/blog/ko/astrology-black-moon-lilith-shadow-power.mdx,ko,astrology-black-moon-lilith-shadow-power,Mysticism,magazine,magazine,,,0
src/content/blog/ko/astrology-karmic-saturn-pluto.mdx,ko,astrology-karmic-saturn-pluto,Mysticism,magazine,magazine,,,0
src/content/blog/ko/astrology-lunar-nodes-spiritual-destiny.mdx,ko,astrology-lunar-nodes-spiritual-destiny,Mysticism,magazine,magazine,,,0
src/content/blog/ko/astrology-parenting-moon.mdx,ko,astrology-parenting-moon,Mysticism,magazine,magazine,,,0
src/content/blog/ko/astronomy-orbital-dynamics.mdx,ko,astronomy-orbital-dynamics,Lifestyle & Growth,magazine,magazine,,,0
src/content/blog/ko/attachment-style-relationship-guide.mdx,ko,attachment-style-relationship-guide,Psychology,magazine,magazine,,,6
src/content/blog/ko/attachment-theory-adults.mdx,ko,attachment-theory-adults,Mind & Psychology,magazine,magazine,,,0
src/content/blog/ko/attachment-theory-archetypal-map.mdx,ko,attachment-theory-archetypal-map,Mind & Psychology,magazine,magazine,,,0
src/content/blog/ko/attachment-theory-love-patterns.mdx,ko,attachment-theory-love-patterns,Mind & Psychology,magazine,magazine,,,0
src/content/blog/ko/attachment-theory-relationships.mdx,ko,attachment-theory-relationships,Mind & Psychology,magazine,magazine,,,0
src/content/blog/ko/authority-bias-influence.mdx,ko,authority-bias-influence,Mind & Psychology,magazine,magazine,,,0
src/content/blog/ko/availability-heuristic-bias.mdx,ko,availability-heuristic-bias,Mind & Psychology,magazine,magazine,,,0
src/content/blog/ko/availability-heuristic-risk.mdx,ko,availability-heuristic-risk,Mind & Psychology,magazine,magazine,,,0
src/content/blog/ko/baader-meinhof-frequency-illusion.mdx,ko,baader-meinhof-frequency-illusion,Mind & Psychology,magazine,magazine,,,0
src/content/blog/ko/bagua-map-life-areas.mdx,ko,bagua-map-life-areas,Mysticism,magazine,magazine,,,0
src/content/blog/ko/baking-soda-citric-acid-percarbonate-uses.mdx,ko,baking-soda-citric-acid-percarbonate-uses,Lifestyle,magazine,magazine,,,0
src/content/blog/ko/baldur-myth-shadow-tragic.mdx,ko,baldur-myth-shadow-tragic,Mythology,magazine,magazine,,,0
src/content/blog/ko/baridegi-myth-healer-transformation.mdx,ko,baridegi-myth-healer-transformation,Mythology,magazine,magazine,,,0
src/content/blog/ko/base-rate-neglect-probability.mdx,ko,base-rate-neglect-probability,Mind & Psychology,magazine,magazine,,,0
src/content/blog/ko/bedroom-mirrors-sleep-quality.mdx,ko,bedroom-mirrors-sleep-quality,Mysticism,magazine,magazine,,,0
src/content/blog/ko/befriending-anxiety-science.mdx,ko,befriending-anxiety-science,Mind & Psychology,magazine,magazine,,,0
src/content/blog/ko/ben-franklin-effect-favors.mdx,ko,ben-franklin-effect-favors,Mind & Psychology,magazine,magazine,,,0
src/content/blog/ko/biology-autophagy-cellular-cleanup.mdx,ko,biology-autophagy-cellular-cleanup,Mind & Psychology,magazine,magazine,,,0
src/content/blog/ko/birthstone-april-diamond-meaning.mdx,ko,birthstone-april-diamond-meaning,Mysticism,magazine,magazine,,,0
src/content/blog/ko/birthstone-august-peridot-meaning.mdx,ko,birthstone-august-peridot-meaning,Mysticism,magazine,magazine,,,0
src/content/blog/ko/birthstone-december-tanzanite-turquoise-meaning.mdx,ko,birthstone-december-tanzanite-turquoise-meaning,Mysticism,magazine,magazine,,,0
src/content/blog/ko/birthstone-february-amethyst-meaning.mdx,ko,birthstone-february-amethyst-meaning,Mysticism,magazine,magazine,,,0
src/content/blog/ko/birthstone-january-garnet-meaning.mdx,ko,birthstone-january-garnet-meaning,Mysticism,magazine,magazine,,,0
src/content/blog/ko/birthstone-july-ruby-meaning.mdx,ko,birthstone-july-ruby-meaning,Mysticism,magazine,magazine,,,0
src/content/blog/ko/birthstone-june-pearl-alexandrite-meaning.mdx,ko,birthstone-june-pearl-alexandrite-meaning,Mysticism,magazine,magazine,,,0
src/content/blog/ko/birthstone-march-aquamarine-meaning.mdx,ko,birthstone-march-aquamarine-meaning,Mysticism,magazine,magazine,,,0
src/content/blog/ko/birthstone-may-emerald-meaning.mdx,ko,birthstone-may-emerald-meaning,Mysticism,magazine,magazine,,,0
src/content/blog/ko/birthstone-november-topaz-citrine-meaning.mdx,ko,birthstone-november-topaz-citrine-meaning,Mysticism,magazine,magazine,,,0
src/content/blog/ko/birthstone-october-opal-tourmaline-meaning.mdx,ko,birthstone-october-opal-tourmaline-meaning,Mysticism,magazine,magazine,,,0
src/content/blog/ko/birthstone-september-sapphire-meaning.mdx,ko,birthstone-september-sapphire-meaning,Mysticism,magazine,magazine,,,0
src/content/blog/ko/black-death-pandemic-economics.mdx,ko,black-death-pandemic-economics,Myth & Culture,magazine,magazine,,,0
src/content/blog/ko/bmi-body-composition-health.mdx,ko,bmi-body-composition-health,Health,magazine,magazine,,,0
src/content/blog/ko/bmi-bodyfat-calorie-complete-guide.mdx,ko,bmi-bodyfat-calorie-complete-guide,Health,magazine,magazine,,,7
src/content/blog/ko/body-and-mind-legs.mdx,ko,body-and-mind-legs,Philosophy & Spirit,magazine,magazine,,,0
src/content/blog/ko/body-keeps-the-score-somatic.mdx,ko,body-keeps-the-score-somatic,Mind & Psychology,magazine,magazine,,,0
src/content/blog/ko/boost-brain-performance-daily-habits.mdx,ko,boost-brain-performance-daily-habits,Wellness,magazine,magazine,,,0
src/content/blog/ko/brain-energy-drugs-alcohol-mental-illness.mdx,ko,brain-energy-drugs-alcohol-mental-illness,Psychology,magazine,magazine,,,0
src/content/blog/ko/broken-windows-theory-crime.mdx,ko,broken-windows-theory-crime,Mind & Psychology,magazine,magazine,,,0
src/content/blog/ko/buddhist-void-sunyata.mdx,ko,buddhist-void-sunyata,Philosophy & Spirit,magazine,magazine,,,0
src/content/blog/ko/burnout-recovery-dopamine-reset.mdx,ko,burnout-recovery-dopamine-reset,Mind & Psychology,magazine,magazine,,,0
src/content/blog/ko/burnout-recovery-guide.mdx,ko,burnout-recovery-guide,Magazine,magazine,magazine,,,1
src/content/blog/ko/bystander-effect-apathy.mdx,ko,bystander-effect-apathy,Mind & Psychology,magazine,magazine,,,0
src/content/blog/ko/bystander-effect-social.mdx,ko,bystander-effect-social,Mind & Psychology,magazine,magazine,,,0
src/content/blog/ko/car-maintenance-guide.mdx,ko,car-maintenance-guide,Lifestyle & How-to,magazine,magazine,,,0
src/content/blog/ko/car-purchase-checklist.mdx,ko,car-purchase-checklist,Lifestyle & How-to,magazine,magazine,,,0
src/content/blog/ko/carl-jung-archetypes-psyche.mdx,ko,carl-jung-archetypes-psyche,Mind & Psychology,magazine,magazine,,,0
src/content/blog/ko/carl-jung-archetypes-self.mdx,ko,carl-jung-archetypes-self,Mind & Psychology,magazine,magazine,,,0
src/content/blog/ko/cassandra-unbelieved-truth.mdx,ko,cassandra-unbelieved-truth,Myth & Culture,magazine,magazine,,,0
src/content/blog/ko/causes-of-mental-illness.mdx,ko,causes-of-mental-illness,Psychology,magazine,magazine,,,0
src/content/blog/ko/cbt-cognitive-behavioral-therapy-guide.mdx,ko,cbt-cognitive-behavioral-therapy-guide,Mind & Psychology,magazine,magazine,,,0
src/content/blog/ko/cbt-essentials-rewiring-mind.mdx,ko,cbt-essentials-rewiring-mind,Mind & Psychology,magazine,magazine,,,0
src/content/blog/ko/celtic-tree-signs.mdx,ko,celtic-tree-signs,Myth & Culture,magazine,magazine,,,0
src/content/blog/ko/change-blindness-perception.mdx,ko,change-blindness-perception,Mind & Psychology,magazine,magazine,,,0
src/content/blog/ko/choosing-people-choosing-future.mdx,ko,choosing-people-choosing-future,Philosophy & Spirit,magazine,magazine,,,0
src/content/blog/ko/choosing-who-to-keep.mdx,ko,choosing-who-to-keep,Philosophy & Spirit,magazine,magazine,,,0
src/content/blog/ko/chronotypes-sleep-biology-optimization.mdx,ko,chronotypes-sleep-biology-optimization,Mind & Psychology,magazine,magazine,,,0
src/content/blog/ko/circadian-rhythm-alignment.mdx,ko,circadian-rhythm-alignment,Lifestyle & Growth,magazine,magazine,,,0
src/content/blog/ko/circadian-rhythm-hormone-guide.mdx,ko,circadian-rhythm-hormone-guide,Health,magazine,magazine,,,5
src/content/blog/ko/cobra-effect-incentives.mdx,ko,cobra-effect-incentives,Mind & Psychology,magazine,magazine,,,0
src/content/blog/ko/cognitive-dissonance-beliefs.mdx,ko,cognitive-dissonance-beliefs,Mind & Psychology,magazine,magazine,,,0
src/content/blog/ko/cognitive-dissonance-self-justification-truth.mdx,ko,cognitive-dissonance-self-justification-truth,Mind & Psychology,magazine,magazine,,,0
src/content/blog/ko/cognitive-dissonance-truth.mdx,ko,cognitive-dissonance-truth,Mind & Psychology,magazine,magazine,,,0
src/content/blog/ko/cognitive-load-management.mdx,ko,cognitive-load-management,Psychology & Productivity,magazine,magazine,,,0
src/content/blog/ko/collective-trauma-to-growth.mdx,ko,collective-trauma-to-growth,Mind & Psychology,magazine,magazine,,,0
src/content/blog/ko/collective-unconscious-archetypes-history.mdx,ko,collective-unconscious-archetypes-history,Mind & Psychology,magazine,magazine,,,0
src/content/blog/ko/collective-unconscious-archetypes.mdx,ko,collective-unconscious-archetypes,Mind & Psychology,magazine,magazine,,,0
src/content/blog/ko/color-palette-extraction-nature.mdx,ko,color-palette-extraction-nature,Design,magazine,magazine,,,0
src/content/blog/ko/commanding-position-desk-bed.mdx,ko,commanding-position-desk-bed,Mysticism,magazine,magazine,,,0
src/content/blog/ko/common-pathway-of-mental-illness.mdx,ko,common-pathway-of-mental-illness,Psychology,magazine,magazine,,,0
src/content/blog/ko/communication-style-psychology.mdx,ko,communication-style-psychology,Magazine,magazine,magazine,,,1
src/content/blog/ko/composite-charts-third-energy.mdx,ko,composite-charts-third-energy,Philosophy & Spirit,magazine,magazine,,,0
src/content/blog/ko/confirmation-bias-cherry-picking.mdx,ko,confirmation-bias-cherry-picking,Mind & Psychology,magazine,magazine,,,0
src/content/blog/ko/conflict-resolution-styles.mdx,ko,conflict-resolution-styles,Magazine,magazine,magazine,,,1
src/content/blog/ko/conflict-response-styles.mdx,ko,conflict-response-styles,Psychology,magazine,magazine,,,0
src/content/blog/ko/confucianism-hierarchy-respect.mdx,ko,confucianism-hierarchy-respect,Philosophy & Spirit,magazine,magazine,,,0
src/content/blog/ko/connection-physical-mental-health.mdx,ko,connection-physical-mental-health,Psychology,magazine,magazine,,,0
src/content/blog/ko/conquering-nightmares-rewrite.mdx,ko,conquering-nightmares-rewrite,Mysticism,magazine,magazine,,,0
src/content/blog/ko/conscious-uncoupling-boundaries.mdx,ko,conscious-uncoupling-boundaries,Philosophy & Spirit,magazine,magazine,,,0
src/content/blog/ko/consciousness-hard-problem.mdx,ko,consciousness-hard-problem,Lifestyle & Growth,magazine,magazine,,,0
src/content/blog/ko/cosmic-dance-orbits-time.mdx,ko,cosmic-dance-orbits-time,Lifestyle & Growth,magazine,magazine,,,0
src/content/blog/ko/courage-to-protect-myself.mdx,ko,courage-to-protect-myself,Philosophy & Spirit,magazine,magazine,,,0
src/content/blog/ko/court-cards-people-archetypes.mdx,ko,court-cards-people-archetypes,Mysticism,magazine,magazine,,,0
src/content/blog/ko/creation-myth-east-west-worldviews.mdx,ko,creation-myth-east-west-worldviews,Mythology,magazine,magazine,,,0
src/content/blog/ko/curse-of-knowledge-communication.mdx,ko,curse-of-knowledge-communication,Mind & Psychology,magazine,magazine,,,0
src/content/blog/ko/daewoon-10-year-cycle-seasons.mdx,ko,daewoon-10-year-cycle-seasons,Mysticism,magazine,magazine,,,0
src/content/blog/ko/dangun-myth-idealized-objects.mdx,ko,dangun-myth-idealized-objects,Mythology,magazine,magazine,,,0
src/content/blog/ko/dark-psychology-survival-guide.mdx,ko,dark-psychology-survival-guide,Psychology,magazine,magazine,,,0
src/content/blog/ko/dark-triad-human-nature-shadow.mdx,ko,dark-triad-human-nature-shadow,Mind & Psychology,magazine,magazine,,,0
src/content/blog/ko/dday-goal-setting-guide.mdx,ko,dday-goal-setting-guide,Lifestyle,magazine,magazine,,,5
src/content/blog/ko/death-anxiety-existentialism.mdx,ko,death-anxiety-existentialism,Philosophy & Spirit,magazine,magazine,,,0
src/content/blog/ko/debate-essay-activities.mdx,ko,debate-essay-activities,Lifestyle & Growth,magazine,magazine,,,0
src/content/blog/ko/decision-fatigue-willpower.mdx,ko,decision-fatigue-willpower,Mind & Psychology,magazine,magazine,,,0
src/content/blog/ko/decoy-effect-marketing.mdx,ko,decoy-effect-marketing,Mind & Psychology,magazine,magazine,,,0
src/content/blog/ko/deep-work-focus-distraction-mastery.mdx,ko,deep-work-focus-distraction-mastery,Lifestyle & Growth,magazine,magazine,,,0
src/content/blog/ko/delayed-gratification-marshmallow.mdx,ko,delayed-gratification-marshmallow,Mind & Psychology,magazine,magazine,,,0
src/content/blog/ko/deliberate-practice-skill.mdx,ko,deliberate-practice-skill,Mind & Psychology,magazine,magazine,,,0
src/content/blog/ko/depression-anxiety-complete-guide.mdx,ko,depression-anxiety-complete-guide,Psychology,magazine,magazine,,,4
src/content/blog/ko/digital-detox-deep-work.mdx,ko,digital-detox-deep-work,Lifestyle,magazine,magazine,,,0
src/content/blog/ko/digital-minimalism-cal-newport-focus.mdx,ko,digital-minimalism-cal-newport-focus,Lifestyle & Growth,magazine,magazine,,,0
src/content/blog/ko/digital-narcissism-selfie.mdx,ko,digital-narcissism-selfie,Mind & Psychology,magazine,magazine,,,0
src/content/blog/ko/disc-personality-workplace-guide.mdx,ko,disc-personality-workplace-guide,Psychology,magazine,magazine,,,6
src/content/blog/ko/dog-vision-spectrum-perspective.mdx,ko,dog-vision-spectrum-perspective,Culture,magazine,magazine,,,0
src/content/blog/ko/dohwa-sal-peach-blossom-attraction.mdx,ko,dohwa-sal-peach-blossom-attraction,Mysticism,magazine,magazine,,,0
src/content/blog/ko/dokkaebi-wealth-mischief.mdx,ko,dokkaebi-wealth-mischief,Myth & Culture,magazine,magazine,,,0
src/content/blog/ko/dont-postpone-yourself.mdx,ko,dont-postpone-yourself,Philosophy & Spirit,magazine,magazine,,,0
src/content/blog/ko/door-in-the-face-influence.mdx,ko,door-in-the-face-influence,Mind & Psychology,magazine,magazine,,,0
src/content/blog/ko/dopamine-fasting-digital-detox.mdx,ko,dopamine-fasting-digital-detox,Mind & Psychology,magazine,magazine,,,0
src/content/blog/ko/dopamine-fasting-focus.mdx,ko,dopamine-fasting-focus,Mind & Psychology,magazine,magazine,,,0
src/content/blog/ko/dream-interpretation-taemong.mdx,ko,dream-interpretation-taemong,Myth & Culture,magazine,magazine,,,0
src/content/blog/ko/dream-symbols-flying-falling-meaning.mdx,ko,dream-symbols-flying-falling-meaning,Mysticism,magazine,magazine,,,0
src/content/blog/ko/dunbars-number-social-limit.mdx,ko,dunbars-number-social-limit,Mind & Psychology,magazine,magazine,,,0
src/content/blog/ko/dunbars-number-social.mdx,ko,dunbars-number-social,Mind & Psychology,magazine,magazine,,,0
src/content/blog/ko/dunning-kruger-effect-competence.mdx,ko,dunning-kruger-effect-competence,Mind & Psychology,magazine,magazine,,,0
src/content/blog/ko/earthly-branches-animal-archetypes.mdx,ko,earthly-branches-animal-archetypes,Mysticism,magazine,magazine,,,0
src/content/blog/ko/education-anthropology-ch1.mdx,ko,education-anthropology-ch1,Humanities,education,magazine,,,0
src/content/blog/ko/education-anthropology-ch2.mdx,ko,education-anthropology-ch2,Social Science,education,magazine,,,0
src/content/blog/ko/education-anthropology-ch3.mdx,ko,education-anthropology-ch3,Social Science,education,magazine,,,0
src/content/blog/ko/education-architecture-ch1.mdx,ko,education-architecture-ch1,Engineering,education,magazine,,,0
src/content/blog/ko/education-architecture-ch2.mdx,ko,education-architecture-ch2,Engineering,education,magazine,,,0
src/content/blog/ko/education-architecture-ch3.mdx,ko,education-architecture-ch3,Engineering,education,magazine,,,0
src/content/blog/ko/education-architecture-ch4.mdx,ko,education-architecture-ch4,Engineering,education,magazine,,,0
src/content/blog/ko/education-behavioral-economics-ch2.mdx,ko,education-behavioral-economics-ch2,Social Science,education,magazine,,,0
src/content/blog/ko/education-behavioral-economics-ch3.mdx,ko,education-behavioral-economics-ch3,Social Science,education,magazine,,,0
src/content/blog/ko/education-behavioral-economics-ch4.mdx,ko,education-behavioral-economics-ch4,Social Science,education,magazine,,,0
src/content/blog/ko/education-biology-ch1.mdx,ko,education-biology-ch1,Science,education,magazine,,,0
src/content/blog/ko/education-biology-ch2.mdx,ko,education-biology-ch2,Natural Science,education,magazine,,,0
src/content/blog/ko/education-biology-ch3.mdx,ko,education-biology-ch3,Natural Science,education,magazine,,,0
src/content/blog/ko/education-biology-ch4.mdx,ko,education-biology-ch4,Natural Science,education,magazine,,,0
src/content/blog/ko/education-calculus-ch1.mdx,ko,education-calculus-ch1,Mathematics,education,magazine,,,0
src/content/blog/ko/education-calculus-ch2.mdx,ko,education-calculus-ch2,Mathematics,education,magazine,,,0
src/content/blog/ko/education-calculus-ch3.mdx,ko,education-calculus-ch3,Mathematics,education,magazine,,,0
src/content/blog/ko/education-calculus-ch4.mdx,ko,education-calculus-ch4,Mathematics,education,magazine,,,0
src/content/blog/ko/education-chemistry-ch1.mdx,ko,education-chemistry-ch1,Science,education,magazine,,,0
src/content/blog/ko/education-chemistry-ch2.mdx,ko,education-chemistry-ch2,Natural Science,education,magazine,,,0
src/content/blog/ko/education-chemistry-ch3.mdx,ko,education-chemistry-ch3,Natural Science,education,magazine,,,0
src/content/blog/ko/education-chemistry-ch4.mdx,ko,education-chemistry-ch4,Natural Science,education,magazine,,,0
src/content/blog/ko/education-cognitive-science-ch1.mdx,ko,education-cognitive-science-ch1,Natural Science,education,magazine,,,0
src/content/blog/ko/education-cognitive-science-ch2.mdx,ko,education-cognitive-science-ch2,Natural Science,education,magazine,,,0
src/content/blog/ko/education-cognitive-science-ch3.mdx,ko,education-cognitive-science-ch3,Natural Science,education,magazine,,,0
src/content/blog/ko/education-communication-studies-ch1.mdx,ko,education-communication-studies-ch1,Social Science,education,magazine,,,0
src/content/blog/ko/education-communication-studies-ch2.mdx,ko,education-communication-studies-ch2,Social Science,education,magazine,,,0
src/content/blog/ko/education-communication-studies-ch3.mdx,ko,education-communication-studies-ch3,Social Science,education,magazine,,,0
src/content/blog/ko/education-communication-studies-ch4.mdx,ko,education-communication-studies-ch4,Social Science,education,magazine,,,0
src/content/blog/ko/education-computer-networks-ch4.mdx,ko,education-computer-networks-ch4,Engineering,education,magazine,,,0
src/content/blog/ko/education-database-ch4.mdx,ko,education-database-ch4,Engineering,education,magazine,,,0
src/content/blog/ko/education-deep-learning-ch4.mdx,ko,education-deep-learning-ch4,Engineering,education,magazine,,,0
src/content/blog/ko/education-early-childhood-education-ch1.mdx,ko,education-early-childhood-education-ch1,Education,education,magazine,,,0
src/content/blog/ko/education-early-childhood-education-ch2.mdx,ko,education-early-childhood-education-ch2,Education,education,magazine,,,0
src/content/blog/ko/education-early-childhood-education-ch3.mdx,ko,education-early-childhood-education-ch3,Education,education,magazine,,,0
src/content/blog/ko/education-early-childhood-education-ch4.mdx,ko,education-early-childhood-education-ch4,Education,education,magazine,,,0
src/content/blog/ko/education-earth-science-ch1.mdx,ko,education-earth-science-ch1,Natural Science,education,magazine,,,0
src/content/blog/ko/education-earth-science-ch2.mdx,ko,education-earth-science-ch2,Natural Science,education,magazine,,,0
src/content/blog/ko/education-earth-science-ch3.mdx,ko,education-earth-science-ch3,Natural Science,education,magazine,,,0
src/content/blog/ko/education-economics-math-ch1.mdx,ko,education-economics-math-ch1,Mathematics,education,magazine,,,0
src/content/blog/ko/education-economics-math-ch2.mdx,ko,education-economics-math-ch2,Mathematics,education,magazine,,,0
src/content/blog/ko/education-economics-math-ch3.mdx,ko,education-economics-math-ch3,Mathematics,education,magazine,,,0
src/content/blog/ko/education-education-studies-ch1.mdx,ko,education-education-studies-ch1,Education,education,magazine,,,0
src/content/blog/ko/education-education-studies-ch2.mdx,ko,education-education-studies-ch2,Education,education,magazine,,,0
src/content/blog/ko/education-education-studies-ch3.mdx,ko,education-education-studies-ch3,Education,education,magazine,,,0
src/content/blog/ko/education-education-studies-ch4.mdx,ko,education-education-studies-ch4,Education,education,magazine,,,0
src/content/blog/ko/education-environmental-science-ch1.mdx,ko,education-environmental-science-ch1,Natural Science,education,magazine,,,0
src/content/blog/ko/education-environmental-science-ch2.mdx,ko,education-environmental-science-ch2,Science,education,magazine,,,0
src/content/blog/ko/education-environmental-science-ch3.mdx,ko,education-environmental-science-ch3,Natural Science,education,magazine,,,0
src/content/blog/ko/education-environmental-science-ch4.mdx,ko,education-environmental-science-ch4,Natural Science,education,magazine,,,0
src/content/blog/ko/education-food-nutrition-ch1.mdx,ko,education-food-nutrition-ch1,Health,education,magazine,,,0
src/content/blog/ko/education-food-nutrition-ch2.mdx,ko,education-food-nutrition-ch2,Health,education,magazine,,,0
src/content/blog/ko/education-food-nutrition-ch3.mdx,ko,education-food-nutrition-ch3,Health,education,magazine,,,0
src/content/blog/ko/education-food-nutrition-ch4.mdx,ko,education-food-nutrition-ch4,Health,education,magazine,,,0
src/content/blog/ko/education-game-theory-ch6.mdx,ko,education-game-theory-ch6,Social Science,education,magazine,,,0
src/content/blog/ko/education-genetics-ch1.mdx,ko,education-genetics-ch1,Natural Science,education,magazine,,,0
src/content/blog/ko/education-genetics-ch2.mdx,ko,education-genetics-ch2,Natural Science,education,magazine,,,0
src/content/blog/ko/education-genetics-ch3.mdx,ko,education-genetics-ch3,Natural Science,education,magazine,,,0
src/content/blog/ko/education-geography-ch1.mdx,ko,education-geography-ch1,Social Science,education,magazine,,,0
src/content/blog/ko/education-geography-ch2.mdx,ko,education-geography-ch2,Social Science,education,magazine,,,0
src/content/blog/ko/education-geology-ch1.mdx,ko,education-geology-ch1,Natural Science,education,magazine,,,0
src/content/blog/ko/education-geology-ch2.mdx,ko,education-geology-ch2,Natural Science,education,magazine,,,0
src/content/blog/ko/education-international-business-ch2.mdx,ko,education-international-business-ch2,Social Science,education,magazine,,,0
src/content/blog/ko/education-international-business-ch3.mdx,ko,education-international-business-ch3,Social Science,education,magazine,,,0
src/content/blog/ko/education-international-relations-ch1.mdx,ko,education-international-relations-ch1,Social Science,education,magazine,,,0
src/content/blog/ko/education-international-relations-ch2.mdx,ko,education-international-relations-ch2,Social Science,education,magazine,,,0
src/content/blog/ko/education-international-relations-ch3.mdx,ko,education-international-relations-ch3,Social Science,education,magazine,,,0
src/content/blog/ko/education-international-relations-ch4.mdx,ko,education-international-relations-ch4,Social Science,education,magazine,,,0
src/content/blog/ko/education-law-introduction-ch1.mdx,ko,education-law-introduction-ch1,Social Science,education,magazine,,,0
src/content/blog/ko/education-law-introduction-ch2.mdx,ko,education-law-introduction-ch2,Social Science,education,magazine,,,0
src/content/blog/ko/education-law-introduction-ch3.mdx,ko,education-law-introduction-ch3,Social Science,education,magazine,,,0
src/content/blog/ko/education-law-introduction-ch4.mdx,ko,education-law-introduction-ch4,Social Science,education,magazine,,,0
src/content/blog/ko/education-linear-algebra-ch1.mdx,ko,education-linear-algebra-ch1,Mathematics,education,magazine,,,0
src/content/blog/ko/education-linear-algebra-ch2.mdx,ko,education-linear-algebra-ch2,Mathematics,education,magazine,,,0
src/content/blog/ko/education-linear-algebra-ch3.mdx,ko,education-linear-algebra-ch3,Mathematics,education,magazine,,,0
src/content/blog/ko/education-linear-algebra-ch4.mdx,ko,education-linear-algebra-ch4,Mathematics,education,magazine,,,0
src/content/blog/ko/education-linguistics-ch1.mdx,ko,education-linguistics-ch1,Liberal Arts,education,magazine,,,0
src/content/blog/ko/education-linguistics-ch2.mdx,ko,education-linguistics-ch2,Humanities,education,magazine,,,0
src/content/blog/ko/education-linguistics-ch3.mdx,ko,education-linguistics-ch3,Humanities,education,magazine,,,0
src/content/blog/ko/education-linguistics-ch4.mdx,ko,education-linguistics-ch4,Humanities,education,magazine,,,0
src/content/blog/ko/education-marketing-ch2.mdx,ko,education-marketing-ch2,Social Science,education,magazine,,,0
src/content/blog/ko/education-marketing-ch3.mdx,ko,education-marketing-ch3,Social Science,education,magazine,,,0
src/content/blog/ko/education-marketing-ch4.mdx,ko,education-marketing-ch4,Social Science,education,magazine,,,0
src/content/blog/ko/education-medical-introduction-ch1.mdx,ko,education-medical-introduction-ch1,Health,education,magazine,,,0
src/content/blog/ko/education-medical-introduction-ch2.mdx,ko,education-medical-introduction-ch2,Health,education,magazine,,,0
src/content/blog/ko/education-medical-introduction-ch3.mdx,ko,education-medical-introduction-ch3,Health,education,magazine,,,0
src/content/blog/ko/education-medical-introduction-ch4.mdx,ko,education-medical-introduction-ch4,Health,education,magazine,,,0
src/content/blog/ko/education-microbiology-ch1.mdx,ko,education-microbiology-ch1,Natural Science,education,magazine,,,0
src/content/blog/ko/education-negotiation-ch6.mdx,ko,education-negotiation-ch6,Social Science,education,magazine,,,0
src/content/blog/ko/education-operating-systems-ch4.mdx,ko,education-operating-systems-ch4,Engineering,education,magazine,,,0
src/content/blog/ko/education-operations-management-ch2.mdx,ko,education-operations-management-ch2,Social Science,education,magazine,,,0
src/content/blog/ko/education-operations-management-ch3.mdx,ko,education-operations-management-ch3,Social Science,education,magazine,,,0
src/content/blog/ko/education-operations-management-ch4.mdx,ko,education-operations-management-ch4,Social Science,education,magazine,,,0
src/content/blog/ko/education-philosophy-ch1.mdx,ko,education-philosophy-ch1,Liberal Arts,education,magazine,,,0
src/content/blog/ko/education-philosophy-ch2.mdx,ko,education-philosophy-ch2,Liberal Arts,education,magazine,,,0
src/content/blog/ko/education-philosophy-ch3.mdx,ko,education-philosophy-ch3,Humanities,education,magazine,,,0
src/content/blog/ko/education-philosophy-ch4.mdx,ko,education-philosophy-ch4,Humanities,education,magazine,,,0
src/content/blog/ko/education-physics-ch1.mdx,ko,education-physics-ch1,Science,education,magazine,,,0
src/content/blog/ko/education-physics-ch2.mdx,ko,education-physics-ch2,Science,education,magazine,,,0
src/content/blog/ko/education-physics-ch3.mdx,ko,education-physics-ch3,Natural Science,education,magazine,,,0
src/content/blog/ko/education-physics-ch4.mdx,ko,education-physics-ch4,Natural Science,education,magazine,,,0
src/content/blog/ko/education-political-science-ch1.mdx,ko,education-political-science-ch1,Social Science,education,magazine,,,0
src/content/blog/ko/education-political-science-ch2.mdx,ko,education-political-science-ch2,Social Science,education,magazine,,,0
src/content/blog/ko/education-political-science-ch3.mdx,ko,education-political-science-ch3,Social Science,education,magazine,,,0
src/content/blog/ko/education-political-science-ch4.mdx,ko,education-political-science-ch4,Social Science,education,magazine,,,0
src/content/blog/ko/education-social-welfare-studies-ch1.mdx,ko,education-social-welfare-studies-ch1,Social Science,education,magazine,,,0
src/content/blog/ko/education-social-welfare-studies-ch2.mdx,ko,education-social-welfare-studies-ch2,Social Science,education,magazine,,,0
src/content/blog/ko/education-social-welfare-studies-ch3.mdx,ko,education-social-welfare-studies-ch3,Social Science,education,magazine,,,0
src/content/blog/ko/education-social-welfare-studies-ch4.mdx,ko,education-social-welfare-studies-ch4,Social Science,education,magazine,,,0
src/content/blog/ko/education-sociology-ch1.mdx,ko,education-sociology-ch1,Social Science,education,magazine,,,0
src/content/blog/ko/education-sociology-ch2.mdx,ko,education-sociology-ch2,Social Science,education,magazine,,,0
src/content/blog/ko/education-sociology-ch3.mdx,ko,education-sociology-ch3,Social Science,education,magazine,,,0
src/content/blog/ko/education-sociology-ch4.mdx,ko,education-sociology-ch4,Social Science,education,magazine,,,0
src/content/blog/ko/education-sociology-ch5.mdx,ko,education-sociology-ch5,Social Science,education,magazine,,,0
src/content/blog/ko/education-sociology-ch6.mdx,ko,education-sociology-ch6,Social Science,education,magazine,,,0
src/content/blog/ko/education-software-engineering-ch4.mdx,ko,education-software-engineering-ch4,Engineering,education,magazine,,,0
src/content/blog/ko/education-sports-science-ch1.mdx,ko,education-sports-science-ch1,Health,education,magazine,,,0
src/content/blog/ko/education-sports-science-ch2.mdx,ko,education-sports-science-ch2,Health,education,magazine,,,0
src/content/blog/ko/education-sports-science-ch3.mdx,ko,education-sports-science-ch3,Health,education,magazine,,,0
src/content/blog/ko/education-sports-science-ch4.mdx,ko,education-sports-science-ch4,Health,education,magazine,,,0
src/content/blog/ko/education-strategic-management-ch3.mdx,ko,education-strategic-management-ch3,Social Science,education,magazine,,,0
src/content/blog/ko/education-strategic-management-ch4.mdx,ko,education-strategic-management-ch4,Social Science,education,magazine,,,0
src/content/blog/ko/education-urban-planning-ch1.mdx,ko,education-urban-planning-ch1,Engineering,education,magazine,,,0
src/content/blog/ko/education-urban-planning-ch2.mdx,ko,education-urban-planning-ch2,Engineering,education,magazine,,,0
src/content/blog/ko/education-urban-planning-ch3.mdx,ko,education-urban-planning-ch3,Engineering,education,magazine,,,0
src/content/blog/ko/education-urban-planning-ch4.mdx,ko,education-urban-planning-ch4,Social Science,education,magazine,,,0
src/content/blog/ko/egocentric-bias-perspective.mdx,ko,egocentric-bias-perspective,Mind & Psychology,magazine,magazine,,,0
src/content/blog/ko/egogram-personality-guide.mdx,ko,egogram-personality-guide,Psychology,magazine,magazine,,,5
src/content/blog/ko/egyptian-mythology-osiris-rebirth-cycles.mdx,ko,egyptian-mythology-osiris-rebirth-cycles,Mythology,magazine,magazine,,,0
src/content/blog/ko/egyptian-neteru.mdx,ko,egyptian-neteru,Myth & Culture,magazine,magazine,,,0
src/content/blog/ko/emotional-intelligence-guide.mdx,ko,emotional-intelligence-guide,Psychology,magazine,magazine,,,7
src/content/blog/ko/emotional-intelligence-workplace.mdx,ko,emotional-intelligence-workplace,Mind & Psychology,magazine,magazine,,,0
src/content/blog/ko/empathy-compassion-guide.mdx,ko,empathy-compassion-guide,Psychology,magazine,magazine,,,4
src/content/blog/ko/empathy-types-and-boundaries.mdx,ko,empathy-types-and-boundaries,Magazine,magazine,magazine,,,1
src/content/blog/ko/emphasis-via-inversion.mdx,ko,emphasis-via-inversion,Education & Language,magazine,magazine,,,0
src/content/blog/ko/endowment-effect-ownership.mdx,ko,endowment-effect-ownership,Mind & Psychology,magazine,magazine,,,0
src/content/blog/ko/energy-of-relationships.mdx,ko,energy-of-relationships,Philosophy & Spirit,magazine,magazine,,,0
src/content/blog/ko/enneagram-nine-peacemaker-path.mdx,ko,enneagram-nine-peacemaker-path,Mind & Psychology,magazine,magazine,,,0
src/content/blog/ko/enneagram-wings-instincts-deep.mdx,ko,enneagram-wings-instincts-deep,Mysticism,magazine,magazine,,,0
src/content/blog/ko/entrance-wealth-luck.mdx,ko,entrance-wealth-luck,Mysticism,magazine,magazine,,,0
src/content/blog/ko/entropy-order-chaos-life-metaphor.mdx,ko,entropy-order-chaos-life-metaphor,Lifestyle & Growth,magazine,magazine,,,0
src/content/blog/ko/entropy-thermodynamics-decay.mdx,ko,entropy-thermodynamics-decay,Lifestyle & Growth,magazine,magazine,,,0
src/content/blog/ko/epigenetics-ancestral-memory.mdx,ko,epigenetics-ancestral-memory,Mind & Psychology,magazine,magazine,,,0
src/content/blog/ko/epigenetics-ghost-in-your-genes.mdx,ko,epigenetics-ghost-in-your-genes,Mind & Psychology,magazine,magazine,,,0
src/content/blog/ko/epigenetics-trauma-inheritance.mdx,ko,epigenetics-trauma-inheritance,Lifestyle & Growth,magazine,magazine,,,0
src/content/blog/ko/eros-psyche-myth-integration.mdx,ko,eros-psyche-myth-integration,Mythology,magazine,magazine,,,0
src/content/blog/ko/evil-eye-envy-protection.mdx,ko,evil-eye-envy-protection,Myth & Culture,magazine,magazine,,,0
src/content/blog/ko/evolution-survival-friendliest.mdx,ko,evolution-survival-friendliest,Lifestyle & Growth,magazine,magazine,,,0
src/content/blog/ko/evolving-self-saju-mbti.mdx,ko,evolving-self-saju-mbti,Mysticism,magazine,magazine,,,0
src/content/blog/ko/exercise-metabolic-effects.mdx,ko,exercise-metabolic-effects,Mind & Psychology,magazine,magazine,,,0
src/content/blog/ko/existence-of-interpretation.mdx,ko,existence-of-interpretation,Philosophy & Spirit,magazine,magazine,,,0
src/content/blog/ko/existing-treatments-brain-energy.mdx,ko,existing-treatments-brain-energy,Mind & Psychology,magazine,magazine,,,0
src/content/blog/ko/explaining-activities.mdx,ko,explaining-activities,Lifestyle & Growth,magazine,magazine,,,0
src/content/blog/ko/explaining-brain-energy-theory.mdx,ko,explaining-brain-energy-theory,Mind & Psychology,magazine,magazine,,,0
src/content/blog/ko/factors-of-mental-health.mdx,ko,factors-of-mental-health,Psychology,magazine,magazine,,,0
src/content/blog/ko/facts-vs-interpretation.mdx,ko,facts-vs-interpretation,Philosophy & Spirit,magazine,magazine,,,0
src/content/blog/ko/fall-of-rome-modern-parallels.mdx,ko,fall-of-rome-modern-parallels,Myth & Culture,magazine,magazine,,,0
src/content/blog/ko/false-consensus-effect-bias.mdx,ko,false-consensus-effect-bias,Mind & Psychology,magazine,magazine,,,0
src/content/blog/ko/feng-shui-modern-living-energy.mdx,ko,feng-shui-modern-living-energy,Mysticism,magazine,magazine,,,0
src/content/blog/ko/finding-balance-yongshin.mdx,ko,finding-balance-yongshin,Mysticism,magazine,magazine,,,0
src/content/blog/ko/finding-causes-and-solutions.mdx,ko,finding-causes-and-solutions,Mind & Psychology,magazine,magazine,,,0
src/content/blog/ko/five-love-languages-connection.mdx,ko,five-love-languages-connection,Mind & Psychology,magazine,magazine,,,0
src/content/blog/ko/fix-poor-posture-easy-methods.mdx,ko,fix-poor-posture-easy-methods,Wellness,magazine,magazine,,,0
src/content/blog/ko/flow-state-happiness-psychology.mdx,ko,flow-state-happiness-psychology,Psychology,magazine,magazine,,,0
src/content/blog/ko/flow-state-optimal-experience-psychology.mdx,ko,flow-state-optimal-experience-psychology,Psychology,magazine,magazine,,,0
src/content/blog/ko/flow-state-optimal-experience.mdx,ko,flow-state-optimal-experience,Mind & Psychology,magazine,magazine,,,0
src/content/blog/ko/fluid-factors-of-growth.mdx,ko,fluid-factors-of-growth,Mind & Psychology,magazine,magazine,,,0
src/content/blog/ko/focus-on-person-not-object.mdx,ko,focus-on-person-not-object,Philosophy & Spirit,magazine,magazine,,,0
src/content/blog/ko/focus-on-yourself.mdx,ko,focus-on-yourself,Philosophy & Spirit,magazine,magazine,,,0
src/content/blog/ko/follower-count-not-trust.mdx,ko,follower-count-not-trust,Philosophy & Spirit,magazine,magazine,,,0
src/content/blog/ko/food-revolution.mdx,ko,food-revolution,Lifestyle & Growth,magazine,magazine,,,0
src/content/blog/ko/foot-in-the-door-influence.mdx,ko,foot-in-the-door-influence,Mind & Psychology,magazine,magazine,,,0
src/content/blog/ko/fortune-2026-blood-type-annual.mdx,ko,fortune-2026-blood-type-annual,Fortune & Spirituality,magazine,magazine,,,0
src/content/blog/ko/fortune-2026-chinese-zodiac-annual.mdx,ko,fortune-2026-chinese-zodiac-annual,Fortune & Spirituality,magazine,magazine,,,0
src/content/blog/ko/fortune-2026-saju-annual.mdx,ko,fortune-2026-saju-annual,Fortune & Spirituality,magazine,magazine,,,0
src/content/blog/ko/fortune-2026-zodiac-annual.mdx,ko,fortune-2026-zodiac-annual,Fortune & Spirituality,magazine,magazine,,,0
src/content/blog/ko/fortune-blood-type-psychology.mdx,ko,fortune-blood-type-psychology,Mind & Psychology,magazine,magazine,,,0
src/content/blog/ko/fortune-dream-interpretation-guide.mdx,ko,fortune-dream-interpretation-guide,Mind & Psychology,magazine,magazine,,,0
src/content/blog/ko/fortune-numerology-complete-guide.mdx,ko,fortune-numerology-complete-guide,Fortune & Spirituality,magazine,magazine,,,0
src/content/blog/ko/fortune-saju-complete-guide.mdx,ko,fortune-saju-complete-guide,Fortune & Spirituality,magazine,magazine,,,0
src/content/blog/ko/fortune-tarot-78-cards-guide.mdx,ko,fortune-tarot-78-cards-guide,Fortune & Spirituality,magazine,magazine,,,0
src/content/blog/ko/foundation-01-wealth.mdx,ko,foundation-01-wealth,Society & Wealth,magazine,magazine,,,2
src/content/blog/ko/fractals-chaos-theory-universal-patterns.mdx,ko,fractals-chaos-theory-universal-patterns,Lifestyle & Growth,magazine,magazine,,,0
src/content/blog/ko/framing-effect-context.mdx,ko,framing-effect-context,Mind & Psychology,magazine,magazine,,,0
src/content/blog/ko/fundamental-attribution-error-judgment.mdx,ko,fundamental-attribution-error-judgment,Psychology,magazine,magazine,,,0
src/content/blog/ko/future-in-decisions.mdx,ko,future-in-decisions,Mind & Psychology,magazine,magazine,,,0
src/content/blog/ko/future-not-hostage-to-past.mdx,ko,future-not-hostage-to-past,Philosophy & Spirit,magazine,magazine,,,0
src/content/blog/ko/gamblers-fallacy-probability.mdx,ko,gamblers-fallacy-probability,Mind & Psychology,magazine,magazine,,,0
src/content/blog/ko/game-theory-human-relationships.mdx,ko,game-theory-human-relationships,Myth & Culture,magazine,magazine,,,0
src/content/blog/ko/gaslighting-manipulation.mdx,ko,gaslighting-manipulation,Mind & Psychology,magazine,magazine,,,0
src/content/blog/ko/gaslighting-reality-distortion.mdx,ko,gaslighting-reality-distortion,Mind & Psychology,magazine,magazine,,,0
src/content/blog/ko/gift-guide-by-personality.mdx,ko,gift-guide-by-personality,Lifestyle,magazine,magazine,,,0
src/content/blog/ko/gilgamesh-arrogance-to-wisdom.mdx,ko,gilgamesh-arrogance-to-wisdom,Mind & Psychology,magazine,magazine,,,0
src/content/blog/ko/giving-up-changing-others.mdx,ko,giving-up-changing-others,Philosophy & Spirit,magazine,magazine,,,0
src/content/blog/ko/global-cultural-etiquette-guide.mdx,ko,global-cultural-etiquette-guide,Lifestyle,magazine,magazine,,,0
src/content/blog/ko/gnosticism-hidden-god.mdx,ko,gnosticism-hidden-god,Philosophy & Spirit,magazine,magazine,,,0
src/content/blog/ko/golden-ratio-nature-aesthetics.mdx,ko,golden-ratio-nature-aesthetics,Lifestyle & Growth,magazine,magazine,,,0
src/content/blog/ko/gongmang-void-emptiness.mdx,ko,gongmang-void-emptiness,Mysticism,magazine,magazine,,,0
src/content/blog/ko/grayscale-essential-aesthetics.mdx,ko,grayscale-essential-aesthetics,Design,magazine,magazine,,,0
src/content/blog/ko/greek-creation-myth-power-struggle.mdx,ko,greek-creation-myth-power-struggle,Mythology,magazine,magazine,,,0
src/content/blog/ko/groupthink-conformity.mdx,ko,groupthink-conformity,Mind & Psychology,magazine,magazine,,,0
src/content/blog/ko/growth-mindset-psychology.mdx,ko,growth-mindset-psychology,Psychology,magazine,magazine,,,0
src/content/blog/ko/gumiho-desire-taboo.mdx,ko,gumiho-desire-taboo,Myth & Culture,magazine,magazine,,,0
src/content/blog/ko/gut-brain-axis-intuition.mdx,ko,gut-brain-axis-intuition,Mind & Psychology,magazine,magazine,,,0
src/content/blog/ko/gut-brain-connection-mental-diet.mdx,ko,gut-brain-connection-mental-diet,Psychology,magazine,magazine,,,0
src/content/blog/ko/gyeokguk-theory-structure.mdx,ko,gyeokguk-theory-structure,Mysticism,magazine,magazine,,,0
src/content/blog/ko/habit-neuroplasticity.mdx,ko,habit-neuroplasticity,Science & Health,magazine,magazine,,,0
src/content/blog/ko/hades-invitation-shadow-psychology.mdx,ko,hades-invitation-shadow-psychology,Psychology,magazine,magazine,,,0
src/content/blog/ko/halo-effect-bias.mdx,ko,halo-effect-bias,Mind & Psychology,magazine,magazine,,,0
src/content/blog/ko/happiness-and-responsibility.mdx,ko,happiness-and-responsibility,Mind & Psychology,magazine,magazine,,,0
src/content/blog/ko/harmonic-charts-soul-vibration.mdx,ko,harmonic-charts-soul-vibration,Mysticism,magazine,magazine,,,0
src/content/blog/ko/havruta-types.mdx,ko,havruta-types,Lifestyle & Growth,magazine,magazine,,,0
src/content/blog/ko/healing-inner-child.mdx,ko,healing-inner-child,Mind & Psychology,magazine,magazine,,,0
src/content/blog/ko/heart-revolution.mdx,ko,heart-revolution,Philosophy & Spirit,magazine,magazine,,,0
src/content/blog/ko/heavenly-stems-deep-wisdom.mdx,ko,heavenly-stems-deep-wisdom,Mysticism,magazine,magazine,,,0
src/content/blog/ko/hedonic-treadmill-happiness.mdx,ko,hedonic-treadmill-happiness,Mind & Psychology,magazine,magazine,,,0
src/content/blog/ko/hercules-myth-madness-motherhood.mdx,ko,hercules-myth-madness-motherhood,Mythology,magazine,magazine,,,0
src/content/blog/ko/hermeticism-seven-universal-laws.mdx,ko,hermeticism-seven-universal-laws,Philosophy & Spirit,magazine,magazine,,,0
src/content/blog/ko/hero-journey-mythology.mdx,ko,hero-journey-mythology,Myth & Culture,magazine,magazine,,,0
src/content/blog/ko/hero-myth-and-national-unconscious-complexes.mdx,ko,hero-myth-and-national-unconscious-complexes,Mythology,magazine,magazine,,,0
src/content/blog/ko/hero-myth-complexes.mdx,ko,hero-myth-complexes,Mythology,magazine,magazine,,,0
src/content/blog/ko/hero-myth-through-psychoanalysis.mdx,ko,hero-myth-through-psychoanalysis,Mythology,magazine,magazine,,,0
src/content/blog/ko/heros-journey-campbell.mdx,ko,heros-journey-campbell,Myth & Culture,magazine,magazine,,,0
src/content/blog/ko/heros-journey-monomyth-archetypes.mdx,ko,heros-journey-monomyth-archetypes,Mythology,magazine,magazine,,,0
src/content/blog/ko/hicks-law-choices.mdx,ko,hicks-law-choices,Mind & Psychology,magazine,magazine,,,0
src/content/blog/ko/high-school-grad-openai-journey.mdx,ko,high-school-grad-openai-journey,Lifestyle & Growth,magazine,magazine,,,0
src/content/blog/ko/hindsight-bias-prediction.mdx,ko,hindsight-bias-prediction,Mind & Psychology,magazine,magazine,,,0
src/content/blog/ko/home-as-stage-for-happiness.mdx,ko,home-as-stage-for-happiness,Philosophy & Spirit,magazine,magazine,,,0
src/content/blog/ko/horizontal-relationships.mdx,ko,horizontal-relationships,Philosophy & Spirit,magazine,magazine,,,0
src/content/blog/ko/hormones-and-metabolic-regulators.mdx,ko,hormones-and-metabolic-regulators,Mind & Psychology,magazine,magazine,,,0
src/content/blog/ko/house-gods-seongju.mdx,ko,house-gods-seongju,Myth & Culture,magazine,magazine,,,0
src/content/blog/ko/houyi-myth-depressive-position.mdx,ko,houyi-myth-depressive-position,Mythology,magazine,magazine,,,0
src/content/blog/ko/how-to-increase-testosterone.mdx,ko,how-to-increase-testosterone,Lifestyle & Growth,magazine,magazine,,,0
src/content/blog/ko/human-design-four-types-strategy.mdx,ko,human-design-four-types-strategy,Mysticism,magazine,magazine,,,0
src/content/blog/ko/hyperbolic-discounting-bias.mdx,ko,hyperbolic-discounting-bias,Mind & Psychology,magazine,magazine,,,0
src/content/blog/ko/hyperbolic-discounting-economy.mdx,ko,hyperbolic-discounting-economy,Mind & Psychology,magazine,magazine,,,0
src/content/blog/ko/i-ching-foundations-flow-of-change.mdx,ko,i-ching-foundations-flow-of-change,Philosophy & Spirit,magazine,magazine,,,0
src/content/blog/ko/icarus-ambition-crash.mdx,ko,icarus-ambition-crash,Myth & Culture,magazine,magazine,,,0
src/content/blog/ko/ikigai-art-of-purpose.mdx,ko,ikigai-art-of-purpose,Lifestyle & Growth,magazine,magazine,,,0
src/content/blog/ko/ikigai-finding-personal-mission.mdx,ko,ikigai-finding-personal-mission,Lifestyle & Growth,magazine,magazine,,,0
src/content/blog/ko/ikigai-four-circles-purpose-finding.mdx,ko,ikigai-four-circles-purpose-finding,Lifestyle & Growth,magazine,magazine,,,0
src/content/blog/ko/ikigai-okinawa-longevity-secrets.mdx,ko,ikigai-okinawa-longevity-secrets,Lifestyle & Growth,magazine,magazine,,,0
src/content/blog/ko/ilju-daily-pillar-core-self.mdx,ko,ilju-daily-pillar-core-self,Mysticism,magazine,magazine,,,0
src/content/blog/ko/image-cropping-framing-perfection.mdx,ko,image-cropping-framing-perfection,Design,magazine,magazine,,,0
src/content/blog/ko/image-degradation-internet-archaeology.mdx,ko,image-degradation-internet-archaeology,Culture,magazine,magazine,,,0
src/content/blog/ko/imposter-syndrome-doubt.mdx,ko,imposter-syndrome-doubt,Mind & Psychology,magazine,magazine,,,0
src/content/blog/ko/imposter-syndrome-fraudulence.mdx,ko,imposter-syndrome-fraudulence,Mind & Psychology,magazine,magazine,,,0
src/content/blog/ko/individuation-process-self-realization.mdx,ko,individuation-process-self-realization,Mind & Psychology,magazine,magazine,,,0
src/content/blog/ko/industrial-revolution-alienation.mdx,ko,industrial-revolution-alienation,Myth & Culture,magazine,magazine,,,0
src/content/blog/ko/inflammation-and-brain-health.mdx,ko,inflammation-and-brain-health,Mind & Psychology,magazine,magazine,,,0
src/content/blog/ko/information-overload-paralysis.mdx,ko,information-overload-paralysis,Mind & Psychology,magazine,magazine,,,0
src/content/blog/ko/inner-child-wounded-self.mdx,ko,inner-child-wounded-self,Mind & Psychology,magazine,magazine,,,0
src/content/blog/ko/intergenerational-trauma-healing.mdx,ko,intergenerational-trauma-healing,Philosophy & Spirit,magazine,magazine,,,0
src/content/blog/ko/intergenerational-trauma.mdx,ko,intergenerational-trauma,Mind & Psychology,magazine,magazine,,,0
src/content/blog/ko/intermittent-fasting-complete-guide.mdx,ko,intermittent-fasting-complete-guide,Health,magazine,magazine,,,6
src/content/blog/ko/interpretation-vs-facts.mdx,ko,interpretation-vs-facts,Philosophy & Spirit,magazine,magazine,,,0
src/content/blog/ko/introvert-extrovert-science.mdx,ko,introvert-extrovert-science,Magazine,magazine,magazine,,,1
src/content/blog/ko/invisible-gorilla-inattentional-blindness.mdx,ko,invisible-gorilla-inattentional-blindness,Mind & Psychology,magazine,magazine,,,0
src/content/blog/ko/izanagi-izanami-myth-balance.mdx,ko,izanagi-izanami-myth-balance,Mythology,magazine,magazine,,,0
src/content/blog/ko/jumong-myth-mother-attachment.mdx,ko,jumong-myth-mother-attachment,Mythology,magazine,magazine,,,0
src/content/blog/ko/jung-alchemy-symbolism-transformation.mdx,ko,jung-alchemy-symbolism-transformation,Mind & Psychology,magazine,magazine,,,0
src/content/blog/ko/jung-shadow-psychology.mdx,ko,jung-shadow-psychology,Mind & Psychology,magazine,magazine,,,0
src/content/blog/ko/jungian-shadow-work-meeting-dark-self.mdx,ko,jungian-shadow-work-meeting-dark-self,Mind & Psychology,magazine,magazine,,,0
src/content/blog/ko/just-world-hypothesis-fairness.mdx,ko,just-world-hypothesis-fairness,Mind & Psychology,magazine,magazine,,,0
src/content/blog/ko/kabbalah-tree-of-life-archetypes.mdx,ko,kabbalah-tree-of-life-archetypes,Mysticism,magazine,magazine,,,0
src/content/blog/ko/kaizen-continuous-improvement-lifestyle.mdx,ko,kaizen-continuous-improvement-lifestyle,Lifestyle & Growth,magazine,magazine,,,0
src/content/blog/ko/karma-moral-causality.mdx,ko,karma-moral-causality,Philosophy & Spirit,magazine,magazine,,,0
src/content/blog/ko/korean-creation-myth-fear-and-hope.mdx,ko,korean-creation-myth-fear-and-hope,Mythology,magazine,magazine,,,0
src/content/blog/ko/korean-shamanism-muism.mdx,ko,korean-shamanism-muism,Myth & Culture,magazine,magazine,,,0
src/content/blog/ko/labor-rights-guide.mdx,ko,labor-rights-guide,Society & Wealth,magazine,magazine,,,0
src/content/blog/ko/law-of-triviality-bikeshedding.mdx,ko,law-of-triviality-bikeshedding,Mind & Psychology,magazine,magazine,,,0
src/content/blog/ko/leadership-styles-guide.mdx,ko,leadership-styles-guide,Magazine,magazine,magazine,,,1
src/content/blog/ko/learned-helplessness-seligman.mdx,ko,learned-helplessness-seligman,Mind & Psychology,magazine,magazine,,,0
src/content/blog/ko/learning-styles-efficiency.mdx,ko,learning-styles-efficiency,Education,magazine,magazine,,,0
src/content/blog/ko/lecture-1-ob.mdx,ko,lecture-1-ob,Society & Wealth,magazine,magazine,,,2
src/content/blog/ko/lecture-1.mdx,ko,lecture-1,Philosophy & Spirit,magazine,magazine,,,0
src/content/blog/ko/lecture-10-leadership.mdx,ko,lecture-10-leadership,Society & Wealth,magazine,magazine,,,2
src/content/blog/ko/lecture-10.mdx,ko,lecture-10,Myth & Culture,magazine,magazine,,,0
src/content/blog/ko/lecture-2-org.mdx,ko,lecture-2-org,Society & Wealth,magazine,magazine,,,2
src/content/blog/ko/lecture-2.mdx,ko,lecture-2,Society & Wealth,magazine,magazine,,,0
src/content/blog/ko/lecture-22.mdx,ko,lecture-22,Myth & Culture,magazine,magazine,,,0
src/content/blog/ko/lecture-3-hrm.mdx,ko,lecture-3-hrm,Society & Wealth,magazine,magazine,,,0
src/content/blog/ko/lecture-3.mdx,ko,lecture-3,Philosophy & Spirit,magazine,magazine,,,0
src/content/blog/ko/lecture-4-marketing.mdx,ko,lecture-4-marketing,Society & Wealth,magazine,magazine,,,0
src/content/blog/ko/lecture-4.mdx,ko,lecture-4,Mysticism,magazine,magazine,,,0
src/content/blog/ko/lecture-5-om.mdx,ko,lecture-5-om,Society & Wealth,magazine,magazine,,,0
src/content/blog/ko/lecture-5.mdx,ko,lecture-5,Philosophy & Spirit,magazine,magazine,,,0
src/content/blog/ko/lecture-6-finance.mdx,ko,lecture-6-finance,Society & Wealth,magazine,magazine,,,0
src/content/blog/ko/lecture-6.mdx,ko,lecture-6,Philosophy & Spirit,magazine,magazine,,,0
src/content/blog/ko/lecture-7-accounting.mdx,ko,lecture-7-accounting,Society & Wealth,magazine,magazine,,,0
src/content/blog/ko/lecture-8-strategy.mdx,ko,lecture-8-strategy,Society & Wealth,magazine,magazine,,,2
src/content/blog/ko/lecture-8.mdx,ko,lecture-8,Myth & Culture,magazine,magazine,,,0
src/content/blog/ko/lecture-9-innovation.mdx,ko,lecture-9-innovation,Society & Wealth,magazine,magazine,,,2
src/content/blog/ko/lecture-9.mdx,ko,lecture-9,Myth & Culture,magazine,magazine,,,0
src/content/blog/ko/life-is-a-game.mdx,ko,life-is-a-game,Philosophy & Spirit,magazine,magazine,,,0
src/content/blog/ko/life-purpose-and-people.mdx,ko,life-purpose-and-people,Philosophy & Spirit,magazine,magazine,,,0
src/content/blog/ko/life-values-and-happiness.mdx,ko,life-values-and-happiness,Magazine,magazine,magazine,,,1
src/content/blog/ko/lifestyle-3-elements.mdx,ko,lifestyle-3-elements,Mind & Psychology,magazine,magazine,,,0
src/content/blog/ko/light-shadow-duet.mdx,ko,light-shadow-duet,Philosophy & Spirit,magazine,magazine,,,0
src/content/blog/ko/lindy-effect-timeless-wisdom.mdx,ko,lindy-effect-timeless-wisdom,Myth & Culture,magazine,magazine,,,0
src/content/blog/ko/logic-chain-reasoning-syllogism.mdx,ko,logic-chain-reasoning-syllogism,Logic & Philosophy,magazine,magazine,,,0
src/content/blog/ko/logic-conditional-and-or-operators.mdx,ko,logic-conditional-and-or-operators,Logic & Philosophy,magazine,magazine,,,0
src/content/blog/ko/logic-foundations-converse.mdx,ko,logic-foundations-converse,Logic & Philosophy,magazine,magazine,,,0
src/content/blog/ko/logic-inference-patterns-guide.mdx,ko,logic-inference-patterns-guide,Logic,magazine,magazine,,,0
src/content/blog/ko/logic-proof-by-contradiction-induction.mdx,ko,logic-proof-by-contradiction-induction,Logic,magazine,magazine,,,0
src/content/blog/ko/logic-quantifiers-and-negation.mdx,ko,logic-quantifiers-and-negation,Logic,magazine,magazine,,,0
src/content/blog/ko/longevity-lifestyle-guide.mdx,ko,longevity-lifestyle-guide,Health,magazine,magazine,,,5
src/content/blog/ko/looking-glass-self-cooley.mdx,ko,looking-glass-self-cooley,Mind & Psychology,magazine,magazine,,,0
src/content/blog/ko/loss-aversion-psychology.mdx,ko,loss-aversion-psychology,Psychology,magazine,magazine,,,0
src/content/blog/ko/love-language-complete-guide.mdx,ko,love-language-complete-guide,Psychology,magazine,magazine,,,5
src/content/blog/ko/lucid-dreaming-astral-projection-consciousness.mdx,ko,lucid-dreaming-astral-projection-consciousness,Mind & Psychology,magazine,magazine,,,0
src/content/blog/ko/lucid-dreaming-astral-projection-unconscious.mdx,ko,lucid-dreaming-astral-projection-unconscious,Mind & Psychology,magazine,magazine,,,0
src/content/blog/ko/lucid-dreaming-guide-reality-check.mdx,ko,lucid-dreaming-guide-reality-check,Mysticism,magazine,magazine,,,0
src/content/blog/ko/lucifer-effect-evil-situation.mdx,ko,lucifer-effect-evil-situation,Mind & Psychology,magazine,magazine,,,0
src/content/blog/ko/ma-kwang-soo-life-advice.mdx,ko,ma-kwang-soo-life-advice,Mind & Psychology,magazine,magazine,,,0
src/content/blog/ko/machiavellianism-dark-psychology.mdx,ko,machiavellianism-dark-psychology,Psychology,magazine,magazine,,,0
src/content/blog/ko/machiavellianism-modern-workplace.mdx,ko,machiavellianism-modern-workplace,Mind & Psychology,magazine,magazine,,,0
src/content/blog/ko/magazine-3point3-vs-8point8-withholding-difference.mdx,ko,magazine-3point3-vs-8point8-withholding-difference,Magazine,magazine,magazine,,,0
src/content/blog/ko/magazine-acquisition-tax-guide.mdx,ko,magazine-acquisition-tax-guide,Magazine,magazine,magazine,,,1
src/content/blog/ko/magazine-actual-loss-insurance-guide.mdx,ko,magazine-actual-loss-insurance-guide,Money & Finance,magazine,magazine,,,0
src/content/blog/ko/magazine-adhd-workplace-guide.mdx,ko,magazine-adhd-workplace-guide,Magazine,magazine,magazine,,,0
src/content/blog/ko/magazine-ai-job-displacement-guide.mdx,ko,magazine-ai-job-displacement-guide,Magazine,magazine,magazine,,,0
src/content/blog/ko/magazine-ai-tools-productivity-guide.mdx,ko,magazine-ai-tools-productivity-guide,Magazine,magazine,magazine,,,0
src/content/blog/ko/magazine-anger-management-guide.mdx,ko,magazine-anger-management-guide,Magazine,magazine,magazine,,,0
src/content/blog/ko/magazine-anger-style-psychology.mdx,ko,magazine-anger-style-psychology,Magazine,magazine,magazine,,,1
src/content/blog/ko/magazine-antibiotics-guide.mdx,ko,magazine-antibiotics-guide,Health,magazine,magazine,,,0
src/content/blog/ko/magazine-apartment-subscription-guide.mdx,ko,magazine-apartment-subscription-guide,Magazine,magazine,magazine,,,0
src/content/blog/ko/magazine-back-pain-guide.mdx,ko,magazine-back-pain-guide,Magazine,magazine,magazine,,,0
src/content/blog/ko/magazine-baking-guide.mdx,ko,magazine-baking-guide,Magazine,magazine,magazine,,,0
src/content/blog/ko/magazine-basic-livelihood-support.mdx,ko,magazine-basic-livelihood-support,Finance,magazine,magazine,,,0
src/content/blog/ko/magazine-basic-pension-guide.mdx,ko,magazine-basic-pension-guide,Finance,magazine,magazine,,,0
src/content/blog/ko/magazine-bond-investing-guide.mdx,ko,magazine-bond-investing-guide,Magazine,magazine,magazine,,,0
src/content/blog/ko/magazine-boundary-psychology.mdx,ko,magazine-boundary-psychology,Magazine,magazine,magazine,,,1
src/content/blog/ko/magazine-budget-travel-guide.mdx,ko,magazine-budget-travel-guide,Magazine,magazine,magazine,,,0
src/content/blog/ko/magazine-burnout-guide.mdx,ko,magazine-burnout-guide,Magazine,magazine,magazine,,,0
src/content/blog/ko/magazine-burnout-psychology.mdx,ko,magazine-burnout-psychology,Magazine,magazine,magazine,,,1
src/content/blog/ko/magazine-burnout-recovery-guide.mdx,ko,magazine-burnout-recovery-guide,Magazine,magazine,magazine,,,0
src/content/blog/ko/magazine-business-start-ch1.mdx,ko,magazine-business-start-ch1,Magazine,magazine,magazine,,,0
src/content/blog/ko/magazine-business-start-ch2.mdx,ko,magazine-business-start-ch2,Magazine,magazine,magazine,,,0
src/content/blog/ko/magazine-business-start-ch3.mdx,ko,magazine-business-start-ch3,Magazine,magazine,magazine,,,0
src/content/blog/ko/magazine-business-start-ch4.mdx,ko,magazine-business-start-ch4,Magazine,magazine,magazine,,,0
src/content/blog/ko/magazine-business-start-ch5.mdx,ko,magazine-business-start-ch5,Magazine,magazine,magazine,,,0
src/content/blog/ko/magazine-business-start-ch6.mdx,ko,magazine-business-start-ch6,Magazine,magazine,magazine,,,0
src/content/blog/ko/magazine-business-start-ch7.mdx,ko,magazine-business-start-ch7,Magazine,magazine,magazine,,,0
src/content/blog/ko/magazine-camping-beginner-guide.mdx,ko,magazine-camping-beginner-guide,Magazine,magazine,magazine,,,0
src/content/blog/ko/magazine-cancer-insurance-guide.mdx,ko,magazine-cancer-insurance-guide,Health,magazine,magazine,,,0
src/content/blog/ko/magazine-cancer-prevention-guide.mdx,ko,magazine-cancer-prevention-guide,Magazine,magazine,magazine,,,0
src/content/blog/ko/magazine-capital-gains-tax-guide.mdx,ko,magazine-capital-gains-tax-guide,Magazine,magazine,magazine,,,1
src/content/blog/ko/magazine-car-insurance-guide.mdx,ko,magazine-car-insurance-guide,Finance,magazine,magazine,,,0
src/content/blog/ko/magazine-car-purchase-guide.mdx,ko,magazine-car-purchase-guide,Magazine,magazine,magazine,,,0
src/content/blog/ko/magazine-car-tax-savings-guide.mdx,ko,magazine-car-tax-savings-guide,Finance,magazine,magazine,,,0
src/content/blog/ko/magazine-card-delinquency-guide.mdx,ko,magazine-card-delinquency-guide,Finance,magazine,magazine,,,0
src/content/blog/ko/magazine-care-worker-certification.mdx,ko,magazine-care-worker-certification,Life,magazine,magazine,,,0
src/content/blog/ko/magazine-career-break-reentry-guide.mdx,ko,magazine-career-break-reentry-guide,Magazine,magazine,magazine,,,0
src/content/blog/ko/magazine-career-development-guide.mdx,ko,magazine-career-development-guide,Magazine,magazine,magazine,,,0
src/content/blog/ko/magazine-chess-strategy-guide.mdx,ko,magazine-chess-strategy-guide,Magazine,magazine,magazine,,,1
src/content/blog/ko/magazine-child-education-guide.mdx,ko,magazine-child-education-guide,Magazine,magazine,magazine,,,0
src/content/blog/ko/magazine-children-money-education-guide.mdx,ko,magazine-children-money-education-guide,Magazine,magazine,magazine,,,0
src/content/blog/ko/magazine-chinese-learning-guide.mdx,ko,magazine-chinese-learning-guide,Magazine,magazine,magazine,,,0
src/content/blog/ko/magazine-chronic-pain-guide.mdx,ko,magazine-chronic-pain-guide,Magazine,magazine,magazine,,,0
src/content/blog/ko/magazine-civil-servant-exam-guide.mdx,ko,magazine-civil-servant-exam-guide,Magazine,magazine,magazine,,,0
src/content/blog/ko/magazine-climate-change-guide.mdx,ko,magazine-climate-change-guide,Magazine,magazine,magazine,,,0
src/content/blog/ko/magazine-coding-self-study-guide.mdx,ko,magazine-coding-self-study-guide,Magazine,magazine,magazine,,,0
src/content/blog/ko/magazine-coffee-guide.mdx,ko,magazine-coffee-guide,Magazine,magazine,magazine,,,0
src/content/blog/ko/magazine-college-entrance-guide.mdx,ko,magazine-college-entrance-guide,Magazine,magazine,magazine,,,0
src/content/blog/ko/magazine-commercial-lease-rights-guide.mdx,ko,magazine-commercial-lease-rights-guide,Finance,magazine,magazine,,,0
src/content/blog/ko/magazine-communication-skills-guide.mdx,ko,magazine-communication-skills-guide,Magazine,magazine,magazine,,,0
src/content/blog/ko/magazine-communication-style-psychology.mdx,ko,magazine-communication-style-psychology,Magazine,magazine,magazine,,,1
src/content/blog/ko/magazine-commute-productivity-guide.mdx,ko,magazine-commute-productivity-guide,Magazine,magazine,magazine,,,0
src/content/blog/ko/magazine-compound-interest-guide.mdx,ko,magazine-compound-interest-guide,Magazine,magazine,magazine,,,1
src/content/blog/ko/magazine-comprehensive-income-tax-guide.mdx,ko,magazine-comprehensive-income-tax-guide,Magazine,magazine,magazine,,,0
src/content/blog/ko/magazine-condolence-etiquette-guide.mdx,ko,magazine-condolence-etiquette-guide,Magazine,magazine,magazine,,,0
src/content/blog/ko/magazine-conflict-style-psychology.mdx,ko,magazine-conflict-style-psychology,Magazine,magazine,magazine,,,1
src/content/blog/ko/magazine-cooking-basics-guide.mdx,ko,magazine-cooking-basics-guide,Magazine,magazine,magazine,,,0
src/content/blog/ko/magazine-coping-style-psychology.mdx,ko,magazine-coping-style-psychology,Magazine,magazine,magazine,,,1
src/content/blog/ko/magazine-cosmic-query-guide.mdx,ko,magazine-cosmic-query-guide,Science,magazine,magazine,,,0
src/content/blog/ko/magazine-creativity-type-psychology.mdx,ko,magazine-creativity-type-psychology,Magazine,magazine,magazine,,,1
src/content/blog/ko/magazine-credit-card-strategy-guide.mdx,ko,magazine-credit-card-strategy-guide,Magazine,magazine,magazine,,,0
src/content/blog/ko/magazine-credit-recovery-committee-guide.mdx,ko,magazine-credit-recovery-committee-guide,Finance,magazine,magazine,,,0
src/content/blog/ko/magazine-credit-score-guide.mdx,ko,magazine-credit-score-guide,Magazine,magazine,magazine,,,0
src/content/blog/ko/magazine-credit-score-improvement.mdx,ko,magazine-credit-score-improvement,Finance,magazine,magazine,,,0
src/content/blog/ko/magazine-crypto-bitcoin-guide.mdx,ko,magazine-crypto-bitcoin-guide,Magazine,magazine,magazine,,,0
src/content/blog/ko/magazine-cultural-welfare-card.mdx,ko,magazine-cultural-welfare-card,Finance,magazine,magazine,,,0
src/content/blog/ko/magazine-cycling-guide.mdx,ko,magazine-cycling-guide,Magazine,magazine,magazine,,,0
src/content/blog/ko/magazine-debt-management-guide.mdx,ko,magazine-debt-management-guide,Magazine,magazine,magazine,,,0
src/content/blog/ko/magazine-decision-making-psychology.mdx,ko,magazine-decision-making-psychology,Magazine,magazine,magazine,,,1
src/content/blog/ko/magazine-decluttering-guide.mdx,ko,magazine-decluttering-guide,Magazine,magazine,magazine,,,0
src/content/blog/ko/magazine-deduction-difference-worker-vs-self-employed.mdx,ko,magazine-deduction-difference-worker-vs-self-employed,Magazine,magazine,magazine,,,0
src/content/blog/ko/magazine-dementia-longterm-care-guide.mdx,ko,magazine-dementia-longterm-care-guide,Health & Wellness,magazine,magazine,,,0
src/content/blog/ko/magazine-dental-care-guide.mdx,ko,magazine-dental-care-guide,Magazine,magazine,magazine,,,0
src/content/blog/ko/magazine-dental-insurance-guide.mdx,ko,magazine-dental-insurance-guide,Health,magazine,magazine,,,0
src/content/blog/ko/magazine-diabetes-prevention-guide.mdx,ko,magazine-diabetes-prevention-guide,Magazine,magazine,magazine,,,0
src/content/blog/ko/magazine-diet-psychology-guide.mdx,ko,magazine-diet-psychology-guide,Magazine,magazine,magazine,,,0
src/content/blog/ko/magazine-digital-detox-guide.mdx,ko,magazine-digital-detox-guide,Magazine,magazine,magazine,,,0
src/content/blog/ko/magazine-digital-minimalism-guide.mdx,ko,magazine-digital-minimalism-guide,Magazine,magazine,magazine,,,0
src/content/blog/ko/magazine-disability-registration-benefits-guide.mdx,ko,magazine-disability-registration-benefits-guide,Health,magazine,magazine,,,0
src/content/blog/ko/magazine-disc-personality-psychology.mdx,ko,magazine-disc-personality-psychology,Magazine,magazine,magazine,,,1
src/content/blog/ko/magazine-dividend-investing-guide.mdx,ko,magazine-dividend-investing-guide,Magazine,magazine,magazine,,,0
src/content/blog/ko/magazine-divorce-guide.mdx,ko,magazine-divorce-guide,Magazine,magazine,magazine,,,0
src/content/blog/ko/magazine-drawing-guide.mdx,ko,magazine-drawing-guide,Magazine,magazine,magazine,,,0
src/content/blog/ko/magazine-earned-income-tax-credit-guide.mdx,ko,magazine-earned-income-tax-credit-guide,Magazine,magazine,magazine,,,0
src/content/blog/ko/magazine-ebike-guide.mdx,ko,magazine-ebike-guide,Life,magazine,magazine,,,0
src/content/blog/ko/magazine-economics-basics-guide.mdx,ko,magazine-economics-basics-guide,Magazine,magazine,magazine,,,0
src/content/blog/ko/magazine-egogram-psychology.mdx,ko,magazine-egogram-psychology,Magazine,magazine,magazine,,,1
src/content/blog/ko/magazine-elderly-parent-care-guide.mdx,ko,magazine-elderly-parent-care-guide,Magazine,magazine,magazine,,,0
src/content/blog/ko/magazine-electric-vehicle-guide.mdx,ko,magazine-electric-vehicle-guide,Magazine,magazine,magazine,,,0
src/content/blog/ko/magazine-emergency-preparedness-guide.mdx,ko,magazine-emergency-preparedness-guide,Magazine,magazine,magazine,,,0
src/content/blog/ko/magazine-emergency-welfare-guide.mdx,ko,magazine-emergency-welfare-guide,Finance,magazine,magazine,,,0
src/content/blog/ko/magazine-emotion-regulation-psychology.mdx,ko,magazine-emotion-regulation-psychology,Magazine,magazine,magazine,,,1
src/content/blog/ko/magazine-emotional-intelligence-guide.mdx,ko,magazine-emotional-intelligence-guide,Magazine,magazine,magazine,,,0
src/content/blog/ko/magazine-emotional-intelligence-psychology.mdx,ko,magazine-emotional-intelligence-psychology,Magazine,magazine,magazine,,,1
src/content/blog/ko/magazine-empathy-psychology.mdx,ko,magazine-empathy-psychology,Magazine,magazine,magazine,,,1
src/content/blog/ko/magazine-employment-insurance-guide.mdx,ko,magazine-employment-insurance-guide,Magazine,magazine,magazine,,,0
src/content/blog/ko/magazine-energy-voucher-guide.mdx,ko,magazine-energy-voucher-guide,Finance,magazine,magazine,,,0
src/content/blog/ko/magazine-english-learning-guide.mdx,ko,magazine-english-learning-guide,Magazine,magazine,magazine,,,0
src/content/blog/ko/magazine-english-pronunciation-guide.mdx,ko,magazine-english-pronunciation-guide,Magazine,magazine,magazine,,,0
src/content/blog/ko/magazine-enneagram-introduction.mdx,ko,magazine-enneagram-introduction,Magazine,magazine,magazine,,,1
src/content/blog/ko/magazine-estate-auction-guide.mdx,ko,magazine-estate-auction-guide,Magazine,magazine,magazine,,,0
src/content/blog/ko/magazine-etf-beginner-guide.mdx,ko,magazine-etf-beginner-guide,Magazine,magazine,magazine,,,0
src/content/blog/ko/magazine-etf-investing-guide.mdx,ko,magazine-etf-investing-guide,Magazine,magazine,magazine,,,0
src/content/blog/ko/magazine-exercise-habit-guide.mdx,ko,magazine-exercise-habit-guide,Magazine,magazine,magazine,,,0
src/content/blog/ko/magazine-family-holiday-conflict-guide.mdx,ko,magazine-family-holiday-conflict-guide,Magazine,magazine,magazine,,,0
src/content/blog/ko/magazine-financial-income-tax-strategy.mdx,ko,magazine-financial-income-tax-strategy,Finance,magazine,magazine,,,0
src/content/blog/ko/magazine-fire-movement-guide.mdx,ko,magazine-fire-movement-guide,Magazine,magazine,magazine,,,0
src/content/blog/ko/magazine-focus-concentration-guide.mdx,ko,magazine-focus-concentration-guide,Magazine,magazine,magazine,,,0
src/content/blog/ko/magazine-food-allergy-guide.mdx,ko,magazine-food-allergy-guide,Magazine,magazine,magazine,,,0
src/content/blog/ko/magazine-four-major-insurances-guide.mdx,ko,magazine-four-major-insurances-guide,Finance,magazine,magazine,,,0
src/content/blog/ko/magazine-freelancer-career-guide.mdx,ko,magazine-freelancer-career-guide,Magazine,magazine,magazine,,,0
src/content/blog/ko/magazine-freelancer-guide.mdx,ko,magazine-freelancer-guide,Magazine,magazine,magazine,,,0
src/content/blog/ko/magazine-freelancer-income-tax-guide.mdx,ko,magazine-freelancer-income-tax-guide,Finance,magazine,magazine,,,0
src/content/blog/ko/magazine-freelancer-tax-guide.mdx,ko,magazine-freelancer-tax-guide,Magazine,magazine,magazine,,,0
src/content/blog/ko/magazine-future-jobs-certifications.mdx,ko,magazine-future-jobs-certifications,Insights,magazine,magazine,,,3
src/content/blog/ko/magazine-game-addiction-guide.mdx,ko,magazine-game-addiction-guide,Magazine,magazine,magazine,,,0
src/content/blog/ko/magazine-gap-year-guide.mdx,ko,magazine-gap-year-guide,Magazine,magazine,magazine,,,0
src/content/blog/ko/magazine-gift-tax-guide.mdx,ko,magazine-gift-tax-guide,Magazine,magazine,magazine,,,1
src/content/blog/ko/magazine-global-tax-investing-guide.mdx,ko,magazine-global-tax-investing-guide,Magazine,magazine,magazine,,,0
src/content/blog/ko/magazine-gold-investment-guide.mdx,ko,magazine-gold-investment-guide,Finance,magazine,magazine,,,0
src/content/blog/ko/magazine-gomoku-strategy-guide.mdx,ko,magazine-gomoku-strategy-guide,Magazine,magazine,magazine,,,1
src/content/blog/ko/magazine-government-housing-loan-guide.mdx,ko,magazine-government-housing-loan-guide,Finance,magazine,magazine,,,0
src/content/blog/ko/magazine-government-pension-comparison.mdx,ko,magazine-government-pension-comparison,Magazine,magazine,magazine,,,0
src/content/blog/ko/magazine-graduate-school-guide.mdx,ko,magazine-graduate-school-guide,Magazine,magazine,magazine,,,0
src/content/blog/ko/magazine-growth-mindset-psychology.mdx,ko,magazine-growth-mindset-psychology,Magazine,magazine,magazine,,,1
src/content/blog/ko/magazine-gut-health-guide.mdx,ko,magazine-gut-health-guide,Magazine,magazine,magazine,,,0
src/content/blog/ko/magazine-habit-formation-guide.mdx,ko,magazine-habit-formation-guide,Magazine,magazine,magazine,,,0
src/content/blog/ko/magazine-hair-care-guide.mdx,ko,magazine-hair-care-guide,Magazine,magazine,magazine,,,0
src/content/blog/ko/magazine-health-checkup-guide.mdx,ko,magazine-health-checkup-guide,Magazine,magazine,magazine,,,0
src/content/blog/ko/magazine-health-insurance-april-adjustment-guide.mdx,ko,magazine-health-insurance-april-adjustment-guide,Finance,magazine,magazine,,,0
src/content/blog/ko/magazine-health-insurance-dependent-guide.mdx,ko,magazine-health-insurance-dependent-guide,Finance,magazine,magazine,,,0
src/content/blog/ko/magazine-health-insurance-guide.mdx,ko,magazine-health-insurance-guide,Magazine,magazine,magazine,,,0
src/content/blog/ko/magazine-health-insurance-premium-reduction.mdx,ko,magazine-health-insurance-premium-reduction,Money & Finance,magazine,magazine,,,0
src/content/blog/ko/magazine-health-insurance-refund-guide.mdx,ko,magazine-health-insurance-refund-guide,Health,magazine,magazine,,,0
src/content/blog/ko/magazine-health-insurance-voluntary-continuation.mdx,ko,magazine-health-insurance-voluntary-continuation,Finance,magazine,magazine,,,0
src/content/blog/ko/magazine-hepatitis-guide.mdx,ko,magazine-hepatitis-guide,Health,magazine,magazine,,,0
src/content/blog/ko/magazine-hiking-guide.mdx,ko,magazine-hiking-guide,Magazine,magazine,magazine,,,0
src/content/blog/ko/magazine-home-cooking-meal-prep-guide.mdx,ko,magazine-home-cooking-meal-prep-guide,Magazine,magazine,magazine,,,0
src/content/blog/ko/magazine-home-elder-care-guide.mdx,ko,magazine-home-elder-care-guide,Health,magazine,magazine,,,0
src/content/blog/ko/magazine-home-workout-guide.mdx,ko,magazine-home-workout-guide,Magazine,magazine,magazine,,,0
src/content/blog/ko/magazine-house-cleaning-routine-guide.mdx,ko,magazine-house-cleaning-routine-guide,Magazine,magazine,magazine,,,0
src/content/blog/ko/magazine-houseplant-guide.mdx,ko,magazine-houseplant-guide,Magazine,magazine,magazine,,,0
src/content/blog/ko/magazine-housing-benefit-guide.mdx,ko,magazine-housing-benefit-guide,Finance,magazine,magazine,,,0
src/content/blog/ko/magazine-housing-subscription-strategy.mdx,ko,magazine-housing-subscription-strategy,Finance,magazine,magazine,,,0
src/content/blog/ko/magazine-hypertension-guide.mdx,ko,magazine-hypertension-guide,Magazine,magazine,magazine,,,0
src/content/blog/ko/magazine-industrial-accident-guide.mdx,ko,magazine-industrial-accident-guide,Finance,magazine,magazine,,,0
src/content/blog/ko/magazine-inheritance-tax-guide.mdx,ko,magazine-inheritance-tax-guide,Magazine,magazine,magazine,,,1
src/content/blog/ko/magazine-insurance-guide.mdx,ko,magazine-insurance-guide,Magazine,magazine,magazine,,,0
src/content/blog/ko/magazine-interior-design-guide.mdx,ko,magazine-interior-design-guide,Magazine,magazine,magazine,,,0
src/content/blog/ko/magazine-intermittent-fasting-guide.mdx,ko,magazine-intermittent-fasting-guide,Magazine,magazine,magazine,,,0
src/content/blog/ko/magazine-introvert-extrovert-psychology.mdx,ko,magazine-introvert-extrovert-psychology,Magazine,magazine,magazine,,,1
src/content/blog/ko/magazine-investment-guide.mdx,ko,magazine-investment-guide,Magazine,magazine,magazine,,,1
src/content/blog/ko/magazine-investment-psychology-guide.mdx,ko,magazine-investment-psychology-guide,Magazine,magazine,magazine,,,0
src/content/blog/ko/magazine-isa-guide.mdx,ko,magazine-isa-guide,Magazine,magazine,magazine,,,0
src/content/blog/ko/magazine-japanese-learning-guide.mdx,ko,magazine-japanese-learning-guide,Magazine,magazine,magazine,,,0
src/content/blog/ko/magazine-jeonse-fraud-prevention-guide.mdx,ko,magazine-jeonse-fraud-prevention-guide,Magazine,magazine,magazine,,,0
src/content/blog/ko/magazine-jeonse-fraud-prevention.mdx,ko,magazine-jeonse-fraud-prevention,Finance,magazine,magazine,,,0
src/content/blog/ko/magazine-jeonse-vs-rent-guide.mdx,ko,magazine-jeonse-vs-rent-guide,Magazine,magazine,magazine,,,0
src/content/blog/ko/magazine-job-change-guide.mdx,ko,magazine-job-change-guide,Magazine,magazine,magazine,,,0
src/content/blog/ko/magazine-job-interview-guide.mdx,ko,magazine-job-interview-guide,Magazine,magazine,magazine,,,0
src/content/blog/ko/magazine-journaling-guide.mdx,ko,magazine-journaling-guide,Magazine,magazine,magazine,,,0
src/content/blog/ko/magazine-korean-history-guide.mdx,ko,magazine-korean-history-guide,Magazine,magazine,magazine,,,0
src/content/blog/ko/magazine-labor-law-rights-guide.mdx,ko,magazine-labor-law-rights-guide,Magazine,magazine,magazine,,,0
src/content/blog/ko/magazine-leadership-style-psychology.mdx,ko,magazine-leadership-style-psychology,Magazine,magazine,magazine,,,1
src/content/blog/ko/magazine-learning-style-guide.mdx,ko,magazine-learning-style-guide,Magazine,magazine,magazine,,,1
src/content/blog/ko/magazine-lease-contract-guide.mdx,ko,magazine-lease-contract-guide,Magazine,magazine,magazine,,,0
src/content/blog/ko/magazine-lease-renewal-rights-guide.mdx,ko,magazine-lease-renewal-rights-guide,Finance,magazine,magazine,,,0
src/content/blog/ko/magazine-legal-interest-guide.mdx,ko,magazine-legal-interest-guide,Magazine,magazine,magazine,,,1
src/content/blog/ko/magazine-lh-public-rental-guide.mdx,ko,magazine-lh-public-rental-guide,Finance,magazine,magazine,,,0
src/content/blog/ko/magazine-life-insurance-comparison-guide.mdx,ko,magazine-life-insurance-comparison-guide,Finance,magazine,magazine,,,0
src/content/blog/ko/magazine-life-insurance-guide.mdx,ko,magazine-life-insurance-guide,Magazine,magazine,magazine,,,0
src/content/blog/ko/magazine-life-values-psychology.mdx,ko,magazine-life-values-psychology,Magazine,magazine,magazine,,,1
src/content/blog/ko/magazine-loneliness-guide.mdx,ko,magazine-loneliness-guide,Magazine,magazine,magazine,,,0
src/content/blog/ko/magazine-long-term-repair-fund-guide.mdx,ko,magazine-long-term-repair-fund-guide,Finance,magazine,magazine,,,0
src/content/blog/ko/magazine-longterm-care-grade-guide.mdx,ko,magazine-longterm-care-grade-guide,Health,magazine,magazine,,,0
src/content/blog/ko/magazine-love-language-psychology.mdx,ko,magazine-love-language-psychology,Magazine,magazine,magazine,,,1
src/content/blog/ko/magazine-mac-buying-guide.mdx,ko,magazine-mac-buying-guide,Magazine,magazine,magazine,,,0
src/content/blog/ko/magazine-marriage-preparation-guide.mdx,ko,magazine-marriage-preparation-guide,Magazine,magazine,magazine,,,0
src/content/blog/ko/magazine-mbti-career-psychology.mdx,ko,magazine-mbti-career-psychology,Magazine,magazine,magazine,,,1
src/content/blog/ko/magazine-mbti-cognitive-functions.mdx,ko,magazine-mbti-cognitive-functions,Magazine,magazine,magazine,,,1
src/content/blog/ko/magazine-mbti-love-psychology.mdx,ko,magazine-mbti-love-psychology,Magazine,magazine,magazine,,,1
src/content/blog/ko/magazine-meeting-cost-psychology.mdx,ko,magazine-meeting-cost-psychology,Magazine,magazine,magazine,,,1
src/content/blog/ko/magazine-memory-learning-guide.mdx,ko,magazine-memory-learning-guide,Magazine,magazine,magazine,,,0
src/content/blog/ko/magazine-menopause-guide.mdx,ko,magazine-menopause-guide,Magazine,magazine,magazine,,,0
src/content/blog/ko/magazine-mental-health-treatment-guide.mdx,ko,magazine-mental-health-treatment-guide,Magazine,magazine,magazine,,,0
src/content/blog/ko/magazine-migraine-headache-guide.mdx,ko,magazine-migraine-headache-guide,Magazine,magazine,magazine,,,0
src/content/blog/ko/magazine-mindfulness-guide.mdx,ko,magazine-mindfulness-guide,Magazine,magazine,magazine,,,0
src/content/blog/ko/magazine-mindfulness-meditation-guide.mdx,ko,magazine-mindfulness-meditation-guide,Magazine,magazine,magazine,,,0
src/content/blog/ko/magazine-minimalism-life-guide.mdx,ko,magazine-minimalism-life-guide,Magazine,magazine,magazine,,,0
src/content/blog/ko/magazine-minimum-wage-guide.mdx,ko,magazine-minimum-wage-guide,Finance,magazine,magazine,,,0
src/content/blog/ko/magazine-mortgage-vs-jeonse-loan-guide.mdx,ko,magazine-mortgage-vs-jeonse-loan-guide,Money & Finance,magazine,magazine,,,0
src/content/blog/ko/magazine-motivation-type-psychology.mdx,ko,magazine-motivation-type-psychology,Magazine,magazine,magazine,,,1
src/content/blog/ko/magazine-moving-guide.mdx,ko,magazine-moving-guide,Magazine,magazine,magazine,,,0
src/content/blog/ko/magazine-multi-child-benefits-guide.mdx,ko,magazine-multi-child-benefits-guide,Finance,magazine,magazine,,,0
src/content/blog/ko/magazine-mvno-savings-guide.mdx,ko,magazine-mvno-savings-guide,Finance,magazine,magazine,,,0
src/content/blog/ko/magazine-naeiljabeum-card-guide.mdx,ko,magazine-naeiljabeum-card-guide,Finance,magazine,magazine,,,0
src/content/blog/ko/magazine-naeiljacheum-fund-guide.mdx,ko,magazine-naeiljacheum-fund-guide,Finance,magazine,magazine,,,0
src/content/blog/ko/magazine-national-pension-guide.mdx,ko,magazine-national-pension-guide,Magazine,magazine,magazine,,,0
src/content/blog/ko/magazine-national-pension-refund-guide.mdx,ko,magazine-national-pension-refund-guide,Finance,magazine,magazine,,,0
src/content/blog/ko/magazine-national-pension-strategy.mdx,ko,magazine-national-pension-strategy,Finance,magazine,magazine,,,0
src/content/blog/ko/magazine-negotiation-psychology.mdx,ko,magazine-negotiation-psychology,Magazine,magazine,magazine,,,0
src/content/blog/ko/magazine-negotiation-skills-guide.mdx,ko,magazine-negotiation-skills-guide,Magazine,magazine,magazine,,,0
src/content/blog/ko/magazine-newborn-loan-guide.mdx,ko,magazine-newborn-loan-guide,Finance,magazine,magazine,,,0
src/content/blog/ko/magazine-newlywed-finance-guide.mdx,ko,magazine-newlywed-finance-guide,Magazine,magazine,magazine,,,0
src/content/blog/ko/magazine-nolaan-umbrella-guide.mdx,ko,magazine-nolaan-umbrella-guide,Finance,magazine,magazine,,,0
src/content/blog/ko/magazine-nutrition-basics-guide.mdx,ko,magazine-nutrition-basics-guide,Magazine,magazine,magazine,,,0
src/content/blog/ko/magazine-nutrition-diet-guide.mdx,ko,magazine-nutrition-diet-guide,Magazine,magazine,magazine,,,0
src/content/blog/ko/magazine-optimism-psychology.mdx,ko,magazine-optimism-psychology,Magazine,magazine,magazine,,,1
src/content/blog/ko/magazine-overseas-remittance-guide.mdx,ko,magazine-overseas-remittance-guide,Finance,magazine,magazine,,,0
src/content/blog/ko/magazine-overseas-shopping-guide.mdx,ko,magazine-overseas-shopping-guide,Magazine,magazine,magazine,,,0
src/content/blog/ko/magazine-overseas-stock-capital-gains-tax.mdx,ko,magazine-overseas-stock-capital-gains-tax,Magazine,magazine,magazine,,,0
src/content/blog/ko/magazine-panic-disorder-guide.mdx,ko,magazine-panic-disorder-guide,Magazine,magazine,magazine,,,0
src/content/blog/ko/magazine-parental-leave-guide.mdx,ko,magazine-parental-leave-guide,Magazine,magazine,magazine,,,0
src/content/blog/ko/magazine-parenting-psychology-guide.mdx,ko,magazine-parenting-psychology-guide,Magazine,magazine,magazine,,,0
src/content/blog/ko/magazine-parents-allowance-guide.mdx,ko,magazine-parents-allowance-guide,Finance,magazine,magazine,,,0
src/content/blog/ko/magazine-parents-elder-care-guide.mdx,ko,magazine-parents-elder-care-guide,Magazine,magazine,magazine,,,0
src/content/blog/ko/magazine-pension-savings-guide.mdx,ko,magazine-pension-savings-guide,Magazine,magazine,magazine,,,0
src/content/blog/ko/magazine-pension-savings-tax-guide.mdx,ko,magazine-pension-savings-tax-guide,Finance,magazine,magazine,,,0
src/content/blog/ko/magazine-perfectionism-psychology.mdx,ko,magazine-perfectionism-psychology,Magazine,magazine,magazine,,,1
src/content/blog/ko/magazine-personal-bankruptcy-guide.mdx,ko,magazine-personal-bankruptcy-guide,Magazine,magazine,magazine,,,0
src/content/blog/ko/magazine-personal-branding-guide.mdx,ko,magazine-personal-branding-guide,Magazine,magazine,magazine,,,0
src/content/blog/ko/magazine-personal-finance-beginner.mdx,ko,magazine-personal-finance-beginner,Magazine,magazine,magazine,,,0
src/content/blog/ko/magazine-personal-rehabilitation-procedure.mdx,ko,magazine-personal-rehabilitation-procedure,Finance,magazine,magazine,,,0
src/content/blog/ko/magazine-personal-rehabilitation-vs-bankruptcy.mdx,ko,magazine-personal-rehabilitation-vs-bankruptcy,Money & Finance,magazine,magazine,,,0
src/content/blog/ko/magazine-pet-care-guide.mdx,ko,magazine-pet-care-guide,Magazine,magazine,magazine,,,0
src/content/blog/ko/magazine-pet-insurance-guide.mdx,ko,magazine-pet-insurance-guide,Finance,magazine,magazine,,,0
src/content/blog/ko/magazine-photography-basics-guide.mdx,ko,magazine-photography-basics-guide,Magazine,magazine,magazine,,,0
src/content/blog/ko/magazine-pilates-guide.mdx,ko,magazine-pilates-guide,Magazine,magazine,magazine,,,0
src/content/blog/ko/magazine-postpartum-depression-guide.mdx,ko,magazine-postpartum-depression-guide,Magazine,magazine,magazine,,,0
src/content/blog/ko/magazine-posture-correction-guide.mdx,ko,magazine-posture-correction-guide,Magazine,magazine,magazine,,,0
src/content/blog/ko/magazine-precocious-puberty-guide.mdx,ko,magazine-precocious-puberty-guide,Health,magazine,magazine,,,0
src/content/blog/ko/magazine-pregnancy-medical-support-guide.mdx,ko,magazine-pregnancy-medical-support-guide,Health,magazine,magazine,,,0
src/content/blog/ko/magazine-pregnancy-preparation-guide.mdx,ko,magazine-pregnancy-preparation-guide,Magazine,magazine,magazine,,,0
src/content/blog/ko/magazine-prepaid-tax-kinapbu-meaning.mdx,ko,magazine-prepaid-tax-kinapbu-meaning,Magazine,magazine,magazine,,,0
src/content/blog/ko/magazine-procrastination-psychology.mdx,ko,magazine-procrastination-psychology,Magazine,magazine,magazine,,,1
src/content/blog/ko/magazine-property-tax-guide.mdx,ko,magazine-property-tax-guide,Magazine,magazine,magazine,,,1
src/content/blog/ko/magazine-public-enterprise-guide.mdx,ko,magazine-public-enterprise-guide,Magazine,magazine,magazine,,,0
src/content/blog/ko/magazine-public-speaking-guide.mdx,ko,magazine-public-speaking-guide,Magazine,magazine,magazine,,,0
src/content/blog/ko/magazine-qualification-strategy-guide.mdx,ko,magazine-qualification-strategy-guide,Magazine,magazine,magazine,,,0
src/content/blog/ko/magazine-quitting-smoking-guide.mdx,ko,magazine-quitting-smoking-guide,Magazine,magazine,magazine,,,0
src/content/blog/ko/magazine-reading-habit-guide.mdx,ko,magazine-reading-habit-guide,Magazine,magazine,magazine,,,0
src/content/blog/ko/magazine-real-estate-investment-guide.mdx,ko,magazine-real-estate-investment-guide,Magazine,magazine,magazine,,,0
src/content/blog/ko/magazine-real-estate-purchase-checklist.mdx,ko,magazine-real-estate-purchase-checklist,Finance,magazine,magazine,,,0
src/content/blog/ko/magazine-real-estate-tax-guide.mdx,ko,magazine-real-estate-tax-guide,Magazine,magazine,magazine,,,0
src/content/blog/ko/magazine-relationship-communication-guide.mdx,ko,magazine-relationship-communication-guide,Magazine,magazine,magazine,,,0
src/content/blog/ko/magazine-relationships-communication-guide.mdx,ko,magazine-relationships-communication-guide,Magazine,magazine,magazine,,,0
src/content/blog/ko/magazine-remote-work-guide.mdx,ko,magazine-remote-work-guide,Magazine,magazine,magazine,,,0
src/content/blog/ko/magazine-resilience-psychology.mdx,ko,magazine-resilience-psychology,Magazine,magazine,magazine,,,1
src/content/blog/ko/magazine-resume-writing-guide.mdx,ko,magazine-resume-writing-guide,Magazine,magazine,magazine,,,0
src/content/blog/ko/magazine-retirement-abroad-guide.mdx,ko,magazine-retirement-abroad-guide,Magazine,magazine,magazine,,,0
src/content/blog/ko/magazine-retirement-asset-allocation.mdx,ko,magazine-retirement-asset-allocation,Magazine,magazine,magazine,,,0
src/content/blog/ko/magazine-retirement-income-tax-guide.mdx,ko,magazine-retirement-income-tax-guide,Finance,magazine,magazine,,,0
src/content/blog/ko/magazine-retirement-pension-irp-guide.mdx,ko,magazine-retirement-pension-irp-guide,Money & Finance,magazine,magazine,,,0
src/content/blog/ko/magazine-riasec-career-test.mdx,ko,magazine-riasec-career-test,Magazine,magazine,magazine,,,1
src/content/blog/ko/magazine-running-guide.mdx,ko,magazine-running-guide,Magazine,magazine,magazine,,,0
src/content/blog/ko/magazine-salary-calculator-guide.mdx,ko,magazine-salary-calculator-guide,Magazine,magazine,magazine,,,1
src/content/blog/ko/magazine-self-care-guide.mdx,ko,magazine-self-care-guide,Magazine,magazine,magazine,,,0
src/content/blog/ko/magazine-self-compassion-psychology.mdx,ko,magazine-self-compassion-psychology,Magazine,magazine,magazine,,,1
src/content/blog/ko/magazine-self-discovery-guide.mdx,ko,magazine-self-discovery-guide,Magazine,magazine,magazine,,,0
src/content/blog/ko/magazine-self-employed-insurance-guide.mdx,ko,magazine-self-employed-insurance-guide,Magazine,magazine,magazine,,,0
src/content/blog/ko/magazine-self-employed-tax-guide.mdx,ko,magazine-self-employed-tax-guide,Magazine,magazine,magazine,,,0
src/content/blog/ko/magazine-self-esteem-psychology.mdx,ko,magazine-self-esteem-psychology,Magazine,magazine,magazine,,,1
src/content/blog/ko/magazine-senior-health-guide.mdx,ko,magazine-senior-health-guide,Magazine,magazine,magazine,,,0
src/content/blog/ko/magazine-senior-jobs-guide.mdx,ko,magazine-senior-jobs-guide,Finance,magazine,magazine,,,0
src/content/blog/ko/magazine-severance-pay-guide.mdx,ko,magazine-severance-pay-guide,Magazine,magazine,magazine,,,0
src/content/blog/ko/magazine-side-hustle-ideas-guide.mdx,ko,magazine-side-hustle-ideas-guide,Magazine,magazine,magazine,,,0
src/content/blog/ko/magazine-side-income-guide.mdx,ko,magazine-side-income-guide,Magazine,magazine,magazine,,,0
src/content/blog/ko/magazine-single-parent-benefits-guide.mdx,ko,magazine-single-parent-benefits-guide,Finance,magazine,magazine,,,0
src/content/blog/ko/magazine-skin-care-guide.mdx,ko,magazine-skin-care-guide,Magazine,magazine,magazine,,,0
src/content/blog/ko/magazine-sleep-improvement-guide.mdx,ko,magazine-sleep-improvement-guide,Magazine,magazine,magazine,,,0
src/content/blog/ko/magazine-sleep-optimization-guide.mdx,ko,magazine-sleep-optimization-guide,Magazine,magazine,magazine,,,0
src/content/blog/ko/magazine-small-business-closure-guide.mdx,ko,magazine-small-business-closure-guide,Magazine,magazine,magazine,,,0
src/content/blog/ko/magazine-smartphone-addiction-guide.mdx,ko,magazine-smartphone-addiction-guide,Magazine,magazine,magazine,,,0
src/content/blog/ko/magazine-social-anxiety-guide.mdx,ko,magazine-social-anxiety-guide,Magazine,magazine,magazine,,,0
src/content/blog/ko/magazine-social-anxiety-psychology.mdx,ko,magazine-social-anxiety-psychology,Magazine,magazine,magazine,,,1
src/content/blog/ko/magazine-social-media-marketing-guide.mdx,ko,magazine-social-media-marketing-guide,Magazine,magazine,magazine,,,0
src/content/blog/ko/magazine-sole-proprietor-tax-guide.mdx,ko,magazine-sole-proprietor-tax-guide,Money & Finance,magazine,magazine,,,0
src/content/blog/ko/magazine-speed-reading-guide.mdx,ko,magazine-speed-reading-guide,Magazine,magazine,magazine,,,0
src/content/blog/ko/magazine-startup-basics-guide.mdx,ko,magazine-startup-basics-guide,Magazine,magazine,magazine,,,0
src/content/blog/ko/magazine-startup-guide.mdx,ko,magazine-startup-guide,Magazine,magazine,magazine,,,0
src/content/blog/ko/magazine-stock-dollar-cost-averaging.mdx,ko,magazine-stock-dollar-cost-averaging,Magazine,magazine,magazine,,,0
src/content/blog/ko/magazine-stock-terms-guide.mdx,ko,magazine-stock-terms-guide,Magazine,magazine,magazine,,,0
src/content/blog/ko/magazine-stress-management-guide.mdx,ko,magazine-stress-management-guide,Magazine,magazine,magazine,,,0
src/content/blog/ko/magazine-stretching-flexibility-guide.mdx,ko,magazine-stretching-flexibility-guide,Magazine,magazine,magazine,,,0
src/content/blog/ko/magazine-student-loan-guide.mdx,ko,magazine-student-loan-guide,Magazine,magazine,magazine,,,0
src/content/blog/ko/magazine-study-abroad-guide.mdx,ko,magazine-study-abroad-guide,Magazine,magazine,magazine,,,0
src/content/blog/ko/magazine-study-methods-guide.mdx,ko,magazine-study-methods-guide,Magazine,magazine,magazine,,,0
src/content/blog/ko/magazine-swimming-guide.mdx,ko,magazine-swimming-guide,Magazine,magazine,magazine,,,0
src/content/blog/ko/magazine-tax-credit-deduction-requirements.mdx,ko,magazine-tax-credit-deduction-requirements,Magazine,magazine,magazine,,,0
src/content/blog/ko/magazine-tax-delinquency-guide.mdx,ko,magazine-tax-delinquency-guide,Finance,magazine,magazine,,,0
src/content/blog/ko/magazine-tax-return-guide.mdx,ko,magazine-tax-return-guide,Magazine,magazine,magazine,,,0
src/content/blog/ko/magazine-tea-guide.mdx,ko,magazine-tea-guide,Magazine,magazine,magazine,,,0
src/content/blog/ko/magazine-teen-worker-rights-guide.mdx,ko,magazine-teen-worker-rights-guide,Finance,magazine,magazine,,,0
src/content/blog/ko/magazine-time-management-guide.mdx,ko,magazine-time-management-guide,Magazine,magazine,magazine,,,0
src/content/blog/ko/magazine-traffic-accident-guide.mdx,ko,magazine-traffic-accident-guide,Magazine,magazine,magazine,,,0
src/content/blog/ko/magazine-traffic-accident-settlement.mdx,ko,magazine-traffic-accident-settlement,Finance,magazine,magazine,,,0
src/content/blog/ko/magazine-ubermensch-guide.mdx,ko,magazine-ubermensch-guide,Philosophy & Spirit,magazine,magazine,,,0
src/content/blog/ko/magazine-unconscious-neuroscience-guide.mdx,ko,magazine-unconscious-neuroscience-guide,Psychology,magazine,magazine,,,0
src/content/blog/ko/magazine-unpaid-wages-guide.mdx,ko,magazine-unpaid-wages-guide,Finance,magazine,magazine,,,0
src/content/blog/ko/magazine-us-stock-investment-guide.mdx,ko,magazine-us-stock-investment-guide,Magazine,magazine,magazine,,,0
src/content/blog/ko/magazine-vegan-diet-guide.mdx,ko,magazine-vegan-diet-guide,Magazine,magazine,magazine,,,0
src/content/blog/ko/magazine-volunteer-guide.mdx,ko,magazine-volunteer-guide,Magazine,magazine,magazine,,,0
src/content/blog/ko/magazine-wage-income-tax-refund-guide.mdx,ko,magazine-wage-income-tax-refund-guide,Money & Finance,magazine,magazine,,,0
src/content/blog/ko/magazine-wealth-building-mindset-guide.mdx,ko,magazine-wealth-building-mindset-guide,Magazine,magazine,magazine,,,0
src/content/blog/ko/magazine-weight-training-guide.mdx,ko,magazine-weight-training-guide,Magazine,magazine,magazine,,,0
src/content/blog/ko/magazine-why-file-comprehensive-tax-after-year-end.mdx,ko,magazine-why-file-comprehensive-tax-after-year-end,Magazine,magazine,magazine,,,0
src/content/blog/ko/magazine-wine-guide.mdx,ko,magazine-wine-guide,Magazine,magazine,magazine,,,0
src/content/blog/ko/magazine-work-from-home-guide.mdx,ko,magazine-work-from-home-guide,Magazine,magazine,magazine,,,0
src/content/blog/ko/magazine-work-style-psychology.mdx,ko,magazine-work-style-psychology,Magazine,magazine,magazine,,,1
src/content/blog/ko/magazine-working-holiday-guide.mdx,ko,magazine-working-holiday-guide,Magazine,magazine,magazine,,,0
src/content/blog/ko/magazine-workplace-conflict-guide.mdx,ko,magazine-workplace-conflict-guide,Magazine,magazine,magazine,,,0
src/content/blog/ko/magazine-world-history-guide.mdx,ko,magazine-world-history-guide,Magazine,magazine,magazine,,,0
src/content/blog/ko/magazine-year-end-tax-guide.mdx,ko,magazine-year-end-tax-guide,Magazine,magazine,magazine,,,0
src/content/blog/ko/magazine-year-end-tax-settlement-guide.mdx,ko,magazine-year-end-tax-settlement-guide,Money & Finance,magazine,magazine,,,0
src/content/blog/ko/magazine-yoga-guide.mdx,ko,magazine-yoga-guide,Magazine,magazine,magazine,,,0
src/content/blog/ko/magazine-youth-government-support.mdx,ko,magazine-youth-government-support,Magazine,magazine,magazine,,,0
src/content/blog/ko/magazine-youth-housing-policy-guide.mdx,ko,magazine-youth-housing-policy-guide,Magazine,magazine,magazine,,,0
src/content/blog/ko/magazine-youth-savings-accounts.mdx,ko,magazine-youth-savings-accounts,Finance,magazine,magazine,,,0
src/content/blog/ko/magazine-youth-welfare-policy-guide.mdx,ko,magazine-youth-welfare-policy-guide,Magazine,magazine,magazine,,,0
src/content/blog/ko/magazine-zero-waste-guide.mdx,ko,magazine-zero-waste-guide,Magazine,magazine,magazine,,,0
src/content/blog/ko/maslow-hierarchy-self-transcendence.mdx,ko,maslow-hierarchy-self-transcendence,Mind & Psychology,magazine,magazine,,,0
src/content/blog/ko/maslows-hierarchy-human-needs.mdx,ko,maslows-hierarchy-human-needs,Mind & Psychology,magazine,magazine,,,0
src/content/blog/ko/mayan-calendar-thirteen-tones-creation.mdx,ko,mayan-calendar-thirteen-tones-creation,Mysticism,magazine,magazine,,,0
src/content/blog/ko/mayan-tzolkin.mdx,ko,mayan-tzolkin,Mysticism,magazine,magazine,,,0
src/content/blog/ko/mayan-wisdom-in-lakech-connection.mdx,ko,mayan-wisdom-in-lakech-connection,Mysticism,magazine,magazine,,,0
src/content/blog/ko/mbti-complete-deep-guide.mdx,ko,mbti-complete-deep-guide,Psychology,magazine,magazine,,,6
src/content/blog/ko/mbti-enfj.mdx,ko,mbti-enfj,Mind & Psychology,magazine,magazine,,,0
src/content/blog/ko/mbti-enfp.mdx,ko,mbti-enfp,Mind & Psychology,magazine,magazine,,,0
src/content/blog/ko/mbti-entj.mdx,ko,mbti-entj,Mind & Psychology,magazine,magazine,,,0
src/content/blog/ko/mbti-entp.mdx,ko,mbti-entp,Mind & Psychology,magazine,magazine,,,0
src/content/blog/ko/mbti-esfj.mdx,ko,mbti-esfj,Mind & Psychology,magazine,magazine,,,0
src/content/blog/ko/mbti-esfp.mdx,ko,mbti-esfp,Mind & Psychology,magazine,magazine,,,0
src/content/blog/ko/mbti-estj.mdx,ko,mbti-estj,Mind & Psychology,magazine,magazine,,,0
src/content/blog/ko/mbti-estp.mdx,ko,mbti-estp,Mind & Psychology,magazine,magazine,,,0
src/content/blog/ko/mbti-infj.mdx,ko,mbti-infj,Mind & Psychology,magazine,magazine,,,0
src/content/blog/ko/mbti-infp.mdx,ko,mbti-infp,Mind & Psychology,magazine,magazine,,,0
src/content/blog/ko/mbti-intj.mdx,ko,mbti-intj,Mind & Psychology,magazine,magazine,,,0
src/content/blog/ko/mbti-intp.mdx,ko,mbti-intp,Mind & Psychology,magazine,magazine,,,0
src/content/blog/ko/mbti-isfj.mdx,ko,mbti-isfj,Mind & Psychology,magazine,magazine,,,0
src/content/blog/ko/mbti-isfp.mdx,ko,mbti-isfp,Mind & Psychology,magazine,magazine,,,0
src/content/blog/ko/mbti-istj.mdx,ko,mbti-istj,Mind & Psychology,magazine,magazine,,,0
src/content/blog/ko/mbti-istp.mdx,ko,mbti-istp,Mind & Psychology,magazine,magazine,,,0
src/content/blog/ko/mbti-loops-grips-mental-rut.mdx,ko,mbti-loops-grips-mental-rut,Psychology,magazine,magazine,,,0
src/content/blog/ko/mbti-pair-dynamics-relationship-growth.mdx,ko,mbti-pair-dynamics-relationship-growth,Mind & Psychology,magazine,magazine,,,0
src/content/blog/ko/mbti-shadow-functions-stress-personality.mdx,ko,mbti-shadow-functions-stress-personality,Mind & Psychology,magazine,magazine,,,0
src/content/blog/ko/meaning-of-akashic-records.mdx,ko,meaning-of-akashic-records,Philosophy & Spirit,magazine,magazine,,,3
src/content/blog/ko/meaning-of-almanac.mdx,ko,meaning-of-almanac,Mysticism,magazine,magazine,,,3
src/content/blog/ko/meaning-of-archetypes.mdx,ko,meaning-of-archetypes,Mysticism,magazine,magazine,,,3
src/content/blog/ko/meaning-of-astrology.mdx,ko,meaning-of-astrology,Mysticism,magazine,magazine,,,3
src/content/blog/ko/meaning-of-attachment-theory.mdx,ko,meaning-of-attachment-theory,Mind & Psychology,magazine,magazine,,,3
src/content/blog/ko/meaning-of-big5.mdx,ko,meaning-of-big5,Mind & Psychology,magazine,magazine,,,3
src/content/blog/ko/meaning-of-biorhythms.mdx,ko,meaning-of-biorhythms,Mysticism,magazine,magazine,,,3
src/content/blog/ko/meaning-of-celtic-mythology.mdx,ko,meaning-of-celtic-mythology,Mythology,magazine,magazine,,,3
src/content/blog/ko/meaning-of-chronotypes.mdx,ko,meaning-of-chronotypes,Mind & Psychology,magazine,magazine,,,3
src/content/blog/ko/meaning-of-cognitive-biases.mdx,ko,meaning-of-cognitive-biases,Mind & Psychology,magazine,magazine,,,3
src/content/blog/ko/meaning-of-color-psychology.mdx,ko,meaning-of-color-psychology,Psychology,magazine,magazine,,,3
src/content/blog/ko/meaning-of-eastern-philosophy.mdx,ko,meaning-of-eastern-philosophy,Philosophy,magazine,magazine,,,3
src/content/blog/ko/meaning-of-egyptian-astrology.mdx,ko,meaning-of-egyptian-astrology,Mysticism,magazine,magazine,,,3
src/content/blog/ko/meaning-of-enneagram.mdx,ko,meaning-of-enneagram,Mysticism,magazine,magazine,,,3
src/content/blog/ko/meaning-of-forces-in-mythology.mdx,ko,meaning-of-forces-in-mythology,Mythology,magazine,magazine,,,0
src/content/blog/ko/meaning-of-gut-microbiome.mdx,ko,meaning-of-gut-microbiome,Mind & Psychology,magazine,magazine,,,3
src/content/blog/ko/meaning-of-hellenistic-astrology.mdx,ko,meaning-of-hellenistic-astrology,Mysticism,magazine,magazine,,,3
src/content/blog/ko/meaning-of-hexaco.mdx,ko,meaning-of-hexaco,Lifestyle & Growth,magazine,magazine,,,3
src/content/blog/ko/meaning-of-hormones.mdx,ko,meaning-of-hormones,Mind & Psychology,magazine,magazine,,,3
src/content/blog/ko/meaning-of-hsp.mdx,ko,meaning-of-hsp,Mind & Psychology,magazine,magazine,,,3
src/content/blog/ko/meaning-of-human-design.mdx,ko,meaning-of-human-design,Mysticism,magazine,magazine,,,3
src/content/blog/ko/meaning-of-hwarang.mdx,ko,meaning-of-hwarang,Myth & Culture,magazine,magazine,,,3
src/content/blog/ko/meaning-of-kabbalah.mdx,ko,meaning-of-kabbalah,Mysticism,magazine,magazine,,,3
src/content/blog/ko/meaning-of-learning-styles.mdx,ko,meaning-of-learning-styles,Lifestyle & Growth,magazine,magazine,,,3
src/content/blog/ko/meaning-of-life.mdx,ko,meaning-of-life,Philosophy & Spirit,magazine,magazine,,,0
src/content/blog/ko/meaning-of-mayan-mythology.mdx,ko,meaning-of-mayan-mythology,Mysticism,magazine,magazine,,,3
src/content/blog/ko/meaning-of-mbti.mdx,ko,meaning-of-mbti,Mind & Psychology,magazine,magazine,,,3
src/content/blog/ko/meaning-of-musok.mdx,ko,meaning-of-musok,Mysticism,magazine,magazine,,,3
src/content/blog/ko/meaning-of-nordic-runes.mdx,ko,meaning-of-nordic-runes,Mysticism,magazine,magazine,,,3
src/content/blog/ko/meaning-of-numerology.mdx,ko,meaning-of-numerology,Mysticism,magazine,magazine,,,3
src/content/blog/ko/meaning-of-palja.mdx,ko,meaning-of-palja,Mysticism,magazine,magazine,,,3
src/content/blog/ko/meaning-of-perfectionism.mdx,ko,meaning-of-perfectionism,Mind & Psychology,magazine,magazine,,,3
src/content/blog/ko/meaning-of-riasec.mdx,ko,meaning-of-riasec,Lifestyle & Growth,magazine,magazine,,,3
src/content/blog/ko/meaning-of-tci.mdx,ko,meaning-of-tci,Mind & Psychology,magazine,magazine,,,3
src/content/blog/ko/meaning-of-time.mdx,ko,meaning-of-time,Philosophy & Spirit,magazine,magazine,,,3
src/content/blog/ko/meaning-of-vedic-astrology.mdx,ko,meaning-of-vedic-astrology,Mysticism,magazine,magazine,,,3
src/content/blog/ko/meaning-of-yin-yang.mdx,ko,meaning-of-yin-yang,Philosophy & Spirit,magazine,magazine,,,3
src/content/blog/ko/meaning-of-zi-wei-dou-shu.mdx,ko,meaning-of-zi-wei-dou-shu,Mysticism,magazine,magazine,,,3
src/content/blog/ko/meaningful-consumption.mdx,ko,meaningful-consumption,Philosophy & Spirit,magazine,magazine,,,0
src/content/blog/ko/medical-astrology-planetary-body.mdx,ko,medical-astrology-planetary-body,Mysticism,magazine,magazine,,,0
src/content/blog/ko/medusa-female-rage.mdx,ko,medusa-female-rage,Myth & Culture,magazine,magazine,,,0
src/content/blog/ko/mental-addiction-hungry-ghosts.mdx,ko,mental-addiction-hungry-ghosts,Psychology,magazine,magazine,,,0
src/content/blog/ko/mental-anxiety-leap-faith.mdx,ko,mental-anxiety-leap-faith,Psychology,magazine,magazine,,,0
src/content/blog/ko/mental-depression-dark-night.mdx,ko,mental-depression-dark-night,Psychology,magazine,magazine,,,0
src/content/blog/ko/mental-health-quotes.mdx,ko,mental-health-quotes,Psychology,magazine,magazine,,,0
src/content/blog/ko/mental-health-survey.mdx,ko,mental-health-survey,Psychology,magazine,magazine,,,0
src/content/blog/ko/mental-illness-drug-alcohol.mdx,ko,mental-illness-drug-alcohol,Mind & Psychology,magazine,magazine,,,0
src/content/blog/ko/mental-illness-family-history.mdx,ko,mental-illness-family-history,Psychology,magazine,magazine,,,0
src/content/blog/ko/mercury-retrograde-survival-guide.mdx,ko,mercury-retrograde-survival-guide,Mysticism,magazine,magazine,,,0
src/content/blog/ko/mere-exposure-effect-psychology.mdx,ko,mere-exposure-effect-psychology,Psychology,magazine,magazine,,,0
src/content/blog/ko/metabolic-health-new-beginning.mdx,ko,metabolic-health-new-beginning,Mind & Psychology,magazine,magazine,,,0
src/content/blog/ko/metabolic-treatment-plan.mdx,ko,metabolic-treatment-plan,Mind & Psychology,magazine,magazine,,,0
src/content/blog/ko/metacognition-activities.mdx,ko,metacognition-activities,Lifestyle & Growth,magazine,magazine,,,0
src/content/blog/ko/metacognition-and-class.mdx,ko,metacognition-and-class,Lifestyle & Growth,magazine,magazine,,,0
src/content/blog/ko/metacognition-strategies.mdx,ko,metacognition-strategies,Lifestyle & Growth,magazine,magazine,,,0
src/content/blog/ko/metacognition-thinking.mdx,ko,metacognition-thinking,Mind & Psychology,magazine,magazine,,,0
src/content/blog/ko/metcalfes-law-creativity-networks.mdx,ko,metcalfes-law-creativity-networks,Strategy,magazine,magazine,,,0
src/content/blog/ko/microbiome-gut-brain-axis.mdx,ko,microbiome-gut-brain-axis,Lifestyle & Growth,magazine,magazine,,,0
src/content/blog/ko/millers-law-memory-limit.mdx,ko,millers-law-memory-limit,Mind & Psychology,magazine,magazine,,,0
src/content/blog/ko/mindfulness-neuroscience.mdx,ko,mindfulness-neuroscience,Science & Health,magazine,magazine,,,0
src/content/blog/ko/minimalism-mind-digital-detox.mdx,ko,minimalism-mind-digital-detox,Lifestyle & Growth,magazine,magazine,,,0
src/content/blog/ko/minor-arcana-4-elements-meaning.mdx,ko,minor-arcana-4-elements-meaning,Mysticism,magazine,magazine,,,0
src/content/blog/ko/mitochondria-life-energy-biohacking.mdx,ko,mitochondria-life-energy-biohacking,Mind & Psychology,magazine,magazine,,,0
src/content/blog/ko/monthly-travel-destinations.mdx,ko,monthly-travel-destinations,Lifestyle & Growth,magazine,magazine,,,0
src/content/blog/ko/moon-sign-secret-self.mdx,ko,moon-sign-secret-self,Mysticism,magazine,magazine,,,0
src/content/blog/ko/morning-pages-creative-recovery.mdx,ko,morning-pages-creative-recovery,Lifestyle & Growth,magazine,magazine,,,0
src/content/blog/ko/mythological-thinking-of-primitive-humans.mdx,ko,mythological-thinking-of-primitive-humans,Mind & Psychology,magazine,magazine,,,0
src/content/blog/ko/mythology-eros-psyche-love-soul.mdx,ko,mythology-eros-psyche-love-soul,Mythology,magazine,magazine,,,0
src/content/blog/ko/mythology-narcissus-echo-self-love.mdx,ko,mythology-narcissus-echo-self-love,Mythology,magazine,magazine,,,0
src/content/blog/ko/mythology-oedipus-rex-fate-dignity.mdx,ko,mythology-oedipus-rex-fate-dignity,Mythology,magazine,magazine,,,0
src/content/blog/ko/narcissus-echo-chamber.mdx,ko,narcissus-echo-chamber,Myth & Culture,magazine,magazine,,,0
src/content/blog/ko/narcissus-echo-myth-vanity.mdx,ko,narcissus-echo-myth-vanity,Mythology,magazine,magazine,,,0
src/content/blog/ko/navigating-depression-holistic-guide.mdx,ko,navigating-depression-holistic-guide,Mind & Psychology,magazine,magazine,,,0
src/content/blog/ko/negativity-bias-brain.mdx,ko,negativity-bias-brain,Mind & Psychology,magazine,magazine,,,0
src/content/blog/ko/neuro-alchemy-music.mdx,ko,neuro-alchemy-music,Lifestyle & Growth,magazine,magazine,,,0
src/content/blog/ko/neuroplasticity-habit-formation.mdx,ko,neuroplasticity-habit-formation,Lifestyle & Growth,magazine,magazine,,,0
src/content/blog/ko/neuroplasticity-habits.mdx,ko,neuroplasticity-habits,Lifestyle & Growth,magazine,magazine,,,0
src/content/blog/ko/neuroscience-default-mode-network-creativity.mdx,ko,neuroscience-default-mode-network-creativity,Mind & Psychology,magazine,magazine,,,0
src/content/blog/ko/neuroscience-neuroplasticity-brain-rewiring.mdx,ko,neuroscience-neuroplasticity-brain-rewiring,Mind & Psychology,magazine,magazine,,,0
src/content/blog/ko/neuroscience-of-habits-atomic-change.mdx,ko,neuroscience-of-habits-atomic-change,Lifestyle & Growth,magazine,magazine,,,0
src/content/blog/ko/neurotransmitters-and-drug-effects.mdx,ko,neurotransmitters-and-drug-effects,Mind & Psychology,magazine,magazine,,,0
src/content/blog/ko/new-beginning-metabolic-health.mdx,ko,new-beginning-metabolic-health,Mind & Psychology,magazine,magazine,,,0
src/content/blog/ko/new-horizons-of-treatment.mdx,ko,new-horizons-of-treatment,Mind & Psychology,magazine,magazine,,,0
src/content/blog/ko/nietzsche-ubermensch-will-to-power.mdx,ko,nietzsche-ubermensch-will-to-power,Philosophy,magazine,magazine,,,0
src/content/blog/ko/noble-courage-self-protection.mdx,ko,noble-courage-self-protection,Philosophy & Spirit,magazine,magazine,,,0
src/content/blog/ko/normalcy-bias-disaster.mdx,ko,normalcy-bias-disaster,Mind & Psychology,magazine,magazine,,,0
src/content/blog/ko/north-node-south-node-karma.mdx,ko,north-node-south-node-karma,Mysticism,magazine,magazine,,,0
src/content/blog/ko/not-everyone-important.mdx,ko,not-everyone-important,Philosophy & Spirit,magazine,magazine,,,0
src/content/blog/ko/nudge-theory-choice-architecture.mdx,ko,nudge-theory-choice-architecture,Mind & Psychology,magazine,magazine,,,0
src/content/blog/ko/numerology-foundations-vibration.mdx,ko,numerology-foundations-vibration,Mysticism,magazine,magazine,,,0
src/content/blog/ko/nutrition-and-mental-health.mdx,ko,nutrition-and-mental-health,Psychology,magazine,magazine,,,0
src/content/blog/ko/nutrition-supplement-guide.mdx,ko,nutrition-supplement-guide,Health,magazine,magazine,,,5
src/content/blog/ko/odin-thor-myth-existentialism.mdx,ko,odin-thor-myth-existentialism,Mythology,magazine,magazine,,,0
src/content/blog/ko/oedipus-fate-determinism.mdx,ko,oedipus-fate-determinism,Myth & Culture,magazine,magazine,,,0
src/content/blog/ko/oedipus-myth-repressed-desire.mdx,ko,oedipus-myth-repressed-desire,Mythology,magazine,magazine,,,0
src/content/blog/ko/okuninushi-myth-idealized-object.mdx,ko,okuninushi-myth-idealized-object,Mythology,magazine,magazine,,,0
src/content/blog/ko/only-i-can-hurt-myself.mdx,ko,only-i-can-hurt-myself,Philosophy & Spirit,magazine,magazine,,,0
src/content/blog/ko/ordinary-cloak.mdx,ko,ordinary-cloak,Lifestyle & Growth,magazine,magazine,,,0
src/content/blog/ko/osiris-egyptian-myth-rebirth.mdx,ko,osiris-egyptian-myth-rebirth,Mythology,magazine,magazine,,,0
src/content/blog/ko/osiris-isis-horus-myth-resurrection.mdx,ko,osiris-isis-horus-myth-resurrection,Mythology,magazine,magazine,,,0
src/content/blog/ko/overview-effect-perspective.mdx,ko,overview-effect-perspective,Mind & Psychology,magazine,magazine,,,0
src/content/blog/ko/painters-of-life.mdx,ko,painters-of-life,Mind & Psychology,magazine,magazine,,,0
src/content/blog/ko/pangu-myth-national-narcissism.mdx,ko,pangu-myth-national-narcissism,Mythology,magazine,magazine,,,0
src/content/blog/ko/panopticon-surveillance-society.mdx,ko,panopticon-surveillance-society,Myth & Culture,magazine,magazine,,,0
src/content/blog/ko/paradox-of-choice-freedom.mdx,ko,paradox-of-choice-freedom,Mind & Psychology,magazine,magazine,,,0
src/content/blog/ko/pareidolia-seeing-faces.mdx,ko,pareidolia-seeing-faces,Mind & Psychology,magazine,magazine,,,0
src/content/blog/ko/participle-phrases-clarity.mdx,ko,participle-phrases-clarity,Education & Language,magazine,magazine,,,0
src/content/blog/ko/peak-end-rule-memory-bias.mdx,ko,peak-end-rule-memory-bias,Mind & Psychology,magazine,magazine,,,0
src/content/blog/ko/perfectionism-psychology.mdx,ko,perfectionism-psychology,Magazine,magazine,magazine,,,1
src/content/blog/ko/perseus-myth-mother-individuation.mdx,ko,perseus-myth-mother-individuation,Mythology,magazine,magazine,,,0
src/content/blog/ko/personal-color-autumn-warm-deep-guide.mdx,ko,personal-color-autumn-warm-deep-guide,Beauty,magazine,magazine,,,0
src/content/blog/ko/personal-color-autumn-warm-mute-guide.mdx,ko,personal-color-autumn-warm-mute-guide,Beauty,magazine,magazine,,,0
src/content/blog/ko/personal-color-spring-warm-mute-guide.mdx,ko,personal-color-spring-warm-mute-guide,Beauty,magazine,magazine,,,0
src/content/blog/ko/personal-color-spring-warm-vivid-guide.mdx,ko,personal-color-spring-warm-vivid-guide,Beauty,magazine,magazine,,,0
src/content/blog/ko/personal-color-summer-cool-light-guide.mdx,ko,personal-color-summer-cool-light-guide,Beauty,magazine,magazine,,,0
src/content/blog/ko/personal-color-summer-cool-mute-guide.mdx,ko,personal-color-summer-cool-mute-guide,Beauty,magazine,magazine,,,0
src/content/blog/ko/personal-color-winter-cool-bright-guide.mdx,ko,personal-color-winter-cool-bright-guide,Beauty,magazine,magazine,,,0
src/content/blog/ko/personal-color-winter-cool-deep-guide.mdx,ko,personal-color-winter-cool-deep-guide,Beauty,magazine,magazine,,,0
src/content/blog/ko/peter-pan-syndrome-kidult.mdx,ko,peter-pan-syndrome-kidult,Mind & Psychology,magazine,magazine,,,0
src/content/blog/ko/philosophy-existentialism-freedom-responsibility.mdx,ko,philosophy-existentialism-freedom-responsibility,Philosophy,magazine,magazine,,,0
src/content/blog/ko/physics-of-synchronicity.mdx,ko,physics-of-synchronicity,Lifestyle & Growth,magazine,magazine,,,0
src/content/blog/ko/placebo-effect-belief.mdx,ko,placebo-effect-belief,Mind & Psychology,magazine,magazine,,,0
src/content/blog/ko/planetary-aspects-inner-dialogue.mdx,ko,planetary-aspects-inner-dialogue,Mysticism,magazine,magazine,,,0
src/content/blog/ko/plato-allegory-of-the-cave-reality.mdx,ko,plato-allegory-of-the-cave-reality,Philosophy & Spirit,magazine,magazine,,,0
src/content/blog/ko/power-of-purpose.mdx,ko,power-of-purpose,Mind & Psychology,magazine,magazine,,,0
src/content/blog/ko/power-of-vulnerability.mdx,ko,power-of-vulnerability,Mind & Psychology,magazine,magazine,,,0
src/content/blog/ko/power-of-words.mdx,ko,power-of-words,Philosophy & Spirit,magazine,magazine,,,0
src/content/blog/ko/power-to-choose-happiness.mdx,ko,power-to-choose-happiness,Philosophy & Spirit,magazine,magazine,,,0
src/content/blog/ko/primal-movement-somatic-healing-body.mdx,ko,primal-movement-somatic-healing-body,Lifestyle & Growth,magazine,magazine,,,0
src/content/blog/ko/primitive-spirituality-and-regicide-motif.mdx,ko,primitive-spirituality-and-regicide-motif,Mind & Psychology,magazine,magazine,,,0
src/content/blog/ko/printing-press-ai-revolution.mdx,ko,printing-press-ai-revolution,Myth & Culture,magazine,magazine,,,0
src/content/blog/ko/progression-direction-inner-clock.mdx,ko,progression-direction-inner-clock,Mysticism,magazine,magazine,,,0
src/content/blog/ko/protecting-oneself-noble-courage.mdx,ko,protecting-oneself-noble-courage,Philosophy & Spirit,magazine,magazine,,,0
src/content/blog/ko/psychoanalytic-perspectives-on-myth.mdx,ko,psychoanalytic-perspectives-on-myth,Mind & Psychology,magazine,magazine,,,0
src/content/blog/ko/psychology-of-flow.mdx,ko,psychology-of-flow,Mind & Psychology,magazine,magazine,,,0
src/content/blog/ko/psychology-of-money.mdx,ko,psychology-of-money,Mind & Psychology,magazine,magazine,,,0
src/content/blog/ko/psychology-of-synchronicity.mdx,ko,psychology-of-synchronicity,Psychology,magazine,magazine,,,0
src/content/blog/ko/psychology-test-guide.mdx,ko,psychology-test-guide,Psychology,magazine,magazine,,,0
src/content/blog/ko/ptg-awakening-safety-protection.mdx,ko,ptg-awakening-safety-protection,Mind & Psychology,magazine,magazine,,,0
src/content/blog/ko/ptg-awareness-total-acceptance.mdx,ko,ptg-awareness-total-acceptance,Mind & Psychology,magazine,magazine,,,0
src/content/blog/ko/ptg-being-integration.mdx,ko,ptg-being-integration,Mind & Psychology,magazine,magazine,,,0
src/content/blog/ko/ptg-daily-trauma.mdx,ko,ptg-daily-trauma,Mind & Psychology,magazine,magazine,,,0
src/content/blog/ko/ptg-formation-new-story.mdx,ko,ptg-formation-new-story,Mind & Psychology,magazine,magazine,,,0
src/content/blog/ko/ptg-staying-at-the-heights.mdx,ko,ptg-staying-at-the-heights,Mind & Psychology,magazine,magazine,,,0
src/content/blog/ko/ptg-system.mdx,ko,ptg-system,Mind & Psychology,magazine,magazine,,,0
src/content/blog/ko/ptg-transformation-wisdom-growth.mdx,ko,ptg-transformation-wisdom-growth,Mind & Psychology,magazine,magazine,,,0
src/content/blog/ko/purpose-and-mental-health.mdx,ko,purpose-and-mental-health,Psychology,magazine,magazine,,,0
src/content/blog/ko/purpose-driven-relationships.mdx,ko,purpose-driven-relationships,Philosophy & Spirit,magazine,magazine,,,0
src/content/blog/ko/pygmalion-effect-expectation.mdx,ko,pygmalion-effect-expectation,Mind & Psychology,magazine,magazine,,,0
src/content/blog/ko/pygmalion-effect-self-fulfilling-prophecy.mdx,ko,pygmalion-effect-self-fulfilling-prophecy,Mind & Psychology,magazine,magazine,,,0
src/content/blog/ko/quantifiers-all-some.mdx,ko,quantifiers-all-some,Logic & Philosophy,magazine,magazine,,,0
src/content/blog/ko/quantum-biology-hormones.mdx,ko,quantum-biology-hormones,Lifestyle & Growth,magazine,magazine,,,0
src/content/blog/ko/quantum-entanglement-einstein-bohr-debate.mdx,ko,quantum-entanglement-einstein-bohr-debate,Philosophy & Spirit,magazine,magazine,,,0
src/content/blog/ko/quantum-entanglement-synchronicity.mdx,ko,quantum-entanglement-synchronicity,Philosophy & Spirit,magazine,magazine,,,0
src/content/blog/ko/quantum-mechanics-observer.mdx,ko,quantum-mechanics-observer,Lifestyle & Growth,magazine,magazine,,,0
src/content/blog/ko/quantum-zeno-effect-observation-reality.mdx,ko,quantum-zeno-effect-observation-reality,Philosophy & Spirit,magazine,magazine,,,0
src/content/blog/ko/questioning-activities.mdx,ko,questioning-activities,Lifestyle & Growth,magazine,magazine,,,0
src/content/blog/ko/radical-acceptance-tara-brach.mdx,ko,radical-acceptance-tara-brach,Mind & Psychology,magazine,magazine,,,0
src/content/blog/ko/re-evaluating-treatments.mdx,ko,re-evaluating-treatments,Mind & Psychology,magazine,magazine,,,0
src/content/blog/ko/reactance-psychology-freedom.mdx,ko,reactance-psychology-freedom,Psychology,magazine,magazine,,,0
src/content/blog/ko/reciprocity-norm-social.mdx,ko,reciprocity-norm-social,Mind & Psychology,magazine,magazine,,,0
src/content/blog/ko/relationship-shadow-projection.mdx,ko,relationship-shadow-projection,Philosophy & Spirit,magazine,magazine,,,0
src/content/blog/ko/relationships-as-energy.mdx,ko,relationships-as-energy,Philosophy & Spirit,magazine,magazine,,,0
src/content/blog/ko/renaissance-humanism-center.mdx,ko,renaissance-humanism-center,Myth & Culture,magazine,magazine,,,0
src/content/blog/ko/resilience-science.mdx,ko,resilience-science,Magazine,magazine,magazine,,,1
src/content/blog/ko/riasec-career-complete-guide.mdx,ko,riasec-career-complete-guide,Psychology,magazine,magazine,,,6
src/content/blog/ko/ringelmann-effect-social-loafing.mdx,ko,ringelmann-effect-social-loafing,Mind & Psychology,magazine,magazine,,,0
src/content/blog/ko/role-of-mitochondria.mdx,ko,role-of-mitochondria,Mind & Psychology,magazine,magazine,,,0
src/content/blog/ko/saju-basics-what-is-four-pillars.mdx,ko,saju-basics-what-is-four-pillars,Mysticism,magazine,magazine,,,0
src/content/blog/ko/saju-career-calling.mdx,ko,saju-career-calling,Mysticism,magazine,magazine,,,0
src/content/blog/ko/saju-five-elements-harmony-energy.mdx,ko,saju-five-elements-harmony-energy,Mysticism,magazine,magazine,,,0
src/content/blog/ko/saju-ten-gods-archetypes-of-desire.mdx,ko,saju-ten-gods-archetypes-of-desire,Mysticism,magazine,magazine,,,0
src/content/blog/ko/saju-ten-gods-psychology.mdx,ko,saju-ten-gods-psychology,Psychology,magazine,magazine,,,0
src/content/blog/ko/samjae-three-disasters-myth.mdx,ko,samjae-three-disasters-myth,Mysticism,magazine,magazine,,,0
src/content/blog/ko/satisfaction-octagon.mdx,ko,satisfaction-octagon,Philosophy & Spirit,magazine,magazine,,,0
src/content/blog/ko/saturn-cycle-life-exams.mdx,ko,saturn-cycle-life-exams,Mysticism,magazine,magazine,,,0
src/content/blog/ko/saturn-return-cosmic-rite-of-passage.mdx,ko,saturn-return-cosmic-rite-of-passage,Mysticism,magazine,magazine,,,0
src/content/blog/ko/saturn-return-meaning.mdx,ko,saturn-return-meaning,Mysticism,magazine,magazine,,,0
src/content/blog/ko/savanna-principle-evolution.mdx,ko,savanna-principle-evolution,Mind & Psychology,magazine,magazine,,,0
src/content/blog/ko/science-ai-soul-singularity.mdx,ko,science-ai-soul-singularity,Lifestyle & Growth,magazine,magazine,,,0
src/content/blog/ko/science-future-aquarius.mdx,ko,science-future-aquarius,Lifestyle & Growth,magazine,magazine,,,0
src/content/blog/ko/science-holographic-universe.mdx,ko,science-holographic-universe,Lifestyle & Growth,magazine,magazine,,,0
src/content/blog/ko/science-quantum-observer.mdx,ko,science-quantum-observer,Lifestyle & Growth,magazine,magazine,,,0
src/content/blog/ko/science-spiral-dynamics-evolution.mdx,ko,science-spiral-dynamics-evolution,Lifestyle & Growth,magazine,magazine,,,0
src/content/blog/ko/science-synchronicity-jung-pauli.mdx,ko,science-synchronicity-jung-pauli,Lifestyle & Growth,magazine,magazine,,,0
src/content/blog/ko/sciences-biology-epigenetics-karma.mdx,ko,sciences-biology-epigenetics-karma,Lifestyle & Growth,magazine,magazine,,,0
src/content/blog/ko/sciences-biology-nde-afterlife.mdx,ko,sciences-biology-nde-afterlife,Lifestyle & Growth,magazine,magazine,,,0
src/content/blog/ko/sciences-biology-pineal-third-eye.mdx,ko,sciences-biology-pineal-third-eye,Lifestyle & Growth,magazine,magazine,,,0
src/content/blog/ko/self-esteem-recovery-guide.mdx,ko,self-esteem-recovery-guide,Psychology,magazine,magazine,,,4
src/content/blog/ko/self-serving-bias-success-failure.mdx,ko,self-serving-bias-success-failure,Mind & Psychology,magazine,magazine,,,0
src/content/blog/ko/semun-yearly-luck-strategy.mdx,ko,semun-yearly-luck-strategy,Mysticism,magazine,magazine,,,0
src/content/blog/ko/seven-chakras-energy-centers-alignment.mdx,ko,seven-chakras-energy-centers-alignment,Philosophy & Spirit,magazine,magazine,,,0
src/content/blog/ko/seven-deadly-sins-capitalism.mdx,ko,seven-deadly-sins-capitalism,Philosophy & Spirit,magazine,magazine,,,0
src/content/blog/ko/shadow-of-comparison.mdx,ko,shadow-of-comparison,Mind & Psychology,magazine,magazine,,,0
src/content/blog/ko/shadow-work-jungian-integration.mdx,ko,shadow-work-jungian-integration,Mind & Psychology,magazine,magazine,,,0
src/content/blog/ko/shadow-work-relationships-mirror.mdx,ko,shadow-work-relationships-mirror,Mind & Psychology,magazine,magazine,,,0
src/content/blog/ko/shun-myth-true-self-transformation.mdx,ko,shun-myth-true-self-transformation,Mythology,magazine,magazine,,,0
src/content/blog/ko/simulation-theory-matrix.mdx,ko,simulation-theory-matrix,Lifestyle & Growth,magazine,magazine,,,0
src/content/blog/ko/sinsal-modern-interpretation.mdx,ko,sinsal-modern-interpretation,Mysticism,magazine,magazine,,,0
src/content/blog/ko/sinsal-myth-or-statistics.mdx,ko,sinsal-myth-or-statistics,Mythology,magazine,magazine,,,0
src/content/blog/ko/sisyphus-burnout.mdx,ko,sisyphus-burnout,Myth & Culture,magazine,magazine,,,0
src/content/blog/ko/sleep-architecture-deep-rest.mdx,ko,sleep-architecture-deep-rest,Lifestyle & Growth,magazine,magazine,,,0
src/content/blog/ko/sleep-circadian-rhythm-energy.mdx,ko,sleep-circadian-rhythm-energy,Mind & Psychology,magazine,magazine,,,0
src/content/blog/ko/social-contract-rousseau-freedom.mdx,ko,social-contract-rousseau-freedom,Myth & Culture,magazine,magazine,,,0
src/content/blog/ko/social-prescribing-loneliness.mdx,ko,social-prescribing-loneliness,Psychology & Society,magazine,magazine,,,0
src/content/blog/ko/social-proof-consensus.mdx,ko,social-proof-consensus,Mind & Psychology,magazine,magazine,,,0
src/content/blog/ko/social-proof-influence.mdx,ko,social-proof-influence,Mind & Psychology,magazine,magazine,,,0
src/content/blog/ko/son-eomneun-nal-handless-day.mdx,ko,son-eomneun-nal-handless-day,Myth & Culture,magazine,magazine,,,0
src/content/blog/ko/spotlight-effect-social-anxiety.mdx,ko,spotlight-effect-social-anxiety,Mind & Psychology,magazine,magazine,,,0
src/content/blog/ko/steering-wheel-of-life.mdx,ko,steering-wheel-of-life,Philosophy & Spirit,magazine,magazine,,,0
src/content/blog/ko/stoic-philosophy-anger.mdx,ko,stoic-philosophy-anger,Philosophy & Spirit,magazine,magazine,,,0
src/content/blog/ko/stoic-resilience.mdx,ko,stoic-resilience,Philosophy,magazine,magazine,,,0
src/content/blog/ko/stoicism-digital-age.mdx,ko,stoicism-digital-age,Philosophy,magazine,magazine,,,0
src/content/blog/ko/stoicism-memento-mori-life-wisdom.mdx,ko,stoicism-memento-mori-life-wisdom,Philosophy,magazine,magazine,,,0
src/content/blog/ko/stoicism-stress-system.mdx,ko,stoicism-stress-system,Philosophy,magazine,magazine,,,0
src/content/blog/ko/streetlight-effect-search-bias.mdx,ko,streetlight-effect-search-bias,Mind & Psychology,magazine,magazine,,,0
src/content/blog/ko/stress-type-management-guide.mdx,ko,stress-type-management-guide,Psychology,magazine,magazine,,,6
src/content/blog/ko/string-theory-multiverse-cosmology.mdx,ko,string-theory-multiverse-cosmology,Philosophy & Spirit,magazine,magazine,,,0
src/content/blog/ko/stroop-effect-cognitive-interference.mdx,ko,stroop-effect-cognitive-interference,Mind & Psychology,magazine,magazine,,,0
src/content/blog/ko/sufism-rumi-love.mdx,ko,sufism-rumi-love,Philosophy & Spirit,magazine,magazine,,,0
src/content/blog/ko/sunk-cost-fallacy-investment.mdx,ko,sunk-cost-fallacy-investment,Mind & Psychology,magazine,magazine,,,0
src/content/blog/ko/survivorship-bias-failure.mdx,ko,survivorship-bias-failure,Mind & Psychology,magazine,magazine,,,0
src/content/blog/ko/susanoo-myth-destructive-sublimation.mdx,ko,susanoo-myth-destructive-sublimation,Mythology,magazine,magazine,,,0
src/content/blog/ko/svg-vector-future-drawing.mdx,ko,svg-vector-future-drawing,Design,magazine,magazine,,,0
src/content/blog/ko/symbolic-logic-operators.mdx,ko,symbolic-logic-operators,Logic & Philosophy,magazine,magazine,,,0
src/content/blog/ko/sympathetic-parasympathetic-nervous-system.mdx,ko,sympathetic-parasympathetic-nervous-system,Health,magazine,magazine,,,7
src/content/blog/ko/synastry-soul-contracts.mdx,ko,synastry-soul-contracts,Philosophy & Spirit,magazine,magazine,,,0
src/content/blog/ko/synchronicity-universe-speaks.mdx,ko,synchronicity-universe-speaks,Mind & Psychology,magazine,magazine,,,0
src/content/blog/ko/taoism-wu-wei-flow.mdx,ko,taoism-wu-wei-flow,Philosophy & Spirit,magazine,magazine,,,0
src/content/blog/ko/taoism-wu-wei-non-action-flow.mdx,ko,taoism-wu-wei-non-action-flow,Philosophy & Spirit,magazine,magazine,,,0
src/content/blog/ko/tarot-fools-journey-archetype.mdx,ko,tarot-fools-journey-archetype,Mysticism,magazine,magazine,,,0
src/content/blog/ko/tarot-fools-journey-cycles-life.mdx,ko,tarot-fools-journey-cycles-life,Mysticism,magazine,magazine,,,0
src/content/blog/ko/tarot-fools-journey-hero-path.mdx,ko,tarot-fools-journey-hero-path,Mysticism,magazine,magazine,,,0
src/content/blog/ko/tarot-fools-journey-individuation.mdx,ko,tarot-fools-journey-individuation,Mysticism,magazine,magazine,,,0
src/content/blog/ko/tarot-heros-journey-campbell.mdx,ko,tarot-heros-journey-campbell,Mysticism,magazine,magazine,,,0
src/content/blog/ko/tarot-kabbalah-tree-of-life.mdx,ko,tarot-kabbalah-tree-of-life,Mysticism,magazine,magazine,,,0
src/content/blog/ko/tarot-numerology-secret-code.mdx,ko,tarot-numerology-secret-code,Mysticism,magazine,magazine,,,0
src/content/blog/ko/tarot-reading-self-mindfulness.mdx,ko,tarot-reading-self-mindfulness,Mysticism,magazine,magazine,,,0
src/content/blog/ko/tarot-structure-major-minor-arcana.mdx,ko,tarot-structure-major-minor-arcana,Mysticism,magazine,magazine,,,0
src/content/blog/ko/techno-animism-robots.mdx,ko,techno-animism-robots,Myth & Culture,magazine,magazine,,,0
src/content/blog/ko/testing-activities.mdx,ko,testing-activities,Lifestyle & Growth,magazine,magazine,,,0
src/content/blog/ko/the-logic-of-saju-structural-analysis.mdx,ko,the-logic-of-saju-structural-analysis,Mysticism,magazine,magazine,,,0
src/content/blog/ko/theseus-myth-labyrinth-catastrophe.mdx,ko,theseus-myth-labyrinth-catastrophe,Mythology,magazine,magazine,,,0
src/content/blog/ko/time-zone-productivity-guide.mdx,ko,time-zone-productivity-guide,Lifestyle,magazine,magazine,,,4
src/content/blog/ko/tipping-culture-world-guide.mdx,ko,tipping-culture-world-guide,Lifestyle,magazine,magazine,,,4
src/content/blog/ko/together-flower.mdx,ko,together-flower,Lifestyle & Growth,magazine,magazine,,,0
src/content/blog/ko/tojeong-bigyeol-korean-almanac.mdx,ko,tojeong-bigyeol-korean-almanac,Mysticism,magazine,magazine,,,0
src/content/blog/ko/trickster-chaos-creativity.mdx,ko,trickster-chaos-creativity,Myth & Culture,magazine,magazine,,,0
src/content/blog/ko/trust-and-betrayal.mdx,ko,trust-and-betrayal,Philosophy & Spirit,magazine,magazine,,,0
src/content/blog/ko/truth-about-mbti-compatibility.mdx,ko,truth-about-mbti-compatibility,Mind & Psychology,magazine,magazine,,,0
src/content/blog/ko/trying-to-change-others.mdx,ko,trying-to-change-others,Philosophy & Spirit,magazine,magazine,,,0
src/content/blog/ko/types-of-unconscious-creating-myth.mdx,ko,types-of-unconscious-creating-myth,Mind & Psychology,magazine,magazine,,,0
src/content/blog/ko/unwritten-page.mdx,ko,unwritten-page,Philosophy & Spirit,magazine,magazine,,,0
src/content/blog/ko/useless-glory.mdx,ko,useless-glory,Lifestyle & Growth,magazine,magazine,,,0
src/content/blog/ko/utilitarianism-trolley-problem.mdx,ko,utilitarianism-trolley-problem,Myth & Culture,magazine,magazine,,,0
src/content/blog/ko/vagus-nerve-resilience.mdx,ko,vagus-nerve-resilience,Lifestyle & Growth,magazine,magazine,,,0
src/content/blog/ko/veblen-goods-status.mdx,ko,veblen-goods-status,Mind & Psychology,magazine,magazine,,,0
src/content/blog/ko/vedic-vs-western-astrology.mdx,ko,vedic-vs-western-astrology,Mysticism,magazine,magazine,,,0
src/content/blog/ko/vedic-wisdom-three-gunas-minds.mdx,ko,vedic-wisdom-three-gunas-minds,Mysticism,magazine,magazine,,,0
src/content/blog/ko/viktor-frankl-purpose.mdx,ko,viktor-frankl-purpose,Mind & Psychology,magazine,magazine,,,0
src/content/blog/ko/visualizing-goals.mdx,ko,visualizing-goals,Mind & Psychology,magazine,magazine,,,0
src/content/blog/ko/wabi-sabi-philosophy-imperfection.mdx,ko,wabi-sabi-philosophy-imperfection,Philosophy,magazine,magazine,,,0
src/content/blog/ko/western-astrology-vs-saju-comparison.mdx,ko,western-astrology-vs-saju-comparison,Mysticism,magazine,magazine,,,0
src/content/blog/ko/what-is-post-traumatic-growth.mdx,ko,what-is-post-traumatic-growth,Mind & Psychology,magazine,magazine,,,0
src/content/blog/ko/words-change-destiny.mdx,ko,words-change-destiny,Philosophy & Spirit,magazine,magazine,,,0
src/content/blog/ko/writing-from-memory-activities.mdx,ko,writing-from-memory-activities,Lifestyle & Growth,magazine,magazine,,,0
src/content/blog/ko/yongsin-heesin-philosophy.mdx,ko,yongsin-heesin-philosophy,Philosophy,magazine,magazine,,,0
src/content/blog/ko/zeigarnik-effect-memory.mdx,ko,zeigarnik-effect-memory,Mind & Psychology,magazine,magazine,,,0
src/content/blog/ko/zero-calorie-drinks-myth.mdx,ko,zero-calorie-drinks-myth,Lifestyle & Growth,magazine,magazine,,,0
src/content/blog/ko/zodiac-aquarius-complete-guide.mdx,ko,zodiac-aquarius-complete-guide,Mysticism,magazine,magazine,,,0
src/content/blog/ko/zodiac-aries-complete-guide.mdx,ko,zodiac-aries-complete-guide,Mysticism,magazine,magazine,,,0
src/content/blog/ko/zodiac-cancer-complete-guide.mdx,ko,zodiac-cancer-complete-guide,Mysticism,magazine,magazine,,,0
src/content/blog/ko/zodiac-capricorn-complete-guide.mdx,ko,zodiac-capricorn-complete-guide,Mysticism,magazine,magazine,,,0
src/content/blog/ko/zodiac-gemini-complete-guide.mdx,ko,zodiac-gemini-complete-guide,Mysticism,magazine,magazine,,,0
src/content/blog/ko/zodiac-leo-complete-guide.mdx,ko,zodiac-leo-complete-guide,Mysticism,magazine,magazine,,,0
src/content/blog/ko/zodiac-libra-complete-guide.mdx,ko,zodiac-libra-complete-guide,Mysticism,magazine,magazine,,,0
src/content/blog/ko/zodiac-pisces-complete-guide.mdx,ko,zodiac-pisces-complete-guide,Mysticism,magazine,magazine,,,0
src/content/blog/ko/zodiac-sagittarius-complete-guide.mdx,ko,zodiac-sagittarius-complete-guide,Mysticism,magazine,magazine,,,0
src/content/blog/ko/zodiac-scorpio-complete-guide.mdx,ko,zodiac-scorpio-complete-guide,Mysticism,magazine,magazine,,,0
src/content/blog/ko/zodiac-taurus-complete-guide.mdx,ko,zodiac-taurus-complete-guide,Mysticism,magazine,magazine,,,0
src/content/blog/ko/zodiac-virgo-complete-guide.mdx,ko,zodiac-virgo-complete-guide,Mysticism,magazine,magazine,,,0
src/content/blog/zh/astrology-karmic-saturn-pluto.mdx,zh,astrology-karmic-saturn-pluto,Mysticism,,magazine,,,0
src/content/blog/zh/china-income-tax-guide.mdx,zh,china-income-tax-guide,Finance,magazine,magazine,,,5
src/content/blog/zh/china-social-insurance-guide.mdx,zh,china-social-insurance-guide,Finance,magazine,magazine,,,5
src/content/blog/zh/china-wuxianyijin-guide.mdx,zh,china-wuxianyijin-guide,Finance,magazine,magazine,,,4
src/content/blog/zh/cosmic-dance-orbits-time.mdx,zh,cosmic-dance-orbits-time,Lifestyle & Growth,,magazine,,,0
src/content/blog/zh/magazine-checklist-car-rental.mdx,zh,magazine-checklist-car-rental,Insights,,magazine,,,2
src/content/blog/zh/magazine-checklist-digital-used-trade.mdx,zh,magazine-checklist-digital-used-trade,Insights,,magazine,,,2
src/content/blog/zh/magazine-checklist-medical.mdx,zh,magazine-checklist-medical,Insights,,magazine,,,1
src/content/blog/zh/magazine-checklist-overseas-travel.mdx,zh,magazine-checklist-overseas-travel,Insights,,magazine,,,1
src/content/blog/zh/magazine-checklist-pet.mdx,zh,magazine-checklist-pet,Insights,,magazine,,,2
src/content/blog/zh/magazine-checklist-real-estate-moving.mdx,zh,magazine-checklist-real-estate-moving,Insights,,magazine,,,2
src/content/blog/zh/medical-astrology-planetary-body.mdx,zh,medical-astrology-planetary-body,Mysticism,,magazine,,,0
src/content/blog/zh/saju-basics-what-is-four-pillars.mdx,zh,saju-basics-what-is-four-pillars,Mysticism,,magazine,,,0
src/content/blog/zh/saju-career-calling.mdx,zh,saju-career-calling,Mysticism,,magazine,,,0
src/content/blog/zh/saturn-return-cosmic-rite-of-passage.mdx,zh,saturn-return-cosmic-rite-of-passage,Mysticism,,magazine,,,0
src/content/blog/zh/science-quantum-observer.mdx,zh,science-quantum-observer,Lifestyle & Growth,,magazine,,,0
src/content/blog/zh/sinsal-modern-interpretation.mdx,zh,sinsal-modern-interpretation,Mysticism,,magazine,,,0
src/content/blog/zh/son-eomneun-nal-handless-day.mdx,zh,son-eomneun-nal-handless-day,Myth & Culture,,magazine,,,0
src/content/blog/zh/the-logic-of-saju-structural-analysis.mdx,zh,the-logic-of-saju-structural-analysis,Mysticism,,magazine,,,0
src/content/blog/zh/western-astrology-vs-saju-comparison.mdx,zh,western-astrology-vs-saju-comparison,Mysticism,,magazine,,,0
